2026-08-13 09:28:13,378 [INFO] Initializing SSR 2.0 Highly Granular Pipeline...
2026-08-13 09:28:13,384 [INFO] [ONTOLOGY] Bootstrapping semantic taxonomy from master configuration.
2026-08-13 09:28:17,892 [INFO] [ONTOLOGY] Initialization complete. Loaded 12 concepts and 7 statuses.
2026-08-13 09:28:33,223 [INFO] Locked Immutable Configuration Manifest: CFG-C1D37AD0D54D
2026-08-13 09:28:33,224 [INFO] [AI ROUTER] Initialized with 0 total keys across providers.
2026-08-13 09:28:33,224 [INFO] [INGESTION] Booting concurrent multi-channel ingestion for 27 active sources...
2026-08-13 09:28:33,225 [INFO] [INGESTION] Using dedicated scraper for 'LSE.co.uk'
2026-08-13 09:28:33,226 [INFO] [INGESTION] Using dedicated scraper for 'Reuters'
2026-08-13 09:28:33,227 [INFO] [INGESTION] Using dedicated scraper for 'Business Wire'
2026-08-13 09:28:33,230 [INFO] [INGESTION] Using dedicated scraper for 'GlobeNewswire'
2026-08-13 09:28:33,231 [INFO] [INGESTION] Using dedicated scraper for 'SEC Edgar'
2026-08-13 09:28:33,234 [INFO] [INGESTION] Using dedicated scraper for 'SEC EDGAR - Schedule 13D (Activism)'
2026-08-13 09:28:33,235 [INFO] [INGESTION] Using dedicated scraper for 'SEC EDGAR - Form 10 (Spin-Offs)'
2026-08-13 09:28:33,237 [INFO] [INGESTION] Using dedicated scraper for 'SEC EDGAR - Tender Offers (SC TO)'
2026-08-13 09:28:33,238 [INFO] [INGESTION] Using dedicated scraper for 'SEC EDGAR - Board Rec (14D-9)'
2026-08-13 09:28:33,239 [INFO] [INGESTION] Using dedicated scraper for 'SEC EDGAR - Merger Proxy (PREM14A)'
2026-08-13 09:28:33,507 [INFO] [INGESTION] Using dedicated scraper for 'SEC EDGAR - Definitive Proxy (DEFM14A)'
2026-08-13 09:28:33,597 [INFO] [INGESTION] Using dedicated scraper for 'SEC EDGAR - S-4 (Stock Mergers)'
2026-08-13 09:28:33,605 [INFO] [INGESTION] Using dedicated scraper for 'SEC Edgar 8-K Items'
2026-08-13 09:28:34,462 [INFO] [INGESTION] Using dedicated scraper for 'PR Newswire'
2026-08-13 09:28:40,431 [INFO] [INGESTION] Using dedicated scraper for 'London Stock Exchange'
2026-08-13 09:28:44,652 [WARNING] [INGESTION] SOURCE DEGRADED: Business Wire blocked by 403. Checkpoint frozen. Potential recall loss: YES.
2026-08-13 09:28:46,111 [INFO] [INGESTION] Using dedicated scraper for 'EQS News (Germany)'
2026-08-13 09:28:46,865 [INFO] [INGESTION] Using dedicated scraper for 'eMarket SDIR (Italy)'
2026-08-13 09:28:46,888 [INFO] [INGESTION] Using dedicated scraper for 'AMF (France)'
2026-08-13 09:28:47,378 [INFO] [INGESTION] Using dedicated scraper for 'CNMV (Spain)'
2026-08-13 09:28:47,583 [INFO] [INGESTION] Using dedicated scraper for 'Finansinspektionen (Sweden)'
2026-08-13 09:28:47,619 [INFO] [INGESTION] Using dedicated scraper for 'NewsWeb (Norway)'
2026-08-13 09:28:48,153 [INFO] [INGESTION] Using dedicated scraper for 'AFM (Netherlands)'
2026-08-13 09:28:48,153 [INFO] [INGESTION] Using dedicated scraper for 'SIX Exchange (Switzerland)'
2026-08-13 09:28:48,153 [INFO] [INGESTION] Using dedicated scraper for 'TSX News'
2026-08-13 09:28:48,176 [INFO] [INGESTION] Using dedicated scraper for 'ASX'
2026-08-13 09:28:48,318 [INFO] [INGESTION] Using dedicated scraper for 'SEDAR+'
2026-08-13 09:28:48,945 [INFO] [INGESTION] Using dedicated scraper for 'HKEX'
2026-08-13 09:29:40,684 [WARNING] [INGESTION] PR Newswire hit limit without finding checkpoint.
2026-08-13 09:43:45,036 [INFO] [INGESTION] Download sequence complete. Downloaded 2871 raw articles across all channels.
2026-08-13 09:43:45,161 [INFO] [SCREENED] 'Untitled' -> DROPPED @ dedupe_hash (duplicate_hash)
2026-08-13 09:43:45,204 [INFO] [SCREENED] 'Untitled' -> DROPPED @ dedupe_hash (duplicate_hash)
2026-08-13 09:43:45,217 [INFO] [SCREENED] 'Untitled' -> DROPPED @ dedupe_hash (duplicate_hash)
2026-08-13 09:43:45,225 [INFO] [SCREENED] 'Untitled' -> DROPPED @ dedupe_hash (duplicate_hash)
2026-08-13 09:43:45,235 [INFO] [SCREENED] 'Untitled' -> DROPPED @ dedupe_hash (duplicate_hash)
2026-08-13 09:43:45,242 [INFO] [SCREENED] 'Untitled' -> DROPPED @ dedupe_hash (duplicate_hash)
2026-08-13 09:43:45,249 [INFO] [SCREENED] 'Untitled' -> DROPPED @ dedupe_hash (duplicate_hash)
2026-08-13 09:43:45,255 [INFO] [SCREENED] 'Untitled' -> DROPPED @ dedupe_hash (duplicate_hash)
2026-08-13 09:43:45,262 [INFO] [SCREENED] 'Untitled' -> DROPPED @ dedupe_hash (duplicate_hash)
2026-08-13 09:43:45,269 [INFO] [SCREENED] 'Untitled' -> DROPPED @ dedupe_hash (duplicate_hash)
2026-08-13 09:43:45,278 [INFO] [SCREENED] 'Untitled' -> DROPPED @ dedupe_hash (duplicate_hash)
2026-08-13 09:43:45,285 [INFO] [SCREENED] 'Untitled' -> DROPPED @ dedupe_hash (duplicate_hash)
2026-08-13 09:43:45,294 [INFO] [SCREENED] 'Untitled' -> DROPPED @ dedupe_hash (duplicate_hash)
2026-08-13 09:43:45,309 [INFO] [SCREENED] 'Untitled' -> DROPPED @ dedupe_hash (duplicate_hash)
2026-08-13 09:43:45,321 [INFO] [SCREENED] 'Untitled' -> DROPPED @ dedupe_hash (duplicate_hash)
2026-08-13 09:43:45,335 [INFO] [SCREENED] 'Untitled' -> DROPPED @ dedupe_hash (duplicate_hash)
2026-08-13 09:43:45,343 [INFO] [SCREENED] 'Untitled' -> DROPPED @ dedupe_hash (duplicate_hash)
2026-08-13 09:43:45,354 [INFO] [SCREENED] 'Untitled' -> DROPPED @ dedupe_hash (duplicate_hash)
2026-08-13 09:43:45,363 [INFO] [SCREENED] 'Untitled' -> DROPPED @ dedupe_hash (duplicate_hash)
2026-08-13 09:43:45,370 [INFO] [SCREENED] 'Untitled' -> DROPPED @ dedupe_hash (duplicate_hash)
2026-08-13 09:43:45,378 [INFO] [SCREENED] 'Untitled' -> DROPPED @ dedupe_hash (duplicate_hash)
2026-08-13 09:43:45,384 [INFO] [SCREENED] 'Untitled' -> DROPPED @ dedupe_hash (duplicate_hash)
2026-08-13 09:43:45,390 [INFO] [SCREENED] 'Untitled' -> DROPPED @ dedupe_hash (duplicate_hash)
2026-08-13 09:43:45,395 [INFO] [SCREENED] 'Untitled' -> DROPPED @ dedupe_hash (duplicate_hash)
2026-08-13 09:43:45,402 [INFO] [SCREENED] 'Untitled' -> DROPPED @ dedupe_hash (duplicate_hash)
2026-08-13 09:43:45,407 [INFO] [SCREENED] 'Untitled' -> DROPPED @ dedupe_hash (duplicate_hash)
2026-08-13 09:43:45,414 [INFO] [SCREENED] 'Untitled' -> DROPPED @ dedupe_hash (duplicate_hash)
2026-08-13 09:43:45,420 [INFO] [SCREENED] 'Untitled' -> DROPPED @ dedupe_hash (duplicate_hash)
2026-08-13 09:43:45,429 [INFO] [SCREENED] 'Untitled' -> DROPPED @ dedupe_hash (duplicate_hash)
2026-08-13 09:43:45,441 [INFO] [SCREENED] 'Untitled' -> DROPPED @ dedupe_hash (duplicate_hash)
2026-08-13 09:43:45,454 [INFO] [SCREENED] 'Untitled' -> DROPPED @ dedupe_hash (duplicate_hash)
2026-08-13 09:43:45,468 [INFO] [SCREENED] 'Untitled' -> DROPPED @ dedupe_hash (duplicate_hash)
2026-08-13 09:43:45,483 [INFO] [SCREENED] 'Untitled' -> DROPPED @ dedupe_hash (duplicate_hash)
2026-08-13 09:43:45,493 [INFO] [SCREENED] 'Untitled' -> DROPPED @ dedupe_hash (duplicate_hash)
2026-08-13 09:43:45,502 [INFO] [SCREENED] 'Untitled' -> DROPPED @ dedupe_hash (duplicate_hash)
2026-08-13 09:43:45,513 [INFO] [SCREENED] 'Untitled' -> DROPPED @ dedupe_hash (duplicate_hash)
2026-08-13 09:43:45,524 [INFO] [SCREENED] 'Untitled' -> DROPPED @ dedupe_hash (duplicate_hash)
2026-08-13 09:43:45,534 [INFO] [SCREENED] 'Untitled' -> DROPPED @ dedupe_hash (duplicate_hash)
2026-08-13 09:43:45,543 [INFO] [SCREENED] 'Untitled' -> DROPPED @ dedupe_hash (duplicate_hash)
2026-08-13 09:43:45,561 [INFO] [SCREENED] 'Untitled' -> DROPPED @ dedupe_hash (duplicate_hash)
2026-08-13 09:43:45,576 [INFO] [SCREENED] 'Untitled' -> DROPPED @ dedupe_hash (duplicate_hash)
2026-08-13 09:43:45,590 [INFO] [SCREENED] 'Untitled' -> DROPPED @ dedupe_hash (duplicate_hash)
2026-08-13 09:43:45,602 [INFO] [SCREENED] 'Untitled' -> DROPPED @ dedupe_hash (duplicate_hash)
2026-08-13 09:43:45,621 [INFO] [SCREENED] 'Untitled' -> DROPPED @ dedupe_hash (duplicate_hash)
2026-08-13 09:43:45,635 [INFO] [SCREENED] 'Untitled' -> DROPPED @ dedupe_hash (duplicate_hash)
2026-08-13 09:43:45,651 [INFO] [SCREENED] 'Untitled' -> DROPPED @ dedupe_hash (duplicate_hash)
2026-08-13 09:43:45,664 [INFO] [SCREENED] 'Untitled' -> DROPPED @ dedupe_hash (duplicate_hash)
2026-08-13 09:43:45,678 [INFO] [SCREENED] 'Untitled' -> DROPPED @ dedupe_hash (duplicate_hash)
2026-08-13 09:43:45,687 [INFO] [SCREENED] 'Untitled' -> DROPPED @ dedupe_hash (duplicate_hash)
2026-08-13 09:43:45,694 [INFO] [SCREENED] 'Untitled' -> DROPPED @ dedupe_hash (duplicate_hash)
2026-08-13 09:43:45,702 [INFO] [SCREENED] 'Untitled' -> DROPPED @ dedupe_hash (duplicate_hash)
2026-08-13 09:43:45,712 [INFO] [SCREENED] 'Untitled' -> DROPPED @ dedupe_hash (duplicate_hash)
2026-08-13 09:43:45,722 [INFO] [SCREENED] 'Untitled' -> DROPPED @ dedupe_hash (duplicate_hash)
2026-08-13 09:43:45,734 [INFO] [SCREENED] 'Untitled' -> DROPPED @ dedupe_hash (duplicate_hash)
2026-08-13 09:43:45,748 [INFO] [SCREENED] 'Untitled' -> DROPPED @ dedupe_hash (duplicate_hash)
2026-08-13 09:43:45,760 [INFO] [SCREENED] 'Untitled' -> DROPPED @ dedupe_hash (duplicate_hash)
2026-08-13 09:43:45,770 [INFO] [SCREENED] 'Untitled' -> DROPPED @ dedupe_hash (duplicate_hash)
2026-08-13 09:43:45,780 [INFO] [SCREENED] 'Untitled' -> DROPPED @ dedupe_hash (duplicate_hash)
2026-08-13 09:43:45,790 [INFO] [SCREENED] 'Untitled' -> DROPPED @ dedupe_hash (duplicate_hash)
2026-08-13 09:43:45,801 [INFO] [SCREENED] 'Untitled' -> DROPPED @ dedupe_hash (duplicate_hash)
2026-08-13 09:43:45,811 [INFO] [SCREENED] 'Untitled' -> DROPPED @ dedupe_hash (duplicate_hash)
2026-08-13 09:43:45,820 [INFO] [SCREENED] 'Untitled' -> DROPPED @ dedupe_hash (duplicate_hash)
2026-08-13 09:43:45,828 [INFO] [SCREENED] 'Untitled' -> DROPPED @ dedupe_hash (duplicate_hash)
2026-08-13 09:43:45,837 [INFO] [SCREENED] 'Untitled' -> DROPPED @ dedupe_hash (duplicate_hash)
2026-08-13 09:43:45,845 [INFO] [SCREENED] 'Untitled' -> DROPPED @ dedupe_hash (duplicate_hash)
2026-08-13 09:43:45,854 [INFO] [SCREENED] 'Untitled' -> DROPPED @ dedupe_hash (duplicate_hash)
2026-08-13 09:43:45,861 [INFO] [SCREENED] 'Untitled' -> DROPPED @ dedupe_hash (duplicate_hash)
2026-08-13 09:43:45,868 [INFO] [SCREENED] 'Untitled' -> DROPPED @ dedupe_hash (duplicate_hash)
2026-08-13 09:43:45,877 [INFO] [SCREENED] 'Untitled' -> DROPPED @ dedupe_hash (duplicate_hash)
2026-08-13 09:43:45,887 [INFO] [SCREENED] 'Untitled' -> DROPPED @ dedupe_hash (duplicate_hash)
2026-08-13 09:43:45,896 [INFO] [SCREENED] 'Untitled' -> DROPPED @ dedupe_hash (duplicate_hash)
2026-08-13 09:43:45,904 [INFO] [SCREENED] 'Untitled' -> DROPPED @ dedupe_hash (duplicate_hash)
2026-08-13 09:43:45,913 [INFO] [SCREENED] 'Untitled' -> DROPPED @ dedupe_hash (duplicate_hash)
2026-08-13 09:43:45,922 [INFO] [SCREENED] 'Untitled' -> DROPPED @ dedupe_hash (duplicate_hash)
2026-08-13 09:43:45,932 [INFO] [SCREENED] 'Untitled' -> DROPPED @ dedupe_hash (duplicate_hash)
2026-08-13 09:43:45,942 [INFO] [SCREENED] 'Untitled' -> DROPPED @ dedupe_hash (duplicate_hash)
2026-08-13 09:43:45,951 [INFO] [SCREENED] 'Untitled' -> DROPPED @ dedupe_hash (duplicate_hash)
2026-08-13 09:43:45,959 [INFO] [SCREENED] 'Untitled' -> DROPPED @ dedupe_hash (duplicate_hash)
2026-08-13 09:43:45,966 [INFO] [SCREENED] 'Untitled' -> DROPPED @ dedupe_hash (duplicate_hash)
2026-08-13 09:43:45,973 [INFO] [SCREENED] 'Untitled' -> DROPPED @ dedupe_hash (duplicate_hash)
2026-08-13 09:43:45,980 [INFO] [SCREENED] 'Untitled' -> DROPPED @ dedupe_hash (duplicate_hash)
2026-08-13 09:43:45,986 [INFO] [SCREENED] 'Untitled' -> DROPPED @ dedupe_hash (duplicate_hash)
2026-08-13 09:43:45,993 [INFO] [SCREENED] 'Untitled' -> DROPPED @ dedupe_hash (duplicate_hash)
2026-08-13 09:43:45,999 [INFO] [SCREENED] 'Untitled' -> DROPPED @ dedupe_hash (duplicate_hash)
2026-08-13 09:43:46,006 [INFO] [SCREENED] 'Untitled' -> DROPPED @ dedupe_hash (duplicate_hash)
2026-08-13 09:43:46,014 [INFO] [SCREENED] 'Untitled' -> DROPPED @ dedupe_hash (duplicate_hash)
2026-08-13 09:43:46,020 [INFO] [SCREENED] 'Untitled' -> DROPPED @ dedupe_hash (duplicate_hash)
2026-08-13 09:43:46,030 [INFO] [SCREENED] 'Untitled' -> DROPPED @ dedupe_hash (duplicate_hash)
2026-08-13 09:43:46,038 [INFO] [SCREENED] 'Untitled' -> DROPPED @ dedupe_hash (duplicate_hash)
2026-08-13 09:43:46,045 [INFO] [SCREENED] 'Untitled' -> DROPPED @ dedupe_hash (duplicate_hash)
2026-08-13 09:43:46,054 [INFO] [SCREENED] 'Untitled' -> DROPPED @ dedupe_hash (duplicate_hash)
2026-08-13 09:43:46,063 [INFO] [SCREENED] 'Untitled' -> DROPPED @ dedupe_hash (duplicate_hash)
2026-08-13 09:43:46,071 [INFO] [SCREENED] 'Untitled' -> DROPPED @ dedupe_hash (duplicate_hash)
2026-08-13 09:43:46,082 [INFO] [SCREENED] 'Untitled' -> DROPPED @ dedupe_hash (duplicate_hash)
2026-08-13 09:43:46,091 [INFO] [SCREENED] 'Untitled' -> DROPPED @ dedupe_hash (duplicate_hash)
2026-08-13 09:43:46,098 [INFO] [SCREENED] 'Untitled' -> DROPPED @ dedupe_hash (duplicate_hash)
2026-08-13 09:43:46,107 [INFO] [SCREENED] 'Untitled' -> DROPPED @ dedupe_hash (duplicate_hash)
2026-08-13 09:43:46,115 [INFO] [SCREENED] 'Untitled' -> DROPPED @ dedupe_hash (duplicate_hash)
2026-08-13 09:43:46,124 [INFO] [SCREENED] 'Untitled' -> DROPPED @ dedupe_hash (duplicate_hash)
2026-08-13 09:43:46,133 [INFO] [SCREENED] 'Untitled' -> DROPPED @ dedupe_hash (duplicate_hash)
2026-08-13 09:43:46,143 [INFO] [SCREENED] 'Untitled' -> DROPPED @ dedupe_hash (duplicate_hash)
2026-08-13 09:43:46,153 [INFO] [SCREENED] 'Untitled' -> DROPPED @ dedupe_hash (duplicate_hash)
2026-08-13 09:43:46,174 [INFO] [SCREENED] 'Untitled' -> DROPPED @ dedupe_hash (duplicate_hash)
2026-08-13 09:43:46,187 [INFO] [SCREENED] 'Untitled' -> DROPPED @ dedupe_hash (duplicate_hash)
2026-08-13 09:43:46,196 [INFO] [SCREENED] 'Untitled' -> DROPPED @ dedupe_hash (duplicate_hash)
2026-08-13 09:43:46,205 [INFO] [SCREENED] 'Untitled' -> DROPPED @ dedupe_hash (duplicate_hash)
2026-08-13 09:43:46,215 [INFO] [SCREENED] 'Untitled' -> DROPPED @ dedupe_hash (duplicate_hash)
2026-08-13 09:43:46,225 [INFO] [SCREENED] 'Untitled' -> DROPPED @ dedupe_hash (duplicate_hash)
2026-08-13 09:43:46,232 [INFO] [SCREENED] 'Untitled' -> DROPPED @ dedupe_hash (duplicate_hash)
2026-08-13 09:43:46,239 [INFO] [SCREENED] 'Untitled' -> DROPPED @ dedupe_hash (duplicate_hash)
2026-08-13 09:43:46,246 [INFO] [SCREENED] 'Untitled' -> DROPPED @ dedupe_hash (duplicate_hash)
2026-08-13 09:43:46,255 [INFO] [SCREENED] 'Untitled' -> DROPPED @ dedupe_hash (duplicate_hash)
2026-08-13 09:43:46,261 [INFO] [SCREENED] 'Untitled' -> DROPPED @ dedupe_hash (duplicate_hash)
2026-08-13 09:43:46,267 [INFO] [SCREENED] 'Untitled' -> DROPPED @ dedupe_hash (duplicate_hash)
2026-08-13 09:43:46,275 [INFO] [SCREENED] 'Untitled' -> DROPPED @ dedupe_hash (duplicate_hash)
2026-08-13 09:43:46,281 [INFO] [SCREENED] 'Untitled' -> DROPPED @ dedupe_hash (duplicate_hash)
2026-08-13 09:43:46,289 [INFO] [SCREENED] 'Untitled' -> DROPPED @ dedupe_hash (duplicate_hash)
2026-08-13 09:43:46,298 [INFO] [SCREENED] 'Untitled' -> DROPPED @ dedupe_hash (duplicate_hash)
2026-08-13 09:43:46,309 [INFO] [SCREENED] 'Untitled' -> DROPPED @ dedupe_hash (duplicate_hash)
2026-08-13 09:43:46,318 [INFO] [SCREENED] 'Untitled' -> DROPPED @ dedupe_hash (duplicate_hash)
2026-08-13 09:43:46,329 [INFO] INGESTION COMPLETE: 2871
2026-08-13 09:43:46,329 [INFO] HANDOFF ACCEPTED: 2871
2026-08-13 09:43:46,329 [INFO] HANDOFF QUARANTINED: 0
2026-08-13 09:43:46,329 [INFO] PIPELINE PROCESSED: 2751
2026-08-13 09:43:46,335 [INFO] [SCREENED] 'Untitled' -> DROPPED @ dedupe_hash (dropped_hash_duplicate)
2026-08-13 09:43:46,348 [INFO] [SCREENED] 'Untitled' -> DROPPED @ dedupe_hash (dropped_hash_duplicate)
2026-08-13 09:43:46,362 [INFO] [SCREENED] 'Untitled' -> DROPPED @ dedupe_hash (dropped_hash_duplicate)
2026-08-13 09:43:46,379 [INFO] [SCREENED] 'Untitled' -> DROPPED @ dedupe_hash (dropped_hash_duplicate)
2026-08-13 09:43:46,391 [INFO] [SCREENED] 'Untitled' -> DROPPED @ dedupe_hash (dropped_hash_duplicate)
2026-08-13 09:43:46,401 [INFO] [SCREENED] 'Untitled' -> DROPPED @ dedupe_hash (dropped_hash_duplicate)
2026-08-13 09:43:46,433 [INFO] [SCREENED] 'Untitled' -> DROPPED @ dedupe_hash (dropped_hash_duplicate)
2026-08-13 09:43:46,446 [INFO] [SCREENED] 'Untitled' -> DROPPED @ dedupe_hash (dropped_hash_duplicate)
2026-08-13 09:43:46,459 [INFO] [SCREENED] 'Untitled' -> DROPPED @ dedupe_hash (dropped_hash_duplicate)
2026-08-13 09:43:46,472 [INFO] [SCREENED] 'Untitled' -> DROPPED @ dedupe_hash (dropped_hash_duplicate)
2026-08-13 09:43:46,482 [INFO] [SCREENED] 'Untitled' -> DROPPED @ dedupe_hash (dropped_hash_duplicate)
2026-08-13 09:43:46,492 [INFO] [SCREENED] 'Untitled' -> DROPPED @ dedupe_hash (dropped_hash_duplicate)
2026-08-13 09:43:46,501 [INFO] [SCREENED] 'Untitled' -> DROPPED @ dedupe_hash (dropped_hash_duplicate)
2026-08-13 09:43:46,510 [INFO] [SCREENED] 'Untitled' -> DROPPED @ dedupe_hash (dropped_hash_duplicate)
2026-08-13 09:43:46,518 [INFO] [SCREENED] 'Untitled' -> DROPPED @ dedupe_hash (dropped_hash_duplicate)
2026-08-13 09:43:46,526 [INFO] [SCREENED] 'Untitled' -> DROPPED @ dedupe_hash (dropped_hash_duplicate)
2026-08-13 09:43:46,535 [INFO] [SCREENED] 'Untitled' -> DROPPED @ dedupe_hash (dropped_hash_duplicate)
2026-08-13 09:43:46,542 [INFO] [SCREENED] 'Untitled' -> DROPPED @ dedupe_hash (dropped_hash_duplicate)
2026-08-13 09:43:46,551 [INFO] [SCREENED] 'Untitled' -> DROPPED @ dedupe_hash (dropped_hash_duplicate)
2026-08-13 09:43:46,559 [INFO] [SCREENED] 'Untitled' -> DROPPED @ dedupe_hash (dropped_hash_duplicate)
2026-08-13 09:43:46,567 [INFO] [SCREENED] 'Untitled' -> DROPPED @ dedupe_hash (dropped_hash_duplicate)
2026-08-13 09:43:46,574 [INFO] [SCREENED] 'Untitled' -> DROPPED @ dedupe_hash (dropped_hash_duplicate)
2026-08-13 09:43:46,581 [INFO] [SCREENED] 'Untitled' -> DROPPED @ dedupe_hash (dropped_hash_duplicate)
2026-08-13 09:43:46,589 [INFO] [SCREENED] 'Untitled' -> DROPPED @ dedupe_hash (dropped_hash_duplicate)
2026-08-13 09:43:46,595 [INFO] [SCREENED] 'Untitled' -> DROPPED @ dedupe_hash (dropped_hash_duplicate)
2026-08-13 09:43:46,604 [INFO] [SCREENED] 'Untitled' -> DROPPED @ dedupe_hash (dropped_hash_duplicate)
2026-08-13 09:43:46,612 [INFO] [SCREENED] 'Untitled' -> DROPPED @ dedupe_hash (dropped_hash_duplicate)
2026-08-13 09:43:46,619 [INFO] [SCREENED] 'Untitled' -> DROPPED @ dedupe_hash (dropped_hash_duplicate)
2026-08-13 09:43:46,629 [INFO] [SCREENED] 'Untitled' -> DROPPED @ dedupe_hash (dropped_hash_duplicate)
2026-08-13 09:43:46,636 [INFO] [SCREENED] 'Untitled' -> DROPPED @ dedupe_hash (dropped_hash_duplicate)
2026-08-13 09:43:46,643 [INFO] [SCREENED] 'Untitled' -> DROPPED @ dedupe_hash (dropped_hash_duplicate)
2026-08-13 09:43:46,652 [INFO] [SCREENED] 'Untitled' -> DROPPED @ dedupe_hash (dropped_hash_duplicate)
2026-08-13 09:43:46,661 [INFO] [SCREENED] 'Untitled' -> DROPPED @ dedupe_hash (dropped_hash_duplicate)
2026-08-13 09:43:46,671 [INFO] [SCREENED] 'Untitled' -> DROPPED @ dedupe_hash (dropped_hash_duplicate)
2026-08-13 09:43:46,680 [INFO] [SCREENED] 'Untitled' -> DROPPED @ dedupe_hash (dropped_hash_duplicate)
2026-08-13 09:43:46,689 [INFO] [SCREENED] 'Untitled' -> DROPPED @ dedupe_hash (dropped_hash_duplicate)
2026-08-13 09:43:46,698 [INFO] [SCREENED] 'Untitled' -> DROPPED @ dedupe_hash (dropped_hash_duplicate)
2026-08-13 09:43:46,707 [INFO] [SCREENED] 'Untitled' -> DROPPED @ dedupe_hash (dropped_hash_duplicate)
2026-08-13 09:43:46,716 [INFO] [SCREENED] 'Untitled' -> DROPPED @ dedupe_hash (dropped_hash_duplicate)
2026-08-13 09:43:46,723 [INFO] [SCREENED] 'Untitled' -> DROPPED @ dedupe_hash (dropped_hash_duplicate)
2026-08-13 09:43:46,731 [INFO] [SCREENED] 'Untitled' -> DROPPED @ dedupe_hash (dropped_hash_duplicate)
2026-08-13 09:43:46,738 [INFO] [SCREENED] 'Untitled' -> DROPPED @ dedupe_hash (dropped_hash_duplicate)
2026-08-13 09:43:46,746 [INFO] [SCREENED] 'Untitled' -> DROPPED @ dedupe_hash (dropped_hash_duplicate)
2026-08-13 09:43:46,754 [INFO] [SCREENED] 'Untitled' -> DROPPED @ dedupe_hash (dropped_hash_duplicate)
2026-08-13 09:43:46,762 [INFO] [SCREENED] 'Untitled' -> DROPPED @ dedupe_hash (dropped_hash_duplicate)
2026-08-13 09:43:46,769 [INFO] [SCREENED] 'Untitled' -> DROPPED @ dedupe_hash (dropped_hash_duplicate)
2026-08-13 09:43:46,778 [INFO] [SCREENED] 'Untitled' -> DROPPED @ dedupe_hash (dropped_hash_duplicate)
2026-08-13 09:43:46,786 [INFO] [SCREENED] 'Untitled' -> DROPPED @ dedupe_hash (dropped_hash_duplicate)
2026-08-13 09:43:46,795 [INFO] [SCREENED] 'Untitled' -> DROPPED @ dedupe_hash (dropped_hash_duplicate)
2026-08-13 09:43:46,802 [INFO] [SCREENED] 'Untitled' -> DROPPED @ dedupe_hash (dropped_hash_duplicate)
2026-08-13 09:43:47,725 [ERROR] Error processing article: name 'extract_target_ticker' is not defined
2026-08-13 09:43:47,760 [INFO] [SCREENED] 'Untitled' -> DROPPED @ exclude_global_keywords (dropped_global_keyword: Form 4)
2026-08-13 09:43:47,800 [ERROR] Error processing article: name 'extract_target_ticker' is not defined
2026-08-13 09:43:47,822 [ERROR] Error processing article: name 'extract_target_ticker' is not defined
2026-08-13 09:43:47,838 [ERROR] Error processing article: name 'extract_target_ticker' is not defined
2026-08-13 09:43:47,870 [ERROR] Error processing article: name 'extract_target_ticker' is not defined
2026-08-13 09:43:47,871 [INFO] [SCREENED] 'Untitled' -> DROPPED @ dedupe_hash (dropped_hash_duplicate)
2026-08-13 09:43:47,894 [ERROR] Error processing article: name 'extract_target_ticker' is not defined
2026-08-13 09:43:47,911 [ERROR] Error processing article: name 'extract_target_ticker' is not defined
2026-08-13 09:43:47,928 [ERROR] Error processing article: name 'extract_target_ticker' is not defined
2026-08-13 09:43:47,946 [ERROR] Error processing article: name 'extract_target_ticker' is not defined
2026-08-13 09:43:47,964 [ERROR] Error processing article: name 'extract_target_ticker' is not defined
2026-08-13 09:43:48,062 [ERROR] Error processing article: name 'extract_target_ticker' is not defined
2026-08-13 09:43:48,078 [ERROR] Error processing article: name 'extract_target_ticker' is not defined
2026-08-13 09:43:48,093 [INFO] [SCREENED] 'Untitled' -> DROPPED @ ontology_concepts (dropped_ontology_score: 0.00 < 0.65)
2026-08-13 09:43:48,153 [INFO] [SCREENED] 'Untitled' -> DROPPED @ ontology_concepts (dropped_ontology_score: 0.00 < 0.65)
2026-08-13 09:43:48,203 [INFO] [SCREENED] 'Untitled' -> DROPPED @ ontology_concepts (dropped_ontology_score: 0.00 < 0.65)
2026-08-13 09:43:48,281 [ERROR] Error processing article: name 'extract_target_ticker' is not defined
2026-08-13 09:43:48,300 [ERROR] Error processing article: name 'extract_target_ticker' is not defined
2026-08-13 09:43:48,313 [ERROR] Error processing article: name 'extract_target_ticker' is not defined
2026-08-13 09:43:48,323 [INFO] [SCREENED] 'Untitled' -> DROPPED @ ontology_concepts (dropped_ontology_score: 0.00 < 0.65)
2026-08-13 09:43:48,342 [INFO] [SCREENED] 'Untitled' -> DROPPED @ dedupe_hash (dropped_hash_duplicate)
2026-08-13 09:43:48,373 [INFO] [SCREENED] 'Untitled' -> DROPPED @ ontology_concepts (dropped_ontology_score: 0.00 < 0.65)
2026-08-13 09:43:48,411 [INFO] [SCREENED] 'Untitled' -> DROPPED @ ontology_concepts (dropped_ontology_score: 0.00 < 0.65)
2026-08-13 09:43:48,443 [INFO] [SCREENED] 'Untitled' -> DROPPED @ ontology_concepts (dropped_ontology_score: 0.00 < 0.65)
2026-08-13 09:43:48,497 [ERROR] Error processing article: name 'extract_target_ticker' is not defined
2026-08-13 09:43:48,564 [ERROR] Error processing article: name 'extract_target_ticker' is not defined
2026-08-13 09:43:48,580 [INFO] [SCREENED] 'Untitled' -> DROPPED @ ontology_concepts (dropped_ontology_score: 0.00 < 0.65)
2026-08-13 09:43:48,622 [ERROR] Error processing article: name 'extract_target_ticker' is not defined
2026-08-13 09:43:48,643 [ERROR] Error processing article: name 'extract_target_ticker' is not defined
2026-08-13 09:43:48,677 [INFO] [SCREENED] 'Untitled' -> DROPPED @ ontology_concepts (dropped_ontology_score: 0.00 < 0.65)
2026-08-13 09:43:48,732 [ERROR] Error processing article: name 'extract_target_ticker' is not defined
2026-08-13 09:43:48,745 [ERROR] Error processing article: name 'extract_target_ticker' is not defined
2026-08-13 09:43:48,774 [ERROR] Error processing article: name 'extract_target_ticker' is not defined
2026-08-13 09:43:48,789 [ERROR] Error processing article: name 'extract_target_ticker' is not defined
2026-08-13 09:43:48,808 [INFO] [SCREENED] 'Untitled' -> DROPPED @ ontology_concepts (dropped_ontology_score: 0.00 < 0.65)
2026-08-13 09:43:48,841 [ERROR] Error processing article: name 'extract_target_ticker' is not defined
2026-08-13 09:43:48,859 [INFO] [SCREENED] 'Untitled' -> DROPPED @ ontology_concepts (dropped_ontology_score: 0.00 < 0.65)
2026-08-13 09:43:48,897 [INFO] [SCREENED] 'Untitled' -> DROPPED @ ontology_concepts (dropped_ontology_score: 0.00 < 0.65)
2026-08-13 09:43:48,944 [INFO] [SCREENED] 'Untitled' -> DROPPED @ ontology_concepts (dropped_ontology_score: 0.00 < 0.65)
2026-08-13 09:43:48,982 [INFO] [SCREENED] 'Untitled' -> DROPPED @ ontology_concepts (dropped_ontology_score: 0.00 < 0.65)
2026-08-13 09:43:49,018 [INFO] [SCREENED] 'Untitled' -> DROPPED @ ontology_concepts (dropped_ontology_score: 0.00 < 0.65)
2026-08-13 09:43:49,057 [INFO] [SCREENED] 'Untitled' -> DROPPED @ ontology_concepts (dropped_ontology_score: 0.00 < 0.65)
2026-08-13 09:43:49,087 [INFO] [SCREENED] 'Untitled' -> DROPPED @ ontology_concepts (dropped_ontology_score: 0.00 < 0.65)
2026-08-13 09:43:49,123 [INFO] [SCREENED] 'Untitled' -> DROPPED @ ontology_concepts (dropped_ontology_score: 0.00 < 0.65)
2026-08-13 09:43:49,157 [ERROR] Error processing article: name 'extract_target_ticker' is not defined
2026-08-13 09:43:49,180 [INFO] [SCREENED] 'Untitled' -> DROPPED @ ontology_concepts (dropped_ontology_score: 0.00 < 0.65)
2026-08-13 09:43:49,218 [INFO] [SCREENED] 'Untitled' -> DROPPED @ ontology_concepts (dropped_ontology_score: 0.00 < 0.65)
2026-08-13 09:43:49,273 [INFO] [SCREENED] 'Untitled' -> DROPPED @ ontology_concepts (dropped_ontology_score: 0.00 < 0.65)
2026-08-13 09:43:49,307 [INFO] [SCREENED] 'Untitled' -> DROPPED @ ontology_concepts (dropped_ontology_score: 0.00 < 0.65)
2026-08-13 09:43:49,338 [INFO] [SCREENED] 'Untitled' -> DROPPED @ ontology_concepts (dropped_ontology_score: 0.00 < 0.65)
2026-08-13 09:43:49,368 [INFO] [SCREENED] 'Untitled' -> DROPPED @ ontology_concepts (dropped_ontology_score: 0.00 < 0.65)
2026-08-13 09:43:49,402 [INFO] [SCREENED] 'Untitled' -> DROPPED @ ontology_concepts (dropped_ontology_score: 0.00 < 0.65)
2026-08-13 09:43:49,433 [INFO] [SCREENED] 'Untitled' -> DROPPED @ ontology_concepts (dropped_ontology_score: 0.00 < 0.65)
2026-08-13 09:43:49,461 [INFO] [SCREENED] 'Untitled' -> DROPPED @ ontology_concepts (dropped_ontology_score: 0.00 < 0.65)
2026-08-13 09:43:49,498 [INFO] [SCREENED] 'Untitled' -> DROPPED @ ontology_concepts (dropped_ontology_score: 0.00 < 0.65)
2026-08-13 09:43:49,548 [INFO] [SCREENED] 'Untitled' -> DROPPED @ ontology_concepts (dropped_ontology_score: 0.00 < 0.65)
2026-08-13 09:43:49,600 [INFO] [SCREENED] 'Untitled' -> DROPPED @ ontology_concepts (dropped_ontology_score: 0.00 < 0.65)
2026-08-13 09:43:49,641 [ERROR] Error processing article: name 'extract_target_ticker' is not defined
2026-08-13 09:43:49,664 [INFO] [SCREENED] 'Untitled' -> DROPPED @ ontology_concepts (dropped_ontology_score: 0.00 < 0.65)
2026-08-13 09:43:49,700 [ERROR] Error processing article: name 'extract_target_ticker' is not defined
2026-08-13 09:43:49,722 [ERROR] Error processing article: name 'extract_target_ticker' is not defined
2026-08-13 09:43:49,847 [INFO] [SCREENED] 'Untitled' -> DROPPED @ exclude_global_keywords (dropped_global_keyword: Schedule 13G)
2026-08-13 09:43:54,491 [CRITICAL] [AI CORE] Provider router exhausted all available keys.
2026-08-13 09:43:54,491 [INFO] [SCREENED] 'Untitled' -> DROPPED @ ai_confidence_gate (dropped_ai_confidence (scored 0.00 < 0.75))
2026-08-13 09:43:55,432 [ERROR] Error processing article: name 'extract_target_ticker' is not defined
2026-08-13 09:43:59,327 [CRITICAL] [AI CORE] Provider router exhausted all available keys.
2026-08-13 09:43:59,327 [INFO] [SCREENED] 'Untitled' -> DROPPED @ ai_confidence_gate (dropped_ai_confidence (scored 0.00 < 0.75))
2026-08-13 09:43:59,373 [INFO] [SCREENED] 'Untitled' -> DROPPED @ ontology_concepts (dropped_ontology_score: 0.00 < 0.65)
2026-08-13 09:43:59,405 [INFO] [SCREENED] 'Untitled' -> DROPPED @ ontology_concepts (dropped_ontology_score: 0.00 < 0.65)
2026-08-13 09:43:59,431 [INFO] [SCREENED] 'Untitled' -> DROPPED @ ontology_concepts (dropped_ontology_score: 0.00 < 0.65)
2026-08-13 09:43:59,456 [INFO] [SCREENED] 'Untitled' -> DROPPED @ ontology_concepts (dropped_ontology_score: 0.00 < 0.65)
2026-08-13 09:44:01,318 [CRITICAL] [AI CORE] Provider router exhausted all available keys.
2026-08-13 09:44:01,318 [INFO] [SCREENED] 'Untitled' -> DROPPED @ ai_confidence_gate (dropped_ai_confidence (scored 0.00 < 0.75))
2026-08-13 09:44:01,357 [INFO] [SCREENED] 'Untitled' -> DROPPED @ ontology_concepts (dropped_ontology_score: 0.00 < 0.65)
2026-08-13 09:44:01,385 [INFO] [SCREENED] 'Untitled' -> DROPPED @ ontology_concepts (dropped_ontology_score: 0.00 < 0.65)
2026-08-13 09:44:01,421 [INFO] [SCREENED] 'Untitled' -> DROPPED @ ontology_concepts (dropped_ontology_score: 0.00 < 0.65)
2026-08-13 09:44:01,453 [INFO] [SCREENED] 'Untitled' -> DROPPED @ ontology_concepts (dropped_ontology_score: 0.00 < 0.65)
2026-08-13 09:44:01,486 [INFO] [SCREENED] 'Untitled' -> DROPPED @ ontology_concepts (dropped_ontology_score: 0.00 < 0.65)
2026-08-13 09:44:01,519 [INFO] [SCREENED] 'Untitled' -> DROPPED @ ontology_concepts (dropped_ontology_score: 0.00 < 0.65)
2026-08-13 09:44:01,554 [INFO] [SCREENED] 'Untitled' -> DROPPED @ ontology_concepts (dropped_ontology_score: 0.00 < 0.65)
2026-08-13 09:44:01,585 [INFO] [SCREENED] 'Untitled' -> DROPPED @ ontology_concepts (dropped_ontology_score: 0.00 < 0.65)
2026-08-13 09:44:01,616 [INFO] [SCREENED] 'Untitled' -> DROPPED @ ontology_concepts (dropped_ontology_score: 0.00 < 0.65)
2026-08-13 09:44:01,645 [INFO] [SCREENED] 'Untitled' -> DROPPED @ ontology_concepts (dropped_ontology_score: 0.00 < 0.65)
2026-08-13 09:44:01,672 [INFO] [SCREENED] 'Untitled' -> DROPPED @ ontology_concepts (dropped_ontology_score: 0.00 < 0.65)
2026-08-13 09:44:01,697 [INFO] [SCREENED] 'Untitled' -> DROPPED @ ontology_concepts (dropped_ontology_score: 0.00 < 0.65)
2026-08-13 09:44:01,722 [INFO] [SCREENED] 'Untitled' -> DROPPED @ ontology_concepts (dropped_ontology_score: 0.00 < 0.65)
2026-08-13 09:44:01,747 [INFO] [SCREENED] 'Untitled' -> DROPPED @ ontology_concepts (dropped_ontology_score: 0.00 < 0.65)
2026-08-13 09:44:01,777 [INFO] [SCREENED] 'Untitled' -> DROPPED @ ontology_concepts (dropped_ontology_score: 0.00 < 0.65)
2026-08-13 09:44:01,815 [INFO] [SCREENED] 'Untitled' -> DROPPED @ ontology_concepts (dropped_ontology_score: 0.00 < 0.65)
2026-08-13 09:44:01,841 [INFO] [SCREENED] 'Untitled' -> DROPPED @ ontology_concepts (dropped_ontology_score: 0.00 < 0.65)
2026-08-13 09:44:01,867 [INFO] [SCREENED] 'Untitled' -> DROPPED @ ontology_concepts (dropped_ontology_score: 0.00 < 0.65)
2026-08-13 09:44:01,892 [INFO] [SCREENED] 'Untitled' -> DROPPED @ ontology_concepts (dropped_ontology_score: 0.00 < 0.65)
2026-08-13 09:44:01,923 [INFO] [SCREENED] 'Untitled' -> DROPPED @ ontology_concepts (dropped_ontology_score: 0.00 < 0.65)
2026-08-13 09:44:01,981 [INFO] [SCREENED] 'Untitled' -> DROPPED @ ontology_concepts (dropped_ontology_score: 0.00 < 0.65)
2026-08-13 09:44:02,019 [INFO] [SCREENED] 'Untitled' -> DROPPED @ ontology_concepts (dropped_ontology_score: 0.00 < 0.65)
2026-08-13 09:44:02,058 [INFO] [SCREENED] 'Untitled' -> DROPPED @ ontology_concepts (dropped_ontology_score: 0.00 < 0.65)
2026-08-13 09:44:02,089 [INFO] [SCREENED] 'Untitled' -> DROPPED @ ontology_concepts (dropped_ontology_score: 0.00 < 0.65)
2026-08-13 09:44:02,117 [INFO] [SCREENED] 'Untitled' -> DROPPED @ ontology_concepts (dropped_ontology_score: 0.00 < 0.65)
2026-08-13 09:44:02,147 [INFO] [SCREENED] 'Untitled' -> DROPPED @ ontology_concepts (dropped_ontology_score: 0.00 < 0.65)
2026-08-13 09:44:02,178 [INFO] [SCREENED] 'Untitled' -> DROPPED @ ontology_concepts (dropped_ontology_score: 0.00 < 0.65)
2026-08-13 09:44:02,205 [INFO] [SCREENED] 'Untitled' -> DROPPED @ ontology_concepts (dropped_ontology_score: 0.00 < 0.65)
2026-08-13 09:44:02,234 [INFO] [SCREENED] 'Untitled' -> DROPPED @ ontology_concepts (dropped_ontology_score: 0.00 < 0.65)
2026-08-13 09:44:02,289 [INFO] [SCREENED] 'Untitled' -> DROPPED @ ontology_concepts (dropped_ontology_score: 0.00 < 0.65)
2026-08-13 09:44:02,314 [INFO] [SCREENED] 'Untitled' -> DROPPED @ ontology_concepts (dropped_ontology_score: 0.00 < 0.65)
2026-08-13 09:44:02,342 [INFO] [SCREENED] 'Untitled' -> DROPPED @ ontology_concepts (dropped_ontology_score: 0.00 < 0.65)
2026-08-13 09:44:02,371 [INFO] [SCREENED] 'Untitled' -> DROPPED @ ontology_concepts (dropped_ontology_score: 0.00 < 0.65)
2026-08-13 09:44:02,399 [INFO] [SCREENED] 'Untitled' -> DROPPED @ ontology_concepts (dropped_ontology_score: 0.00 < 0.65)
2026-08-13 09:44:02,432 [INFO] [SCREENED] 'Untitled' -> DROPPED @ ontology_concepts (dropped_ontology_score: 0.00 < 0.65)
2026-08-13 09:44:02,468 [INFO] [SCREENED] 'Untitled' -> DROPPED @ ontology_concepts (dropped_ontology_score: 0.00 < 0.65)
2026-08-13 09:44:02,499 [INFO] [SCREENED] 'Untitled' -> DROPPED @ ontology_concepts (dropped_ontology_score: 0.00 < 0.65)
2026-08-13 09:44:02,528 [INFO] [SCREENED] 'Untitled' -> DROPPED @ ontology_concepts (dropped_ontology_score: 0.00 < 0.65)
2026-08-13 09:44:02,557 [INFO] [SCREENED] 'Untitled' -> DROPPED @ ontology_concepts (dropped_ontology_score: 0.00 < 0.65)
2026-08-13 09:44:02,584 [INFO] [SCREENED] 'Untitled' -> DROPPED @ ontology_concepts (dropped_ontology_score: 0.00 < 0.65)
2026-08-13 09:44:02,608 [ERROR] Error processing article: name 'extract_target_ticker' is not defined
2026-08-13 09:44:02,617 [ERROR] Error processing article: name 'extract_target_ticker' is not defined
2026-08-13 09:44:02,627 [INFO] [SCREENED] 'Untitled' -> DROPPED @ ontology_concepts (dropped_ontology_score: 0.00 < 0.65)
2026-08-13 09:44:04,488 [CRITICAL] [AI CORE] Provider router exhausted all available keys.
2026-08-13 09:44:04,489 [INFO] [SCREENED] 'Untitled' -> DROPPED @ ai_confidence_gate (dropped_ai_confidence (scored 0.00 < 0.75))
2026-08-13 09:44:04,537 [INFO] [SCREENED] 'Untitled' -> DROPPED @ ontology_concepts (dropped_ontology_score: 0.00 < 0.65)
2026-08-13 09:44:04,570 [INFO] [SCREENED] 'Untitled' -> DROPPED @ ontology_concepts (dropped_ontology_score: 0.00 < 0.65)
2026-08-13 09:44:04,602 [INFO] [SCREENED] 'Untitled' -> DROPPED @ ontology_concepts (dropped_ontology_score: 0.00 < 0.65)
2026-08-13 09:44:04,635 [INFO] [SCREENED] 'Untitled' -> DROPPED @ ontology_concepts (dropped_ontology_score: 0.00 < 0.65)
2026-08-13 09:44:04,669 [INFO] [SCREENED] 'Untitled' -> DROPPED @ ontology_concepts (dropped_ontology_score: 0.00 < 0.65)
2026-08-13 09:44:04,696 [INFO] [SCREENED] 'Untitled' -> DROPPED @ ontology_concepts (dropped_ontology_score: 0.00 < 0.65)
2026-08-13 09:44:04,722 [INFO] [SCREENED] 'Untitled' -> DROPPED @ ontology_concepts (dropped_ontology_score: 0.00 < 0.65)
2026-08-13 09:44:04,746 [INFO] [SCREENED] 'Untitled' -> DROPPED @ ontology_concepts (dropped_ontology_score: 0.00 < 0.65)
2026-08-13 09:44:04,769 [INFO] [SCREENED] 'Untitled' -> DROPPED @ ontology_concepts (dropped_ontology_score: 0.00 < 0.65)
2026-08-13 09:44:04,793 [INFO] [SCREENED] 'Untitled' -> DROPPED @ ontology_concepts (dropped_ontology_score: 0.00 < 0.65)
2026-08-13 09:44:04,816 [INFO] [SCREENED] 'Untitled' -> DROPPED @ ontology_concepts (dropped_ontology_score: 0.00 < 0.65)
2026-08-13 09:44:04,846 [INFO] [SCREENED] 'Untitled' -> DROPPED @ ontology_concepts (dropped_ontology_score: 0.00 < 0.65)
2026-08-13 09:44:04,876 [INFO] [SCREENED] 'Untitled' -> DROPPED @ ontology_concepts (dropped_ontology_score: 0.00 < 0.65)
2026-08-13 09:44:04,910 [INFO] [SCREENED] 'Untitled' -> DROPPED @ ontology_concepts (dropped_ontology_score: 0.00 < 0.65)
2026-08-13 09:44:04,959 [INFO] [SCREENED] 'Untitled' -> DROPPED @ ontology_concepts (dropped_ontology_score: 0.00 < 0.65)
2026-08-13 09:44:04,992 [INFO] [SCREENED] 'Untitled' -> DROPPED @ ontology_concepts (dropped_ontology_score: 0.00 < 0.65)
2026-08-13 09:44:05,017 [INFO] [SCREENED] 'Untitled' -> DROPPED @ ontology_concepts (dropped_ontology_score: 0.00 < 0.65)
2026-08-13 09:44:05,042 [INFO] [SCREENED] 'Untitled' -> DROPPED @ ontology_concepts (dropped_ontology_score: 0.00 < 0.65)
2026-08-13 09:44:05,065 [INFO] [SCREENED] 'Untitled' -> DROPPED @ ontology_concepts (dropped_ontology_score: 0.00 < 0.65)
2026-08-13 09:44:05,088 [INFO] [SCREENED] 'Untitled' -> DROPPED @ ontology_concepts (dropped_ontology_score: 0.00 < 0.65)
2026-08-13 09:44:05,115 [INFO] [SCREENED] 'Untitled' -> DROPPED @ ontology_concepts (dropped_ontology_score: 0.00 < 0.65)
2026-08-13 09:44:05,143 [INFO] [SCREENED] 'Untitled' -> DROPPED @ ontology_concepts (dropped_ontology_score: 0.00 < 0.65)
2026-08-13 09:44:05,173 [INFO] [SCREENED] 'Untitled' -> DROPPED @ ontology_concepts (dropped_ontology_score: 0.00 < 0.65)
2026-08-13 09:44:05,206 [INFO] [SCREENED] 'Untitled' -> DROPPED @ ontology_concepts (dropped_ontology_score: 0.00 < 0.65)
2026-08-13 09:44:05,234 [INFO] [SCREENED] 'Untitled' -> DROPPED @ ontology_concepts (dropped_ontology_score: 0.00 < 0.65)
2026-08-13 09:44:05,261 [INFO] [SCREENED] 'Untitled' -> DROPPED @ ontology_concepts (dropped_ontology_score: 0.00 < 0.65)
2026-08-13 09:44:05,326 [INFO] [SCREENED] 'Untitled' -> DROPPED @ ontology_concepts (dropped_ontology_score: 0.00 < 0.65)
2026-08-13 09:44:05,364 [INFO] [SCREENED] 'Untitled' -> DROPPED @ ontology_concepts (dropped_ontology_score: 0.00 < 0.65)
2026-08-13 09:44:05,387 [INFO] [SCREENED] 'Untitled' -> DROPPED @ ontology_concepts (dropped_ontology_score: 0.00 < 0.65)
2026-08-13 09:44:05,411 [INFO] [SCREENED] 'Untitled' -> DROPPED @ ontology_concepts (dropped_ontology_score: 0.00 < 0.65)
2026-08-13 09:44:05,434 [INFO] [SCREENED] 'Untitled' -> DROPPED @ ontology_concepts (dropped_ontology_score: 0.00 < 0.65)
2026-08-13 09:44:05,458 [INFO] [SCREENED] 'Untitled' -> DROPPED @ ontology_concepts (dropped_ontology_score: 0.00 < 0.65)
2026-08-13 09:44:05,488 [INFO] [SCREENED] 'Untitled' -> DROPPED @ ontology_concepts (dropped_ontology_score: 0.00 < 0.65)
2026-08-13 09:44:05,514 [INFO] [SCREENED] 'Untitled' -> DROPPED @ ontology_concepts (dropped_ontology_score: 0.00 < 0.65)
2026-08-13 09:44:05,541 [INFO] [SCREENED] 'Untitled' -> DROPPED @ ontology_concepts (dropped_ontology_score: 0.00 < 0.65)
2026-08-13 09:44:05,571 [INFO] [SCREENED] 'Untitled' -> DROPPED @ ontology_concepts (dropped_ontology_score: 0.00 < 0.65)
2026-08-13 09:44:05,597 [INFO] [SCREENED] 'Untitled' -> DROPPED @ ontology_concepts (dropped_ontology_score: 0.00 < 0.65)
2026-08-13 09:44:05,620 [INFO] [SCREENED] 'Untitled' -> DROPPED @ ontology_concepts (dropped_ontology_score: 0.00 < 0.65)
2026-08-13 09:44:05,644 [INFO] [SCREENED] 'Untitled' -> DROPPED @ ontology_concepts (dropped_ontology_score: 0.00 < 0.65)
2026-08-13 09:44:05,667 [INFO] [SCREENED] 'Untitled' -> DROPPED @ ontology_concepts (dropped_ontology_score: 0.00 < 0.65)
2026-08-13 09:44:05,705 [INFO] [SCREENED] 'Untitled' -> DROPPED @ ontology_concepts (dropped_ontology_score: 0.00 < 0.65)
2026-08-13 09:44:05,723 [INFO] [SCREENED] 'Untitled' -> DROPPED @ ontology_concepts (dropped_ontology_score: 0.00 < 0.65)
2026-08-13 09:44:05,743 [INFO] [SCREENED] 'Untitled' -> DROPPED @ ontology_concepts (dropped_ontology_score: 0.00 < 0.65)
2026-08-13 09:44:05,766 [INFO] [SCREENED] 'Untitled' -> DROPPED @ ontology_concepts (dropped_ontology_score: 0.00 < 0.65)
2026-08-13 09:44:05,792 [INFO] [SCREENED] 'Untitled' -> DROPPED @ ontology_concepts (dropped_ontology_score: 0.00 < 0.65)
2026-08-13 09:44:05,817 [INFO] [SCREENED] 'Untitled' -> DROPPED @ ontology_concepts (dropped_ontology_score: 0.00 < 0.65)
2026-08-13 09:44:05,849 [INFO] [SCREENED] 'Untitled' -> DROPPED @ ontology_concepts (dropped_ontology_score: 0.00 < 0.65)
2026-08-13 09:44:05,877 [INFO] [SCREENED] 'Untitled' -> DROPPED @ ontology_concepts (dropped_ontology_score: 0.00 < 0.65)
2026-08-13 09:44:05,903 [INFO] [SCREENED] 'Untitled' -> DROPPED @ ontology_concepts (dropped_ontology_score: 0.00 < 0.65)
2026-08-13 09:44:05,931 [INFO] [SCREENED] 'Untitled' -> DROPPED @ ontology_concepts (dropped_ontology_score: 0.00 < 0.65)
2026-08-13 09:44:05,954 [INFO] [SCREENED] 'Untitled' -> DROPPED @ ontology_concepts (dropped_ontology_score: 0.00 < 0.65)
2026-08-13 09:44:05,980 [INFO] [SCREENED] 'Untitled' -> DROPPED @ ontology_concepts (dropped_ontology_score: 0.00 < 0.65)
2026-08-13 09:44:06,012 [INFO] [SCREENED] 'Untitled' -> DROPPED @ ontology_concepts (dropped_ontology_score: 0.00 < 0.65)
2026-08-13 09:44:06,055 [INFO] [SCREENED] 'Untitled' -> DROPPED @ ontology_concepts (dropped_ontology_score: 0.00 < 0.65)
2026-08-13 09:44:06,088 [INFO] [SCREENED] 'Untitled' -> DROPPED @ ontology_concepts (dropped_ontology_score: 0.00 < 0.65)
2026-08-13 09:44:06,116 [INFO] [SCREENED] 'Untitled' -> DROPPED @ ontology_concepts (dropped_ontology_score: 0.00 < 0.65)
2026-08-13 09:44:06,153 [INFO] [SCREENED] 'Untitled' -> DROPPED @ ontology_concepts (dropped_ontology_score: 0.00 < 0.65)
2026-08-13 09:44:06,184 [INFO] [SCREENED] 'Untitled' -> DROPPED @ ontology_concepts (dropped_ontology_score: 0.00 < 0.65)
2026-08-13 09:44:06,217 [INFO] [SCREENED] 'Untitled' -> DROPPED @ ontology_concepts (dropped_ontology_score: 0.00 < 0.65)
2026-08-13 09:44:06,255 [INFO] [SCREENED] 'Untitled' -> DROPPED @ ontology_concepts (dropped_ontology_score: 0.00 < 0.65)
2026-08-13 09:44:06,281 [INFO] [SCREENED] 'Untitled' -> DROPPED @ ontology_concepts (dropped_ontology_score: 0.00 < 0.65)
2026-08-13 09:44:10,165 [CRITICAL] [AI CORE] Provider router exhausted all available keys.
2026-08-13 09:44:10,166 [INFO] [SCREENED] 'Untitled' -> DROPPED @ ai_confidence_gate (dropped_ai_confidence (scored 0.00 < 0.75))
2026-08-13 09:44:10,213 [INFO] [SCREENED] 'Untitled' -> DROPPED @ dedupe_hash (dropped_hash_duplicate)
2026-08-13 09:44:10,304 [INFO] [SCREENED] 'Untitled' -> DROPPED @ exclude_global_keywords (dropped_global_keyword: Form 4)
2026-08-13 09:44:10,323 [INFO] [SCREENED] 'Untitled' -> DROPPED @ dedupe_hash (dropped_hash_duplicate)
2026-08-13 09:44:12,495 [ERROR] Error processing article: name 'extract_target_ticker' is not defined
2026-08-13 09:44:12,500 [INFO] [SCREENED] 'Untitled' -> DROPPED @ dedupe_hash (dropped_hash_duplicate)
2026-08-13 09:44:12,562 [INFO] [SCREENED] 'Untitled' -> DROPPED @ exclude_global_keywords (dropped_global_keyword: Schedule 13G)
2026-08-13 09:44:12,583 [INFO] [SCREENED] 'Untitled' -> DROPPED @ dedupe_hash (dropped_hash_duplicate)
2026-08-13 09:44:16,116 [CRITICAL] [AI CORE] Provider router exhausted all available keys.
2026-08-13 09:44:16,116 [INFO] [SCREENED] 'Untitled' -> DROPPED @ ai_confidence_gate (dropped_ai_confidence (scored 0.00 < 0.75))
2026-08-13 09:44:16,158 [INFO] [SCREENED] 'Untitled' -> DROPPED @ dedupe_hash (dropped_hash_duplicate)
2026-08-13 09:44:16,224 [INFO] [SCREENED] 'Untitled' -> DROPPED @ exclude_global_keywords (dropped_global_keyword: Form 4)
2026-08-13 09:44:16,264 [ERROR] Error processing article: name 'extract_target_ticker' is not defined
2026-08-13 09:44:16,276 [INFO] [SCREENED] 'Untitled' -> DROPPED @ ontology_concepts (dropped_ontology_score: 0.00 < 0.65)
2026-08-13 09:44:16,305 [INFO] [SCREENED] 'Untitled' -> DROPPED @ ontology_concepts (dropped_ontology_score: 0.00 < 0.65)
2026-08-13 09:44:16,335 [INFO] [SCREENED] 'Untitled' -> DROPPED @ ontology_concepts (dropped_ontology_score: 0.00 < 0.65)
2026-08-13 09:44:16,375 [INFO] [SCREENED] 'Untitled' -> DROPPED @ ontology_concepts (dropped_ontology_score: 0.00 < 0.65)
2026-08-13 09:44:16,414 [ERROR] Error processing article: name 'extract_target_ticker' is not defined
2026-08-13 09:44:16,429 [ERROR] Error processing article: name 'extract_target_ticker' is not defined
2026-08-13 09:44:16,439 [INFO] [SCREENED] 'Untitled' -> DROPPED @ ontology_concepts (dropped_ontology_score: 0.00 < 0.65)
2026-08-13 09:44:16,467 [INFO] [SCREENED] 'Untitled' -> DROPPED @ ontology_concepts (dropped_ontology_score: 0.00 < 0.65)
2026-08-13 09:44:16,496 [ERROR] Error processing article: name 'extract_target_ticker' is not defined
2026-08-13 09:44:16,510 [INFO] [SCREENED] 'Untitled' -> DROPPED @ ontology_concepts (dropped_ontology_score: 0.00 < 0.65)
2026-08-13 09:44:16,535 [INFO] [SCREENED] 'Untitled' -> DROPPED @ ontology_concepts (dropped_ontology_score: 0.00 < 0.65)
2026-08-13 09:44:16,591 [INFO] [SCREENED] 'Untitled' -> DROPPED @ ontology_concepts (dropped_ontology_score: 0.00 < 0.65)
2026-08-13 09:44:19,858 [CRITICAL] [AI CORE] Provider router exhausted all available keys.
2026-08-13 09:44:19,859 [INFO] [SCREENED] 'Untitled' -> DROPPED @ ai_confidence_gate (dropped_ai_confidence (scored 0.00 < 0.75))
2026-08-13 09:44:19,926 [ERROR] Error processing article: name 'extract_target_ticker' is not defined
2026-08-13 09:44:19,941 [INFO] [SCREENED] 'Untitled' -> DROPPED @ ontology_concepts (dropped_ontology_score: 0.00 < 0.65)
2026-08-13 09:44:19,970 [INFO] [SCREENED] 'Untitled' -> DROPPED @ ontology_concepts (dropped_ontology_score: 0.00 < 0.65)
2026-08-13 09:44:20,008 [ERROR] Error processing article: name 'extract_target_ticker' is not defined
2026-08-13 09:44:20,022 [INFO] [SCREENED] 'Untitled' -> DROPPED @ ontology_concepts (dropped_ontology_score: 0.00 < 0.65)
2026-08-13 09:44:20,050 [INFO] [SCREENED] 'Untitled' -> DROPPED @ ontology_concepts (dropped_ontology_score: 0.00 < 0.65)
2026-08-13 09:44:20,079 [INFO] [SCREENED] 'Untitled' -> DROPPED @ ontology_concepts (dropped_ontology_score: 0.00 < 0.65)
2026-08-13 09:44:20,109 [INFO] [SCREENED] 'Untitled' -> DROPPED @ ontology_concepts (dropped_ontology_score: 0.00 < 0.65)
2026-08-13 09:44:20,138 [INFO] [SCREENED] 'Untitled' -> DROPPED @ ontology_concepts (dropped_ontology_score: 0.00 < 0.65)
2026-08-13 09:44:20,175 [INFO] [SCREENED] 'Untitled' -> DROPPED @ ontology_concepts (dropped_ontology_score: 0.00 < 0.65)
2026-08-13 09:44:20,212 [INFO] [SCREENED] 'Untitled' -> DROPPED @ ontology_concepts (dropped_ontology_score: 0.00 < 0.65)
2026-08-13 09:44:20,239 [INFO] [SCREENED] 'Untitled' -> DROPPED @ ontology_concepts (dropped_ontology_score: 0.00 < 0.65)
2026-08-13 09:44:20,272 [ERROR] Error processing article: name 'extract_target_ticker' is not defined
2026-08-13 09:44:20,283 [INFO] [SCREENED] 'Untitled' -> DROPPED @ ontology_concepts (dropped_ontology_score: 0.00 < 0.65)
2026-08-13 09:44:20,315 [ERROR] Error processing article: name 'extract_target_ticker' is not defined
2026-08-13 09:44:20,328 [INFO] [SCREENED] 'Untitled' -> DROPPED @ ontology_concepts (dropped_ontology_score: 0.00 < 0.65)
2026-08-13 09:44:20,358 [INFO] [SCREENED] 'Untitled' -> DROPPED @ ontology_concepts (dropped_ontology_score: 0.00 < 0.65)
2026-08-13 09:44:20,385 [INFO] [SCREENED] 'Untitled' -> DROPPED @ ontology_concepts (dropped_ontology_score: 0.00 < 0.65)
2026-08-13 09:44:20,411 [INFO] [SCREENED] 'Untitled' -> DROPPED @ ontology_concepts (dropped_ontology_score: 0.00 < 0.65)
2026-08-13 09:44:20,437 [INFO] [SCREENED] 'Untitled' -> DROPPED @ ontology_concepts (dropped_ontology_score: 0.00 < 0.65)
2026-08-13 09:44:20,466 [INFO] [SCREENED] 'Untitled' -> DROPPED @ ontology_concepts (dropped_ontology_score: 0.00 < 0.65)
2026-08-13 09:44:20,498 [INFO] [SCREENED] 'Untitled' -> DROPPED @ ontology_concepts (dropped_ontology_score: 0.00 < 0.65)
2026-08-13 09:44:20,550 [ERROR] Error processing article: name 'extract_target_ticker' is not defined
2026-08-13 09:44:20,584 [ERROR] Error processing article: name 'extract_target_ticker' is not defined
2026-08-13 09:44:20,599 [INFO] [SCREENED] 'Untitled' -> DROPPED @ ontology_concepts (dropped_ontology_score: 0.00 < 0.65)
2026-08-13 09:44:20,627 [INFO] [SCREENED] 'Untitled' -> DROPPED @ ontology_concepts (dropped_ontology_score: 0.00 < 0.65)
2026-08-13 09:44:20,641 [INFO] [SCREENED] 'Untitled' -> DROPPED @ dedupe_hash (dropped_hash_duplicate)
2026-08-13 09:44:20,661 [INFO] [SCREENED] 'Untitled' -> DROPPED @ ontology_concepts (dropped_ontology_score: 0.00 < 0.65)
2026-08-13 09:44:20,687 [INFO] [SCREENED] 'Untitled' -> DROPPED @ ontology_concepts (dropped_ontology_score: 0.00 < 0.65)
2026-08-13 09:44:20,713 [INFO] [SCREENED] 'Untitled' -> DROPPED @ ontology_concepts (dropped_ontology_score: 0.00 < 0.65)
2026-08-13 09:44:20,743 [INFO] [SCREENED] 'Untitled' -> DROPPED @ ontology_concepts (dropped_ontology_score: 0.00 < 0.65)
2026-08-13 09:44:20,790 [INFO] [SCREENED] 'Untitled' -> DROPPED @ ontology_concepts (dropped_ontology_score: 0.00 < 0.65)
2026-08-13 09:44:20,821 [INFO] [SCREENED] 'Untitled' -> DROPPED @ ontology_concepts (dropped_ontology_score: 0.00 < 0.65)
2026-08-13 09:44:20,848 [INFO] [SCREENED] 'Untitled' -> DROPPED @ ontology_concepts (dropped_ontology_score: 0.00 < 0.65)
2026-08-13 09:44:20,874 [INFO] [SCREENED] 'Untitled' -> DROPPED @ ontology_concepts (dropped_ontology_score: 0.00 < 0.65)
2026-08-13 09:44:20,907 [INFO] [SCREENED] 'Untitled' -> DROPPED @ ontology_concepts (dropped_ontology_score: 0.00 < 0.65)
2026-08-13 09:44:20,946 [ERROR] Error processing article: name 'extract_target_ticker' is not defined
2026-08-13 09:44:20,959 [INFO] [SCREENED] 'Untitled' -> DROPPED @ ontology_concepts (dropped_ontology_score: 0.00 < 0.65)
2026-08-13 09:44:20,992 [INFO] [SCREENED] 'Untitled' -> DROPPED @ ontology_concepts (dropped_ontology_score: 0.00 < 0.65)
2026-08-13 09:44:21,023 [ERROR] Error processing article: name 'extract_target_ticker' is not defined
2026-08-13 09:44:21,036 [ERROR] Error processing article: name 'extract_target_ticker' is not defined
2026-08-13 09:44:21,048 [INFO] [SCREENED] 'Untitled' -> DROPPED @ ontology_concepts (dropped_ontology_score: 0.00 < 0.65)
2026-08-13 09:44:21,074 [INFO] [SCREENED] 'Untitled' -> DROPPED @ ontology_concepts (dropped_ontology_score: 0.00 < 0.65)
2026-08-13 09:44:21,101 [ERROR] Error processing article: name 'extract_target_ticker' is not defined
2026-08-13 09:44:21,116 [ERROR] Error processing article: name 'extract_target_ticker' is not defined
2026-08-13 09:44:21,127 [INFO] [SCREENED] 'Untitled' -> DROPPED @ ontology_concepts (dropped_ontology_score: 0.00 < 0.65)
2026-08-13 09:44:21,154 [INFO] [SCREENED] 'Untitled' -> DROPPED @ ontology_concepts (dropped_ontology_score: 0.00 < 0.65)
2026-08-13 09:44:21,183 [INFO] [SCREENED] 'Untitled' -> DROPPED @ ontology_concepts (dropped_ontology_score: 0.00 < 0.65)
2026-08-13 09:44:21,215 [INFO] [SCREENED] 'Untitled' -> DROPPED @ ontology_concepts (dropped_ontology_score: 0.00 < 0.65)
2026-08-13 09:44:21,247 [INFO] [SCREENED] 'Untitled' -> DROPPED @ ontology_concepts (dropped_ontology_score: 0.00 < 0.65)
2026-08-13 09:44:21,282 [INFO] [SCREENED] 'Untitled' -> DROPPED @ ontology_concepts (dropped_ontology_score: 0.00 < 0.65)
2026-08-13 09:44:21,318 [INFO] [SCREENED] 'Untitled' -> DROPPED @ ontology_concepts (dropped_ontology_score: 0.00 < 0.65)
2026-08-13 09:44:21,348 [ERROR] Error processing article: name 'extract_target_ticker' is not defined
2026-08-13 09:44:21,359 [INFO] [SCREENED] 'Untitled' -> DROPPED @ ontology_concepts (dropped_ontology_score: 0.00 < 0.65)
2026-08-13 09:44:21,383 [ERROR] Error processing article: name 'extract_target_ticker' is not defined
2026-08-13 09:44:21,397 [INFO] [SCREENED] 'Untitled' -> DROPPED @ ontology_concepts (dropped_ontology_score: 0.00 < 0.65)
2026-08-13 09:44:21,423 [INFO] [SCREENED] 'Untitled' -> DROPPED @ ontology_concepts (dropped_ontology_score: 0.00 < 0.65)
2026-08-13 09:44:21,458 [INFO] [SCREENED] 'Untitled' -> DROPPED @ ontology_concepts (dropped_ontology_score: 0.00 < 0.65)
2026-08-13 09:44:21,495 [INFO] [SCREENED] 'Untitled' -> DROPPED @ ontology_concepts (dropped_ontology_score: 0.00 < 0.65)
2026-08-13 09:44:21,529 [ERROR] Error processing article: name 'extract_target_ticker' is not defined
2026-08-13 09:44:21,543 [INFO] [SCREENED] 'Untitled' -> DROPPED @ ontology_concepts (dropped_ontology_score: 0.00 < 0.65)
2026-08-13 09:44:21,573 [ERROR] Error processing article: name 'extract_target_ticker' is not defined
2026-08-13 09:44:21,585 [INFO] [SCREENED] 'Untitled' -> DROPPED @ ontology_concepts (dropped_ontology_score: 0.00 < 0.65)
2026-08-13 09:44:21,636 [ERROR] Error processing article: name 'extract_target_ticker' is not defined
2026-08-13 09:44:21,652 [INFO] [SCREENED] 'Untitled' -> DROPPED @ ontology_concepts (dropped_ontology_score: 0.00 < 0.65)
2026-08-13 09:44:21,678 [INFO] [SCREENED] 'Untitled' -> DROPPED @ ontology_concepts (dropped_ontology_score: 0.00 < 0.65)
2026-08-13 09:44:21,714 [INFO] [SCREENED] 'Untitled' -> DROPPED @ ontology_concepts (dropped_ontology_score: 0.00 < 0.65)
2026-08-13 09:44:21,739 [ERROR] Error processing article: name 'extract_target_ticker' is not defined
2026-08-13 09:44:21,754 [ERROR] Error processing article: name 'extract_target_ticker' is not defined
2026-08-13 09:44:21,767 [INFO] [SCREENED] 'Untitled' -> DROPPED @ ontology_concepts (dropped_ontology_score: 0.00 < 0.65)
2026-08-13 09:44:21,795 [ERROR] Error processing article: name 'extract_target_ticker' is not defined
2026-08-13 09:44:21,812 [ERROR] Error processing article: name 'extract_target_ticker' is not defined
2026-08-13 09:44:21,823 [INFO] [SCREENED] 'Untitled' -> DROPPED @ ontology_concepts (dropped_ontology_score: 0.00 < 0.65)
2026-08-13 09:44:21,853 [ERROR] Error processing article: name 'extract_target_ticker' is not defined
2026-08-13 09:44:21,863 [INFO] [SCREENED] 'Untitled' -> DROPPED @ ontology_concepts (dropped_ontology_score: 0.00 < 0.65)
2026-08-13 09:44:21,886 [ERROR] Error processing article: name 'extract_target_ticker' is not defined
2026-08-13 09:44:21,898 [INFO] [SCREENED] 'Untitled' -> DROPPED @ ontology_concepts (dropped_ontology_score: 0.00 < 0.65)
2026-08-13 09:44:21,931 [ERROR] Error processing article: name 'extract_target_ticker' is not defined
2026-08-13 09:44:21,952 [ERROR] Error processing article: name 'extract_target_ticker' is not defined
2026-08-13 09:44:21,965 [INFO] [SCREENED] 'Untitled' -> DROPPED @ ontology_concepts (dropped_ontology_score: 0.00 < 0.65)
2026-08-13 09:44:21,993 [INFO] [SCREENED] 'Untitled' -> DROPPED @ ontology_concepts (dropped_ontology_score: 0.00 < 0.65)
2026-08-13 09:44:22,018 [ERROR] Error processing article: name 'extract_target_ticker' is not defined
2026-08-13 09:44:22,031 [INFO] [SCREENED] 'Untitled' -> DROPPED @ ontology_concepts (dropped_ontology_score: 0.00 < 0.65)
2026-08-13 09:44:22,060 [INFO] [SCREENED] 'Untitled' -> DROPPED @ ontology_concepts (dropped_ontology_score: 0.00 < 0.65)
2026-08-13 09:44:22,087 [ERROR] Error processing article: name 'extract_target_ticker' is not defined
2026-08-13 09:44:22,098 [INFO] [SCREENED] 'Untitled' -> DROPPED @ ontology_concepts (dropped_ontology_score: 0.00 < 0.65)
2026-08-13 09:44:22,126 [INFO] [SCREENED] 'Untitled' -> DROPPED @ ontology_concepts (dropped_ontology_score: 0.00 < 0.65)
2026-08-13 09:44:22,197 [INFO] [SCREENED] 'Untitled' -> DROPPED @ ontology_concepts (dropped_ontology_score: 0.00 < 0.65)
2026-08-13 09:44:22,224 [INFO] [SCREENED] 'Untitled' -> DROPPED @ ontology_concepts (dropped_ontology_score: 0.00 < 0.65)
2026-08-13 09:44:22,259 [INFO] [SCREENED] 'Untitled' -> DROPPED @ ontology_concepts (dropped_ontology_score: 0.00 < 0.65)
2026-08-13 09:44:22,306 [ERROR] Error processing article: name 'extract_target_ticker' is not defined
2026-08-13 09:44:22,333 [INFO] [SCREENED] 'Untitled' -> DROPPED @ ontology_concepts (dropped_ontology_score: 0.00 < 0.65)
2026-08-13 09:44:22,367 [INFO] [SCREENED] 'Untitled' -> DROPPED @ ontology_concepts (dropped_ontology_score: 0.00 < 0.65)
2026-08-13 09:44:22,398 [INFO] [SCREENED] 'Untitled' -> DROPPED @ ontology_concepts (dropped_ontology_score: 0.00 < 0.65)
2026-08-13 09:44:22,424 [INFO] [SCREENED] 'Untitled' -> DROPPED @ ontology_concepts (dropped_ontology_score: 0.00 < 0.65)
2026-08-13 09:44:22,455 [INFO] [SCREENED] 'Untitled' -> DROPPED @ ontology_concepts (dropped_ontology_score: 0.00 < 0.65)
2026-08-13 09:44:22,483 [INFO] [SCREENED] 'Untitled' -> DROPPED @ ontology_concepts (dropped_ontology_score: 0.00 < 0.65)
2026-08-13 09:44:22,508 [INFO] [SCREENED] 'Untitled' -> DROPPED @ ontology_concepts (dropped_ontology_score: 0.00 < 0.65)
2026-08-13 09:44:22,538 [ERROR] Error processing article: name 'extract_target_ticker' is not defined
2026-08-13 09:44:22,551 [ERROR] Error processing article: name 'extract_target_ticker' is not defined
2026-08-13 09:44:22,561 [INFO] [SCREENED] 'Untitled' -> DROPPED @ ontology_concepts (dropped_ontology_score: 0.00 < 0.65)
2026-08-13 09:44:22,585 [INFO] [SCREENED] 'Untitled' -> DROPPED @ ontology_concepts (dropped_ontology_score: 0.00 < 0.65)
2026-08-13 09:44:22,612 [INFO] [SCREENED] 'Untitled' -> DROPPED @ ontology_concepts (dropped_ontology_score: 0.00 < 0.65)
2026-08-13 09:44:22,640 [ERROR] Error processing article: name 'extract_target_ticker' is not defined
2026-08-13 09:44:22,654 [INFO] [SCREENED] 'Untitled' -> DROPPED @ ontology_concepts (dropped_ontology_score: 0.00 < 0.65)
2026-08-13 09:44:22,686 [INFO] [SCREENED] 'Untitled' -> DROPPED @ ontology_concepts (dropped_ontology_score: 0.00 < 0.65)
2026-08-13 09:44:22,716 [INFO] [SCREENED] 'Untitled' -> DROPPED @ ontology_concepts (dropped_ontology_score: 0.00 < 0.65)
2026-08-13 09:44:22,748 [INFO] [SCREENED] 'Untitled' -> DROPPED @ ontology_concepts (dropped_ontology_score: 0.00 < 0.65)
2026-08-13 09:44:22,784 [INFO] [SCREENED] 'Untitled' -> DROPPED @ ontology_concepts (dropped_ontology_score: 0.00 < 0.65)
2026-08-13 09:44:22,816 [INFO] [SCREENED] 'Untitled' -> DROPPED @ ontology_concepts (dropped_ontology_score: 0.00 < 0.65)
2026-08-13 09:44:22,842 [INFO] [SCREENED] 'Untitled' -> DROPPED @ ontology_concepts (dropped_ontology_score: 0.00 < 0.65)
2026-08-13 09:44:22,867 [INFO] [SCREENED] 'Untitled' -> DROPPED @ ontology_concepts (dropped_ontology_score: 0.00 < 0.65)
2026-08-13 09:44:22,896 [INFO] [SCREENED] 'Untitled' -> DROPPED @ ontology_concepts (dropped_ontology_score: 0.00 < 0.65)
2026-08-13 09:44:22,922 [ERROR] Error processing article: name 'extract_target_ticker' is not defined
2026-08-13 09:44:22,935 [INFO] [SCREENED] 'Untitled' -> DROPPED @ ontology_concepts (dropped_ontology_score: 0.00 < 0.65)
2026-08-13 09:44:22,963 [INFO] [SCREENED] 'Untitled' -> DROPPED @ ontology_concepts (dropped_ontology_score: 0.00 < 0.65)
2026-08-13 09:44:22,988 [INFO] [SCREENED] 'Untitled' -> DROPPED @ ontology_concepts (dropped_ontology_score: 0.00 < 0.65)
2026-08-13 09:44:23,013 [INFO] [SCREENED] 'Untitled' -> DROPPED @ ontology_concepts (dropped_ontology_score: 0.00 < 0.65)
2026-08-13 09:44:23,038 [INFO] [SCREENED] 'Untitled' -> DROPPED @ ontology_concepts (dropped_ontology_score: 0.00 < 0.65)
2026-08-13 09:44:23,085 [INFO] [SCREENED] 'Untitled' -> DROPPED @ ontology_concepts (dropped_ontology_score: 0.00 < 0.65)
2026-08-13 09:44:23,116 [INFO] [SCREENED] 'Untitled' -> DROPPED @ ontology_concepts (dropped_ontology_score: 0.00 < 0.65)
2026-08-13 09:44:23,140 [INFO] [SCREENED] 'Untitled' -> DROPPED @ ontology_concepts (dropped_ontology_score: 0.00 < 0.65)
2026-08-13 09:44:23,163 [INFO] [SCREENED] 'Untitled' -> DROPPED @ ontology_concepts (dropped_ontology_score: 0.00 < 0.65)
2026-08-13 09:44:23,188 [INFO] [SCREENED] 'Untitled' -> DROPPED @ ontology_concepts (dropped_ontology_score: 0.00 < 0.65)
2026-08-13 09:44:23,212 [INFO] [SCREENED] 'Untitled' -> DROPPED @ ontology_concepts (dropped_ontology_score: 0.00 < 0.65)
2026-08-13 09:44:23,238 [INFO] [SCREENED] 'Untitled' -> DROPPED @ ontology_concepts (dropped_ontology_score: 0.00 < 0.65)
2026-08-13 09:44:23,269 [INFO] [SCREENED] 'Untitled' -> DROPPED @ ontology_concepts (dropped_ontology_score: 0.00 < 0.65)
2026-08-13 09:44:23,298 [INFO] [SCREENED] 'Untitled' -> DROPPED @ ontology_concepts (dropped_ontology_score: 0.00 < 0.65)
2026-08-13 09:44:23,328 [INFO] [SCREENED] 'Untitled' -> DROPPED @ ontology_concepts (dropped_ontology_score: 0.00 < 0.65)
2026-08-13 09:44:23,358 [INFO] [SCREENED] 'Untitled' -> DROPPED @ ontology_concepts (dropped_ontology_score: 0.00 < 0.65)
2026-08-13 09:44:23,383 [INFO] [SCREENED] 'Untitled' -> DROPPED @ ontology_concepts (dropped_ontology_score: 0.00 < 0.65)
2026-08-13 09:44:23,410 [INFO] [SCREENED] 'Untitled' -> DROPPED @ ontology_concepts (dropped_ontology_score: 0.00 < 0.65)
2026-08-13 09:44:23,435 [INFO] [SCREENED] 'Untitled' -> DROPPED @ ontology_concepts (dropped_ontology_score: 0.00 < 0.65)
2026-08-13 09:44:23,465 [INFO] [SCREENED] 'Untitled' -> DROPPED @ ontology_concepts (dropped_ontology_score: 0.00 < 0.65)
2026-08-13 09:44:23,490 [INFO] [SCREENED] 'Untitled' -> DROPPED @ ontology_concepts (dropped_ontology_score: 0.00 < 0.65)
2026-08-13 09:44:23,523 [INFO] [SCREENED] 'Untitled' -> DROPPED @ ontology_concepts (dropped_ontology_score: 0.00 < 0.65)
2026-08-13 09:44:23,551 [INFO] [SCREENED] 'Untitled' -> DROPPED @ ontology_concepts (dropped_ontology_score: 0.00 < 0.65)
2026-08-13 09:44:23,573 [INFO] [SCREENED] 'Untitled' -> DROPPED @ ontology_concepts (dropped_ontology_score: 0.00 < 0.65)
2026-08-13 09:44:23,600 [INFO] [SCREENED] 'Untitled' -> DROPPED @ ontology_concepts (dropped_ontology_score: 0.00 < 0.65)
2026-08-13 09:44:23,623 [INFO] [SCREENED] 'Untitled' -> DROPPED @ ontology_concepts (dropped_ontology_score: 0.00 < 0.65)
2026-08-13 09:44:23,647 [INFO] [SCREENED] 'Untitled' -> DROPPED @ ontology_concepts (dropped_ontology_score: 0.00 < 0.65)
2026-08-13 09:44:23,672 [INFO] [SCREENED] 'Untitled' -> DROPPED @ ontology_concepts (dropped_ontology_score: 0.00 < 0.65)
2026-08-13 09:44:23,697 [INFO] [SCREENED] 'Untitled' -> DROPPED @ ontology_concepts (dropped_ontology_score: 0.00 < 0.65)
2026-08-13 09:44:23,723 [INFO] [SCREENED] 'Untitled' -> DROPPED @ ontology_concepts (dropped_ontology_score: 0.00 < 0.65)
2026-08-13 09:44:23,748 [INFO] [SCREENED] 'Untitled' -> DROPPED @ ontology_concepts (dropped_ontology_score: 0.00 < 0.65)
2026-08-13 09:44:23,773 [INFO] [SCREENED] 'Untitled' -> DROPPED @ ontology_concepts (dropped_ontology_score: 0.00 < 0.65)
2026-08-13 09:44:23,823 [INFO] [SCREENED] 'Untitled' -> DROPPED @ ontology_concepts (dropped_ontology_score: 0.00 < 0.65)
2026-08-13 09:44:23,861 [ERROR] Error processing article: name 'extract_target_ticker' is not defined
2026-08-13 09:44:23,882 [INFO] [SCREENED] 'Untitled' -> DROPPED @ ontology_concepts (dropped_ontology_score: 0.00 < 0.65)
2026-08-13 09:44:23,913 [INFO] [SCREENED] 'Untitled' -> DROPPED @ ontology_concepts (dropped_ontology_score: 0.00 < 0.65)
2026-08-13 09:44:23,943 [INFO] [SCREENED] 'Untitled' -> DROPPED @ ontology_concepts (dropped_ontology_score: 0.00 < 0.65)
2026-08-13 09:44:23,969 [INFO] [SCREENED] 'Untitled' -> DROPPED @ ontology_concepts (dropped_ontology_score: 0.00 < 0.65)
2026-08-13 09:44:24,001 [INFO] [SCREENED] 'Untitled' -> DROPPED @ ontology_concepts (dropped_ontology_score: 0.00 < 0.65)
2026-08-13 09:44:24,042 [ERROR] Error processing article: name 'extract_target_ticker' is not defined
2026-08-13 09:44:24,057 [INFO] [SCREENED] 'Untitled' -> DROPPED @ ontology_concepts (dropped_ontology_score: 0.00 < 0.65)
2026-08-13 09:44:24,087 [ERROR] Error processing article: name 'extract_target_ticker' is not defined
2026-08-13 09:44:24,108 [ERROR] Error processing article: name 'extract_target_ticker' is not defined
2026-08-13 09:44:24,136 [ERROR] Error processing article: name 'extract_target_ticker' is not defined
2026-08-13 09:44:24,137 [INFO] [SCREENED] 'Untitled' -> DROPPED @ dedupe_hash (dropped_hash_duplicate)
2026-08-13 09:44:24,148 [INFO] [SCREENED] 'Untitled' -> DROPPED @ dedupe_hash (dropped_hash_duplicate)
2026-08-13 09:44:24,170 [INFO] [SCREENED] 'Untitled' -> DROPPED @ ontology_concepts (dropped_ontology_score: 0.00 < 0.65)
2026-08-13 09:44:24,200 [INFO] [SCREENED] 'Untitled' -> DROPPED @ ontology_concepts (dropped_ontology_score: 0.00 < 0.65)
2026-08-13 09:44:24,226 [INFO] [SCREENED] 'Untitled' -> DROPPED @ ontology_concepts (dropped_ontology_score: 0.00 < 0.65)
2026-08-13 09:44:24,255 [ERROR] Error processing article: name 'extract_target_ticker' is not defined
2026-08-13 09:44:24,267 [INFO] [SCREENED] 'Untitled' -> DROPPED @ ontology_concepts (dropped_ontology_score: 0.00 < 0.65)
2026-08-13 09:44:24,299 [ERROR] Error processing article: name 'extract_target_ticker' is not defined
2026-08-13 09:44:24,311 [INFO] [SCREENED] 'Untitled' -> DROPPED @ ontology_concepts (dropped_ontology_score: 0.00 < 0.65)
2026-08-13 09:44:24,338 [ERROR] Error processing article: name 'extract_target_ticker' is not defined
2026-08-13 09:44:24,350 [INFO] [SCREENED] 'Untitled' -> DROPPED @ ontology_concepts (dropped_ontology_score: 0.00 < 0.65)
2026-08-13 09:44:24,377 [ERROR] Error processing article: name 'extract_target_ticker' is not defined
2026-08-13 09:44:24,401 [ERROR] Error processing article: name 'extract_target_ticker' is not defined
2026-08-13 09:44:24,417 [INFO] [SCREENED] 'Untitled' -> DROPPED @ ontology_concepts (dropped_ontology_score: 0.00 < 0.65)
2026-08-13 09:44:24,444 [ERROR] Error processing article: name 'extract_target_ticker' is not defined
2026-08-13 09:44:24,454 [INFO] [SCREENED] 'Untitled' -> DROPPED @ ontology_concepts (dropped_ontology_score: 0.00 < 0.65)
2026-08-13 09:44:24,523 [INFO] [SCREENED] 'Untitled' -> DROPPED @ ontology_concepts (dropped_ontology_score: 0.00 < 0.65)
2026-08-13 09:44:24,549 [INFO] [SCREENED] 'Untitled' -> DROPPED @ ontology_concepts (dropped_ontology_score: 0.00 < 0.65)
2026-08-13 09:44:24,588 [INFO] [SCREENED] 'Untitled' -> DROPPED @ ontology_concepts (dropped_ontology_score: 0.00 < 0.65)
2026-08-13 09:44:24,620 [INFO] [SCREENED] 'Untitled' -> DROPPED @ ontology_concepts (dropped_ontology_score: 0.00 < 0.65)
2026-08-13 09:44:24,652 [ERROR] Error processing article: name 'extract_target_ticker' is not defined
2026-08-13 09:44:24,667 [INFO] [SCREENED] 'Untitled' -> DROPPED @ ontology_concepts (dropped_ontology_score: 0.00 < 0.65)
2026-08-13 09:44:24,694 [INFO] [SCREENED] 'Untitled' -> DROPPED @ ontology_concepts (dropped_ontology_score: 0.00 < 0.65)
2026-08-13 09:44:24,723 [INFO] [SCREENED] 'Untitled' -> DROPPED @ ontology_concepts (dropped_ontology_score: 0.00 < 0.65)
2026-08-13 09:44:24,749 [INFO] [SCREENED] 'Untitled' -> DROPPED @ ontology_concepts (dropped_ontology_score: 0.00 < 0.65)
2026-08-13 09:44:24,775 [INFO] [SCREENED] 'Untitled' -> DROPPED @ ontology_concepts (dropped_ontology_score: 0.00 < 0.65)
2026-08-13 09:44:24,817 [INFO] [SCREENED] 'Untitled' -> DROPPED @ ontology_concepts (dropped_ontology_score: 0.00 < 0.65)
2026-08-13 09:44:24,847 [INFO] [SCREENED] 'Untitled' -> DROPPED @ ontology_concepts (dropped_ontology_score: 0.00 < 0.65)
2026-08-13 09:44:24,885 [INFO] [SCREENED] 'Untitled' -> DROPPED @ ontology_concepts (dropped_ontology_score: 0.00 < 0.65)
2026-08-13 09:44:24,924 [INFO] [SCREENED] 'Untitled' -> DROPPED @ ontology_concepts (dropped_ontology_score: 0.00 < 0.65)
2026-08-13 09:44:24,951 [INFO] [SCREENED] 'Untitled' -> DROPPED @ ontology_concepts (dropped_ontology_score: 0.00 < 0.65)
2026-08-13 09:44:24,978 [ERROR] Error processing article: name 'extract_target_ticker' is not defined
2026-08-13 09:44:24,992 [ERROR] Error processing article: name 'extract_target_ticker' is not defined
2026-08-13 09:44:25,006 [ERROR] Error processing article: name 'extract_target_ticker' is not defined
2026-08-13 09:44:25,020 [ERROR] Error processing article: name 'extract_target_ticker' is not defined
2026-08-13 09:44:25,030 [INFO] [SCREENED] 'Untitled' -> DROPPED @ ontology_concepts (dropped_ontology_score: 0.00 < 0.65)
2026-08-13 09:44:25,082 [ERROR] Error processing article: name 'extract_target_ticker' is not defined
2026-08-13 09:44:25,107 [ERROR] Error processing article: name 'extract_target_ticker' is not defined
2026-08-13 09:44:25,108 [INFO] [SCREENED] 'Untitled' -> DROPPED @ dedupe_hash (dropped_hash_duplicate)
2026-08-13 09:44:25,131 [INFO] [SCREENED] 'Untitled' -> DROPPED @ ontology_concepts (dropped_ontology_score: 0.00 < 0.65)
2026-08-13 09:44:25,157 [INFO] [SCREENED] 'Untitled' -> DROPPED @ ontology_concepts (dropped_ontology_score: 0.00 < 0.65)
2026-08-13 09:44:25,194 [ERROR] Error processing article: name 'extract_target_ticker' is not defined
2026-08-13 09:44:25,214 [ERROR] Error processing article: name 'extract_target_ticker' is not defined
2026-08-13 09:44:25,226 [INFO] [SCREENED] 'Untitled' -> DROPPED @ ontology_concepts (dropped_ontology_score: 0.00 < 0.65)
2026-08-13 09:44:25,257 [ERROR] Error processing article: name 'extract_target_ticker' is not defined
2026-08-13 09:44:25,268 [INFO] [SCREENED] 'Untitled' -> DROPPED @ ontology_concepts (dropped_ontology_score: 0.00 < 0.65)
2026-08-13 09:44:25,301 [ERROR] Error processing article: name 'extract_target_ticker' is not defined
2026-08-13 09:44:25,311 [INFO] [SCREENED] 'Untitled' -> DROPPED @ ontology_concepts (dropped_ontology_score: 0.00 < 0.65)
2026-08-13 09:44:25,339 [INFO] [SCREENED] 'Untitled' -> DROPPED @ ontology_concepts (dropped_ontology_score: 0.00 < 0.65)
2026-08-13 09:44:25,365 [INFO] [SCREENED] 'Untitled' -> DROPPED @ ontology_concepts (dropped_ontology_score: 0.00 < 0.65)
2026-08-13 09:44:25,395 [ERROR] Error processing article: name 'extract_target_ticker' is not defined
2026-08-13 09:44:25,408 [INFO] [SCREENED] 'Untitled' -> DROPPED @ ontology_concepts (dropped_ontology_score: 0.00 < 0.65)
2026-08-13 09:44:25,460 [INFO] [SCREENED] 'Untitled' -> DROPPED @ ontology_concepts (dropped_ontology_score: 0.00 < 0.65)
2026-08-13 09:44:25,496 [INFO] [SCREENED] 'Untitled' -> DROPPED @ ontology_concepts (dropped_ontology_score: 0.00 < 0.65)
2026-08-13 09:44:25,528 [ERROR] Error processing article: name 'extract_target_ticker' is not defined
2026-08-13 09:44:25,539 [INFO] [SCREENED] 'Untitled' -> DROPPED @ ontology_concepts (dropped_ontology_score: 0.00 < 0.65)
2026-08-13 09:44:25,569 [ERROR] Error processing article: name 'extract_target_ticker' is not defined
2026-08-13 09:44:25,582 [INFO] [SCREENED] 'Untitled' -> DROPPED @ ontology_concepts (dropped_ontology_score: 0.00 < 0.65)
2026-08-13 09:44:25,613 [ERROR] Error processing article: name 'extract_target_ticker' is not defined
2026-08-13 09:44:25,629 [INFO] [SCREENED] 'Untitled' -> DROPPED @ ontology_concepts (dropped_ontology_score: 0.00 < 0.65)
2026-08-13 09:44:25,657 [INFO] [SCREENED] 'Untitled' -> DROPPED @ ontology_concepts (dropped_ontology_score: 0.00 < 0.65)
2026-08-13 09:44:25,692 [INFO] [SCREENED] 'Untitled' -> DROPPED @ ontology_concepts (dropped_ontology_score: 0.00 < 0.65)
2026-08-13 09:44:25,762 [ERROR] Error processing article: name 'extract_target_ticker' is not defined
2026-08-13 09:44:25,813 [INFO] [SCREENED] 'Untitled' -> DROPPED @ ontology_concepts (dropped_ontology_score: 0.00 < 0.65)
2026-08-13 09:44:25,885 [INFO] [SCREENED] 'Untitled' -> DROPPED @ ontology_concepts (dropped_ontology_score: 0.00 < 0.65)
2026-08-13 09:44:25,919 [INFO] [SCREENED] 'Untitled' -> DROPPED @ ontology_concepts (dropped_ontology_score: 0.00 < 0.65)
2026-08-13 09:44:25,943 [INFO] [SCREENED] 'Untitled' -> DROPPED @ ontology_concepts (dropped_ontology_score: 0.00 < 0.65)
2026-08-13 09:44:25,971 [ERROR] Error processing article: name 'extract_target_ticker' is not defined
2026-08-13 09:44:25,987 [ERROR] Error processing article: name 'extract_target_ticker' is not defined
2026-08-13 09:44:26,001 [INFO] [SCREENED] 'Untitled' -> DROPPED @ ontology_concepts (dropped_ontology_score: 0.00 < 0.65)
2026-08-13 09:44:26,040 [INFO] [SCREENED] 'Untitled' -> DROPPED @ ontology_concepts (dropped_ontology_score: 0.00 < 0.65)
2026-08-13 09:44:26,065 [INFO] [SCREENED] 'Untitled' -> DROPPED @ ontology_concepts (dropped_ontology_score: 0.00 < 0.65)
2026-08-13 09:44:26,092 [INFO] [SCREENED] 'Untitled' -> DROPPED @ ontology_concepts (dropped_ontology_score: 0.00 < 0.65)
2026-08-13 09:44:26,118 [INFO] [SCREENED] 'Untitled' -> DROPPED @ ontology_concepts (dropped_ontology_score: 0.00 < 0.65)
2026-08-13 09:44:26,144 [INFO] [SCREENED] 'Untitled' -> DROPPED @ ontology_concepts (dropped_ontology_score: 0.00 < 0.65)
2026-08-13 09:44:26,177 [ERROR] Error processing article: name 'extract_target_ticker' is not defined
2026-08-13 09:44:26,193 [ERROR] Error processing article: name 'extract_target_ticker' is not defined
2026-08-13 09:44:26,206 [INFO] [SCREENED] 'Untitled' -> DROPPED @ ontology_concepts (dropped_ontology_score: 0.00 < 0.65)
2026-08-13 09:44:26,232 [INFO] [SCREENED] 'Untitled' -> DROPPED @ ontology_concepts (dropped_ontology_score: 0.00 < 0.65)
2026-08-13 09:44:26,257 [INFO] [SCREENED] 'Untitled' -> DROPPED @ ontology_concepts (dropped_ontology_score: 0.00 < 0.65)
2026-08-13 09:44:26,280 [INFO] [SCREENED] 'Untitled' -> DROPPED @ ontology_concepts (dropped_ontology_score: 0.00 < 0.65)
2026-08-13 09:44:26,303 [INFO] [SCREENED] 'Untitled' -> DROPPED @ ontology_concepts (dropped_ontology_score: 0.00 < 0.65)
2026-08-13 09:44:26,330 [ERROR] Error processing article: name 'extract_target_ticker' is not defined
2026-08-13 09:44:26,347 [ERROR] Error processing article: name 'extract_target_ticker' is not defined
2026-08-13 09:44:26,358 [INFO] [SCREENED] 'Untitled' -> DROPPED @ ontology_concepts (dropped_ontology_score: 0.00 < 0.65)
2026-08-13 09:44:26,392 [INFO] [SCREENED] 'Untitled' -> DROPPED @ ontology_concepts (dropped_ontology_score: 0.00 < 0.65)
2026-08-13 09:44:26,422 [INFO] [SCREENED] 'Untitled' -> DROPPED @ ontology_concepts (dropped_ontology_score: 0.00 < 0.65)
2026-08-13 09:44:26,454 [INFO] [SCREENED] 'Untitled' -> DROPPED @ ontology_concepts (dropped_ontology_score: 0.00 < 0.65)
2026-08-13 09:44:26,483 [INFO] [SCREENED] 'Untitled' -> DROPPED @ ontology_concepts (dropped_ontology_score: 0.00 < 0.65)
2026-08-13 09:44:26,512 [ERROR] Error processing article: name 'extract_target_ticker' is not defined
2026-08-13 09:44:26,525 [INFO] [SCREENED] 'Untitled' -> DROPPED @ ontology_concepts (dropped_ontology_score: 0.00 < 0.65)
2026-08-13 09:44:26,549 [INFO] [SCREENED] 'Untitled' -> DROPPED @ ontology_concepts (dropped_ontology_score: 0.00 < 0.65)
2026-08-13 09:44:26,573 [INFO] [SCREENED] 'Untitled' -> DROPPED @ ontology_concepts (dropped_ontology_score: 0.00 < 0.65)
2026-08-13 09:44:26,597 [INFO] [SCREENED] 'Untitled' -> DROPPED @ ontology_concepts (dropped_ontology_score: 0.00 < 0.65)
2026-08-13 09:44:26,620 [INFO] [SCREENED] 'Untitled' -> DROPPED @ ontology_concepts (dropped_ontology_score: 0.00 < 0.65)
2026-08-13 09:44:26,644 [INFO] [SCREENED] 'Untitled' -> DROPPED @ ontology_concepts (dropped_ontology_score: 0.00 < 0.65)
2026-08-13 09:44:26,670 [INFO] [SCREENED] 'Untitled' -> DROPPED @ ontology_concepts (dropped_ontology_score: 0.00 < 0.65)
2026-08-13 09:44:26,702 [ERROR] Error processing article: name 'extract_target_ticker' is not defined
2026-08-13 09:44:26,715 [INFO] [SCREENED] 'Untitled' -> DROPPED @ ontology_concepts (dropped_ontology_score: 0.00 < 0.65)
2026-08-13 09:44:26,742 [INFO] [SCREENED] 'Untitled' -> DROPPED @ ontology_concepts (dropped_ontology_score: 0.00 < 0.65)
2026-08-13 09:44:26,768 [INFO] [SCREENED] 'Untitled' -> DROPPED @ ontology_concepts (dropped_ontology_score: 0.00 < 0.65)
2026-08-13 09:44:26,796 [INFO] [SCREENED] 'Untitled' -> DROPPED @ ontology_concepts (dropped_ontology_score: 0.00 < 0.65)
2026-08-13 09:44:26,821 [INFO] [SCREENED] 'Untitled' -> DROPPED @ ontology_concepts (dropped_ontology_score: 0.00 < 0.65)
2026-08-13 09:44:26,846 [INFO] [SCREENED] 'Untitled' -> DROPPED @ ontology_concepts (dropped_ontology_score: 0.00 < 0.65)
2026-08-13 09:44:26,870 [INFO] [SCREENED] 'Untitled' -> DROPPED @ ontology_concepts (dropped_ontology_score: 0.00 < 0.65)
2026-08-13 09:44:26,894 [INFO] [SCREENED] 'Untitled' -> DROPPED @ ontology_concepts (dropped_ontology_score: 0.00 < 0.65)
2026-08-13 09:44:26,961 [INFO] [SCREENED] 'Untitled' -> DROPPED @ ontology_concepts (dropped_ontology_score: 0.00 < 0.65)
2026-08-13 09:44:27,032 [INFO] [SCREENED] 'Untitled' -> DROPPED @ ontology_concepts (dropped_ontology_score: 0.00 < 0.65)
2026-08-13 09:44:27,065 [INFO] [SCREENED] 'Untitled' -> DROPPED @ ontology_concepts (dropped_ontology_score: 0.00 < 0.65)
2026-08-13 09:44:27,097 [INFO] [SCREENED] 'Untitled' -> DROPPED @ ontology_concepts (dropped_ontology_score: 0.00 < 0.65)
2026-08-13 09:44:27,131 [INFO] [SCREENED] 'Untitled' -> DROPPED @ ontology_concepts (dropped_ontology_score: 0.00 < 0.65)
2026-08-13 09:44:27,162 [INFO] [SCREENED] 'Untitled' -> DROPPED @ ontology_concepts (dropped_ontology_score: 0.00 < 0.65)
2026-08-13 09:44:27,189 [INFO] [SCREENED] 'Untitled' -> DROPPED @ ontology_concepts (dropped_ontology_score: 0.00 < 0.65)
2026-08-13 09:44:27,215 [INFO] [SCREENED] 'Untitled' -> DROPPED @ ontology_concepts (dropped_ontology_score: 0.00 < 0.65)
2026-08-13 09:44:27,243 [INFO] [SCREENED] 'Untitled' -> DROPPED @ ontology_concepts (dropped_ontology_score: 0.00 < 0.65)
2026-08-13 09:44:27,270 [ERROR] Error processing article: name 'extract_target_ticker' is not defined
2026-08-13 09:44:27,281 [INFO] [SCREENED] 'Untitled' -> DROPPED @ ontology_concepts (dropped_ontology_score: 0.00 < 0.65)
2026-08-13 09:44:27,319 [INFO] [SCREENED] 'Untitled' -> DROPPED @ ontology_concepts (dropped_ontology_score: 0.00 < 0.65)
2026-08-13 09:44:27,358 [ERROR] Error processing article: name 'extract_target_ticker' is not defined
2026-08-13 09:44:27,372 [INFO] [SCREENED] 'Untitled' -> DROPPED @ ontology_concepts (dropped_ontology_score: 0.00 < 0.65)
2026-08-13 09:44:27,399 [INFO] [SCREENED] 'Untitled' -> DROPPED @ ontology_concepts (dropped_ontology_score: 0.00 < 0.65)
2026-08-13 09:44:27,428 [INFO] [SCREENED] 'Untitled' -> DROPPED @ ontology_concepts (dropped_ontology_score: 0.00 < 0.65)
2026-08-13 09:44:27,455 [ERROR] Error processing article: name 'extract_target_ticker' is not defined
2026-08-13 09:44:27,470 [INFO] [SCREENED] 'Untitled' -> DROPPED @ ontology_concepts (dropped_ontology_score: 0.00 < 0.65)
2026-08-13 09:44:27,502 [ERROR] Error processing article: name 'extract_target_ticker' is not defined
2026-08-13 09:44:27,515 [INFO] [SCREENED] 'Untitled' -> DROPPED @ ontology_concepts (dropped_ontology_score: 0.00 < 0.65)
2026-08-13 09:44:27,545 [INFO] [SCREENED] 'Untitled' -> DROPPED @ ontology_concepts (dropped_ontology_score: 0.00 < 0.65)
2026-08-13 09:44:27,580 [ERROR] Error processing article: name 'extract_target_ticker' is not defined
2026-08-13 09:44:27,595 [INFO] [SCREENED] 'Untitled' -> DROPPED @ ontology_concepts (dropped_ontology_score: 0.00 < 0.65)
2026-08-13 09:44:27,623 [INFO] [SCREENED] 'Untitled' -> DROPPED @ ontology_concepts (dropped_ontology_score: 0.00 < 0.65)
2026-08-13 09:44:27,667 [ERROR] Error processing article: name 'extract_target_ticker' is not defined
2026-08-13 09:44:27,690 [ERROR] Error processing article: name 'extract_target_ticker' is not defined
2026-08-13 09:44:27,709 [INFO] [SCREENED] 'Untitled' -> DROPPED @ ontology_concepts (dropped_ontology_score: 0.00 < 0.65)
2026-08-13 09:44:27,734 [INFO] [SCREENED] 'Untitled' -> DROPPED @ ontology_concepts (dropped_ontology_score: 0.00 < 0.65)
2026-08-13 09:44:27,759 [ERROR] Error processing article: name 'extract_target_ticker' is not defined
2026-08-13 09:44:27,773 [ERROR] Error processing article: name 'extract_target_ticker' is not defined
2026-08-13 09:44:27,790 [INFO] [SCREENED] 'Untitled' -> DROPPED @ ontology_concepts (dropped_ontology_score: 0.00 < 0.65)
2026-08-13 09:44:27,821 [INFO] [SCREENED] 'Untitled' -> DROPPED @ ontology_concepts (dropped_ontology_score: 0.00 < 0.65)
2026-08-13 09:44:27,861 [INFO] [SCREENED] 'Untitled' -> DROPPED @ ontology_concepts (dropped_ontology_score: 0.00 < 0.65)
2026-08-13 09:44:27,896 [INFO] [SCREENED] 'Untitled' -> DROPPED @ ontology_concepts (dropped_ontology_score: 0.00 < 0.65)
2026-08-13 09:44:27,923 [ERROR] Error processing article: name 'extract_target_ticker' is not defined
2026-08-13 09:44:27,934 [INFO] [SCREENED] 'Untitled' -> DROPPED @ ontology_concepts (dropped_ontology_score: 0.00 < 0.65)
2026-08-13 09:44:27,968 [INFO] [SCREENED] 'Untitled' -> DROPPED @ ontology_concepts (dropped_ontology_score: 0.00 < 0.65)
2026-08-13 09:44:27,993 [INFO] [SCREENED] 'Untitled' -> DROPPED @ ontology_concepts (dropped_ontology_score: 0.00 < 0.65)
2026-08-13 09:44:28,018 [INFO] [SCREENED] 'Untitled' -> DROPPED @ ontology_concepts (dropped_ontology_score: 0.00 < 0.65)
2026-08-13 09:44:28,044 [INFO] [SCREENED] 'Untitled' -> DROPPED @ ontology_concepts (dropped_ontology_score: 0.00 < 0.65)
2026-08-13 09:44:28,074 [ERROR] Error processing article: name 'extract_target_ticker' is not defined
2026-08-13 09:44:28,095 [ERROR] Error processing article: name 'extract_target_ticker' is not defined
2026-08-13 09:44:28,113 [INFO] [SCREENED] 'Untitled' -> DROPPED @ ontology_concepts (dropped_ontology_score: 0.00 < 0.65)
2026-08-13 09:44:28,139 [INFO] [SCREENED] 'Untitled' -> DROPPED @ ontology_concepts (dropped_ontology_score: 0.00 < 0.65)
2026-08-13 09:44:28,168 [ERROR] Error processing article: name 'extract_target_ticker' is not defined
2026-08-13 09:44:28,180 [INFO] [SCREENED] 'Untitled' -> DROPPED @ ontology_concepts (dropped_ontology_score: 0.00 < 0.65)
2026-08-13 09:44:28,214 [INFO] [SCREENED] 'Untitled' -> DROPPED @ ontology_concepts (dropped_ontology_score: 0.00 < 0.65)
2026-08-13 09:44:28,246 [INFO] [SCREENED] 'Untitled' -> DROPPED @ ontology_concepts (dropped_ontology_score: 0.00 < 0.65)
2026-08-13 09:44:28,280 [ERROR] Error processing article: name 'extract_target_ticker' is not defined
2026-08-13 09:44:28,291 [ERROR] Error processing article: name 'extract_target_ticker' is not defined
2026-08-13 09:44:28,312 [INFO] [SCREENED] 'Untitled' -> DROPPED @ ontology_concepts (dropped_ontology_score: 0.00 < 0.65)
2026-08-13 09:44:28,354 [INFO] [SCREENED] 'Untitled' -> DROPPED @ ontology_concepts (dropped_ontology_score: 0.00 < 0.65)
2026-08-13 09:44:28,398 [INFO] [SCREENED] 'Untitled' -> DROPPED @ ontology_concepts (dropped_ontology_score: 0.00 < 0.65)
2026-08-13 09:44:28,423 [INFO] [SCREENED] 'Untitled' -> DROPPED @ ontology_concepts (dropped_ontology_score: 0.00 < 0.65)
2026-08-13 09:44:28,458 [ERROR] Error processing article: name 'extract_target_ticker' is not defined
2026-08-13 09:44:28,526 [INFO] [SCREENED] 'Untitled' -> DROPPED @ ontology_concepts (dropped_ontology_score: 0.00 < 0.65)
2026-08-13 09:44:28,554 [INFO] [SCREENED] 'Untitled' -> DROPPED @ ontology_concepts (dropped_ontology_score: 0.00 < 0.65)
2026-08-13 09:44:28,587 [ERROR] Error processing article: name 'extract_target_ticker' is not defined
2026-08-13 09:44:28,606 [ERROR] Error processing article: name 'extract_target_ticker' is not defined
2026-08-13 09:44:28,618 [INFO] [SCREENED] 'Untitled' -> DROPPED @ ontology_concepts (dropped_ontology_score: 0.00 < 0.65)
2026-08-13 09:44:28,651 [INFO] [SCREENED] 'Untitled' -> DROPPED @ ontology_concepts (dropped_ontology_score: 0.00 < 0.65)
2026-08-13 09:44:28,685 [INFO] [SCREENED] 'Untitled' -> DROPPED @ ontology_concepts (dropped_ontology_score: 0.00 < 0.65)
2026-08-13 09:44:28,712 [INFO] [SCREENED] 'Untitled' -> DROPPED @ ontology_concepts (dropped_ontology_score: 0.00 < 0.65)
2026-08-13 09:44:28,740 [INFO] [SCREENED] 'Untitled' -> DROPPED @ ontology_concepts (dropped_ontology_score: 0.00 < 0.65)
2026-08-13 09:44:28,767 [INFO] [SCREENED] 'Untitled' -> DROPPED @ ontology_concepts (dropped_ontology_score: 0.00 < 0.65)
2026-08-13 09:44:28,794 [INFO] [SCREENED] 'Untitled' -> DROPPED @ ontology_concepts (dropped_ontology_score: 0.00 < 0.65)
2026-08-13 09:44:28,827 [INFO] [SCREENED] 'Untitled' -> DROPPED @ ontology_concepts (dropped_ontology_score: 0.00 < 0.65)
2026-08-13 09:44:28,880 [INFO] [SCREENED] 'Untitled' -> DROPPED @ ontology_concepts (dropped_ontology_score: 0.00 < 0.65)
2026-08-13 09:44:28,942 [INFO] [SCREENED] 'Untitled' -> DROPPED @ ontology_concepts (dropped_ontology_score: 0.00 < 0.65)
2026-08-13 09:44:28,981 [INFO] [SCREENED] 'Untitled' -> DROPPED @ ontology_concepts (dropped_ontology_score: 0.00 < 0.65)
2026-08-13 09:44:29,011 [ERROR] Error processing article: name 'extract_target_ticker' is not defined
2026-08-13 09:44:29,022 [INFO] [SCREENED] 'Untitled' -> DROPPED @ ontology_concepts (dropped_ontology_score: 0.00 < 0.65)
2026-08-13 09:44:29,088 [ERROR] Error processing article: name 'extract_target_ticker' is not defined
2026-08-13 09:44:29,105 [INFO] [SCREENED] 'Untitled' -> DROPPED @ ontology_concepts (dropped_ontology_score: 0.00 < 0.65)
2026-08-13 09:44:29,150 [ERROR] Error processing article: name 'extract_target_ticker' is not defined
2026-08-13 09:44:29,994 [CRITICAL] [AI CORE] Provider router exhausted all available keys.
2026-08-13 09:44:29,995 [INFO] [SCREENED] 'Untitled' -> DROPPED @ ai_confidence_gate (dropped_ai_confidence (scored 0.00 < 0.75))
2026-08-13 09:44:30,037 [INFO] [SCREENED] 'Untitled' -> DROPPED @ ontology_concepts (dropped_ontology_score: 0.00 < 0.65)
2026-08-13 09:44:30,064 [ERROR] Error processing article: name 'extract_target_ticker' is not defined
2026-08-13 09:44:30,076 [ERROR] Error processing article: name 'extract_target_ticker' is not defined
2026-08-13 09:44:30,090 [INFO] [SCREENED] 'Untitled' -> DROPPED @ ontology_concepts (dropped_ontology_score: 0.00 < 0.65)
2026-08-13 09:44:30,119 [INFO] [SCREENED] 'Untitled' -> DROPPED @ ontology_concepts (dropped_ontology_score: 0.00 < 0.65)
2026-08-13 09:44:30,146 [INFO] [SCREENED] 'Untitled' -> DROPPED @ ontology_concepts (dropped_ontology_score: 0.00 < 0.65)
2026-08-13 09:44:30,203 [ERROR] Error processing article: name 'extract_target_ticker' is not defined
2026-08-13 09:44:30,229 [ERROR] Error processing article: name 'extract_target_ticker' is not defined
2026-08-13 09:44:30,258 [ERROR] Error processing article: name 'extract_target_ticker' is not defined
2026-08-13 09:44:30,279 [ERROR] Error processing article: name 'extract_target_ticker' is not defined
2026-08-13 09:44:30,292 [INFO] [SCREENED] 'Untitled' -> DROPPED @ ontology_concepts (dropped_ontology_score: 0.00 < 0.65)
2026-08-13 09:44:30,318 [ERROR] Error processing article: name 'extract_target_ticker' is not defined
2026-08-13 09:44:30,332 [ERROR] Error processing article: name 'extract_target_ticker' is not defined
2026-08-13 09:44:30,344 [INFO] [SCREENED] 'Untitled' -> DROPPED @ ontology_concepts (dropped_ontology_score: 0.00 < 0.65)
2026-08-13 09:44:30,370 [INFO] [SCREENED] 'Untitled' -> DROPPED @ ontology_concepts (dropped_ontology_score: 0.00 < 0.65)
2026-08-13 09:44:30,408 [INFO] [SCREENED] 'Untitled' -> DROPPED @ ontology_concepts (dropped_ontology_score: 0.00 < 0.65)
2026-08-13 09:44:30,434 [INFO] [SCREENED] 'Untitled' -> DROPPED @ ontology_concepts (dropped_ontology_score: 0.00 < 0.65)
2026-08-13 09:44:30,483 [INFO] [SCREENED] 'Untitled' -> DROPPED @ ontology_concepts (dropped_ontology_score: 0.00 < 0.65)
2026-08-13 09:44:30,509 [INFO] [SCREENED] 'Untitled' -> DROPPED @ ontology_concepts (dropped_ontology_score: 0.00 < 0.65)
2026-08-13 09:44:30,533 [INFO] [SCREENED] 'Untitled' -> DROPPED @ ontology_concepts (dropped_ontology_score: 0.00 < 0.65)
2026-08-13 09:44:30,564 [ERROR] Error processing article: name 'extract_target_ticker' is not defined
2026-08-13 09:44:30,579 [ERROR] Error processing article: name 'extract_target_ticker' is not defined
2026-08-13 09:44:30,606 [INFO] [SCREENED] 'Untitled' -> DROPPED @ ontology_concepts (dropped_ontology_score: 0.00 < 0.65)
2026-08-13 09:44:30,658 [INFO] [SCREENED] 'Untitled' -> DROPPED @ ontology_concepts (dropped_ontology_score: 0.00 < 0.65)
2026-08-13 09:44:30,689 [ERROR] Error processing article: name 'extract_target_ticker' is not defined
2026-08-13 09:44:30,702 [ERROR] Error processing article: name 'extract_target_ticker' is not defined
2026-08-13 09:44:30,713 [INFO] [SCREENED] 'Untitled' -> DROPPED @ ontology_concepts (dropped_ontology_score: 0.00 < 0.65)
2026-08-13 09:44:30,738 [INFO] [SCREENED] 'Untitled' -> DROPPED @ ontology_concepts (dropped_ontology_score: 0.00 < 0.65)
2026-08-13 09:44:30,764 [INFO] [SCREENED] 'Untitled' -> DROPPED @ ontology_concepts (dropped_ontology_score: 0.00 < 0.65)
2026-08-13 09:44:30,788 [INFO] [SCREENED] 'Untitled' -> DROPPED @ ontology_concepts (dropped_ontology_score: 0.00 < 0.65)
2026-08-13 09:44:30,812 [INFO] [SCREENED] 'Untitled' -> DROPPED @ ontology_concepts (dropped_ontology_score: 0.00 < 0.65)
2026-08-13 09:44:30,839 [INFO] [SCREENED] 'Untitled' -> DROPPED @ ontology_concepts (dropped_ontology_score: 0.00 < 0.65)
2026-08-13 09:44:30,863 [INFO] [SCREENED] 'Untitled' -> DROPPED @ ontology_concepts (dropped_ontology_score: 0.00 < 0.65)
2026-08-13 09:44:30,889 [ERROR] Error processing article: name 'extract_target_ticker' is not defined
2026-08-13 09:44:30,903 [ERROR] Error processing article: name 'extract_target_ticker' is not defined
2026-08-13 09:44:30,917 [INFO] [SCREENED] 'Untitled' -> DROPPED @ ontology_concepts (dropped_ontology_score: 0.00 < 0.65)
2026-08-13 09:44:30,946 [ERROR] Error processing article: name 'extract_target_ticker' is not defined
2026-08-13 09:44:30,947 [INFO] [SCREENED] 'Untitled' -> DROPPED @ dedupe_hash (dropped_hash_duplicate)
2026-08-13 09:44:30,967 [INFO] [SCREENED] 'Untitled' -> DROPPED @ ontology_concepts (dropped_ontology_score: 0.00 < 0.65)
2026-08-13 09:44:30,993 [INFO] [SCREENED] 'Untitled' -> DROPPED @ ontology_concepts (dropped_ontology_score: 0.00 < 0.65)
2026-08-13 09:44:31,034 [ERROR] Error processing article: name 'extract_target_ticker' is not defined
2026-08-13 09:44:31,050 [INFO] [SCREENED] 'Untitled' -> DROPPED @ ontology_concepts (dropped_ontology_score: 0.00 < 0.65)
2026-08-13 09:44:31,073 [INFO] [SCREENED] 'Untitled' -> DROPPED @ ontology_concepts (dropped_ontology_score: 0.00 < 0.65)
2026-08-13 09:44:31,098 [INFO] [SCREENED] 'Untitled' -> DROPPED @ ontology_concepts (dropped_ontology_score: 0.00 < 0.65)
2026-08-13 09:44:31,121 [INFO] [SCREENED] 'Untitled' -> DROPPED @ ontology_concepts (dropped_ontology_score: 0.00 < 0.65)
2026-08-13 09:44:31,148 [INFO] [SCREENED] 'Untitled' -> DROPPED @ ontology_concepts (dropped_ontology_score: 0.00 < 0.65)
2026-08-13 09:44:31,170 [INFO] [SCREENED] 'Untitled' -> DROPPED @ ontology_concepts (dropped_ontology_score: 0.00 < 0.65)
2026-08-13 09:44:31,194 [INFO] [SCREENED] 'Untitled' -> DROPPED @ ontology_concepts (dropped_ontology_score: 0.00 < 0.65)
2026-08-13 09:44:31,219 [INFO] [SCREENED] 'Untitled' -> DROPPED @ ontology_concepts (dropped_ontology_score: 0.00 < 0.65)
2026-08-13 09:44:31,244 [INFO] [SCREENED] 'Untitled' -> DROPPED @ ontology_concepts (dropped_ontology_score: 0.00 < 0.65)
2026-08-13 09:44:31,288 [INFO] [SCREENED] 'Untitled' -> DROPPED @ ontology_concepts (dropped_ontology_score: 0.00 < 0.65)
2026-08-13 09:44:31,315 [INFO] [SCREENED] 'Untitled' -> DROPPED @ ontology_concepts (dropped_ontology_score: 0.00 < 0.65)
2026-08-13 09:44:31,361 [ERROR] Error processing article: name 'extract_target_ticker' is not defined
2026-08-13 09:44:31,379 [ERROR] Error processing article: name 'extract_target_ticker' is not defined
2026-08-13 09:44:31,394 [INFO] [SCREENED] 'Untitled' -> DROPPED @ ontology_concepts (dropped_ontology_score: 0.00 < 0.65)
2026-08-13 09:44:31,419 [INFO] [SCREENED] 'Untitled' -> DROPPED @ ontology_concepts (dropped_ontology_score: 0.00 < 0.65)
2026-08-13 09:44:31,445 [INFO] [SCREENED] 'Untitled' -> DROPPED @ ontology_concepts (dropped_ontology_score: 0.00 < 0.65)
2026-08-13 09:44:31,468 [INFO] [SCREENED] 'Untitled' -> DROPPED @ ontology_concepts (dropped_ontology_score: 0.00 < 0.65)
2026-08-13 09:44:31,499 [ERROR] Error processing article: name 'extract_target_ticker' is not defined
2026-08-13 09:44:31,511 [INFO] [SCREENED] 'Untitled' -> DROPPED @ ontology_concepts (dropped_ontology_score: 0.00 < 0.65)
2026-08-13 09:44:31,537 [INFO] [SCREENED] 'Untitled' -> DROPPED @ ontology_concepts (dropped_ontology_score: 0.00 < 0.65)
2026-08-13 09:44:31,564 [INFO] [SCREENED] 'Untitled' -> DROPPED @ ontology_concepts (dropped_ontology_score: 0.00 < 0.65)
2026-08-13 09:44:31,602 [INFO] [SCREENED] 'Untitled' -> DROPPED @ ontology_concepts (dropped_ontology_score: 0.00 < 0.65)
2026-08-13 09:44:31,641 [ERROR] Error processing article: name 'extract_target_ticker' is not defined
2026-08-13 09:44:31,656 [ERROR] Error processing article: name 'extract_target_ticker' is not defined
2026-08-13 09:44:31,668 [INFO] [SCREENED] 'Untitled' -> DROPPED @ ontology_concepts (dropped_ontology_score: 0.00 < 0.65)
2026-08-13 09:44:31,696 [INFO] [SCREENED] 'Untitled' -> DROPPED @ ontology_concepts (dropped_ontology_score: 0.00 < 0.65)
2026-08-13 09:44:31,722 [ERROR] Error processing article: name 'extract_target_ticker' is not defined
2026-08-13 09:44:31,739 [ERROR] Error processing article: name 'extract_target_ticker' is not defined
2026-08-13 09:44:31,750 [INFO] [SCREENED] 'Untitled' -> DROPPED @ ontology_concepts (dropped_ontology_score: 0.00 < 0.65)
2026-08-13 09:44:31,771 [INFO] [SCREENED] 'Untitled' -> DROPPED @ ontology_concepts (dropped_ontology_score: 0.00 < 0.65)
2026-08-13 09:44:31,793 [INFO] [SCREENED] 'Untitled' -> DROPPED @ ontology_concepts (dropped_ontology_score: 0.00 < 0.65)
2026-08-13 09:44:31,817 [INFO] [SCREENED] 'Untitled' -> DROPPED @ ontology_concepts (dropped_ontology_score: 0.00 < 0.65)
2026-08-13 09:44:31,842 [INFO] [SCREENED] 'Untitled' -> DROPPED @ ontology_concepts (dropped_ontology_score: 0.00 < 0.65)
2026-08-13 09:44:31,870 [INFO] [SCREENED] 'Untitled' -> DROPPED @ ontology_concepts (dropped_ontology_score: 0.00 < 0.65)
2026-08-13 09:44:31,897 [INFO] [SCREENED] 'Untitled' -> DROPPED @ ontology_concepts (dropped_ontology_score: 0.00 < 0.65)
2026-08-13 09:44:31,924 [ERROR] Error processing article: name 'extract_target_ticker' is not defined
2026-08-13 09:44:31,935 [INFO] [SCREENED] 'Untitled' -> DROPPED @ ontology_concepts (dropped_ontology_score: 0.00 < 0.65)
2026-08-13 09:44:31,961 [ERROR] Error processing article: name 'extract_target_ticker' is not defined
2026-08-13 09:44:31,972 [INFO] [SCREENED] 'Untitled' -> DROPPED @ ontology_concepts (dropped_ontology_score: 0.00 < 0.65)
2026-08-13 09:44:31,998 [INFO] [SCREENED] 'Untitled' -> DROPPED @ ontology_concepts (dropped_ontology_score: 0.00 < 0.65)
2026-08-13 09:44:32,025 [INFO] [SCREENED] 'Untitled' -> DROPPED @ ontology_concepts (dropped_ontology_score: 0.00 < 0.65)
2026-08-13 09:44:32,061 [INFO] [SCREENED] 'Untitled' -> DROPPED @ ontology_concepts (dropped_ontology_score: 0.00 < 0.65)
2026-08-13 09:44:32,096 [ERROR] Error processing article: name 'extract_target_ticker' is not defined
2026-08-13 09:44:32,108 [INFO] [SCREENED] 'Untitled' -> DROPPED @ ontology_concepts (dropped_ontology_score: 0.00 < 0.65)
2026-08-13 09:44:32,138 [INFO] [SCREENED] 'Untitled' -> DROPPED @ ontology_concepts (dropped_ontology_score: 0.00 < 0.65)
2026-08-13 09:44:32,165 [INFO] [SCREENED] 'Untitled' -> DROPPED @ ontology_concepts (dropped_ontology_score: 0.00 < 0.65)
2026-08-13 09:44:32,194 [INFO] [SCREENED] 'Untitled' -> DROPPED @ ontology_concepts (dropped_ontology_score: 0.00 < 0.65)
2026-08-13 09:44:32,219 [INFO] [SCREENED] 'Untitled' -> DROPPED @ ontology_concepts (dropped_ontology_score: 0.00 < 0.65)
2026-08-13 09:44:32,244 [ERROR] Error processing article: name 'extract_target_ticker' is not defined
2026-08-13 09:44:32,255 [INFO] [SCREENED] 'Untitled' -> DROPPED @ ontology_concepts (dropped_ontology_score: 0.00 < 0.65)
2026-08-13 09:44:32,280 [INFO] [SCREENED] 'Untitled' -> DROPPED @ ontology_concepts (dropped_ontology_score: 0.00 < 0.65)
2026-08-13 09:44:32,313 [INFO] [SCREENED] 'Untitled' -> DROPPED @ ontology_concepts (dropped_ontology_score: 0.00 < 0.65)
2026-08-13 09:44:32,346 [ERROR] Error processing article: name 'extract_target_ticker' is not defined
2026-08-13 09:44:32,358 [INFO] [SCREENED] 'Untitled' -> DROPPED @ ontology_concepts (dropped_ontology_score: 0.00 < 0.65)
2026-08-13 09:44:32,382 [INFO] [SCREENED] 'Untitled' -> DROPPED @ ontology_concepts (dropped_ontology_score: 0.00 < 0.65)
2026-08-13 09:44:32,407 [INFO] [SCREENED] 'Untitled' -> DROPPED @ ontology_concepts (dropped_ontology_score: 0.00 < 0.65)
2026-08-13 09:44:32,429 [INFO] [SCREENED] 'Untitled' -> DROPPED @ ontology_concepts (dropped_ontology_score: 0.00 < 0.65)
2026-08-13 09:44:32,451 [INFO] [SCREENED] 'Untitled' -> DROPPED @ ontology_concepts (dropped_ontology_score: 0.00 < 0.65)
2026-08-13 09:44:32,474 [INFO] [SCREENED] 'Untitled' -> DROPPED @ ontology_concepts (dropped_ontology_score: 0.00 < 0.65)
2026-08-13 09:44:32,499 [INFO] [SCREENED] 'Untitled' -> DROPPED @ ontology_concepts (dropped_ontology_score: 0.00 < 0.65)
2026-08-13 09:44:32,528 [INFO] [SCREENED] 'Untitled' -> DROPPED @ ontology_concepts (dropped_ontology_score: 0.00 < 0.65)
2026-08-13 09:44:32,558 [INFO] [SCREENED] 'Untitled' -> DROPPED @ ontology_concepts (dropped_ontology_score: 0.00 < 0.65)
2026-08-13 09:44:32,590 [ERROR] Error processing article: name 'extract_target_ticker' is not defined
2026-08-13 09:44:32,603 [INFO] [SCREENED] 'Untitled' -> DROPPED @ ontology_concepts (dropped_ontology_score: 0.00 < 0.65)
2026-08-13 09:44:32,638 [INFO] [SCREENED] 'Untitled' -> DROPPED @ ontology_concepts (dropped_ontology_score: 0.00 < 0.65)
2026-08-13 09:44:32,714 [INFO] [SCREENED] 'Untitled' -> DROPPED @ ontology_concepts (dropped_ontology_score: 0.00 < 0.65)
2026-08-13 09:44:32,741 [INFO] [SCREENED] 'Untitled' -> DROPPED @ ontology_concepts (dropped_ontology_score: 0.00 < 0.65)
2026-08-13 09:44:32,773 [INFO] [SCREENED] 'Untitled' -> DROPPED @ ontology_concepts (dropped_ontology_score: 0.00 < 0.65)
2026-08-13 09:44:32,807 [INFO] [SCREENED] 'Untitled' -> DROPPED @ ontology_concepts (dropped_ontology_score: 0.00 < 0.65)
2026-08-13 09:44:32,838 [ERROR] Error processing article: name 'extract_target_ticker' is not defined
2026-08-13 09:44:32,848 [INFO] [SCREENED] 'Untitled' -> DROPPED @ ontology_concepts (dropped_ontology_score: 0.00 < 0.65)
2026-08-13 09:44:32,874 [ERROR] Error processing article: name 'extract_target_ticker' is not defined
2026-08-13 09:44:32,886 [INFO] [SCREENED] 'Untitled' -> DROPPED @ ontology_concepts (dropped_ontology_score: 0.00 < 0.65)
2026-08-13 09:44:32,910 [INFO] [SCREENED] 'Untitled' -> DROPPED @ ontology_concepts (dropped_ontology_score: 0.00 < 0.65)
2026-08-13 09:44:32,935 [INFO] [SCREENED] 'Untitled' -> DROPPED @ ontology_concepts (dropped_ontology_score: 0.00 < 0.65)
2026-08-13 09:44:32,963 [INFO] [SCREENED] 'Untitled' -> DROPPED @ ontology_concepts (dropped_ontology_score: 0.00 < 0.65)
2026-08-13 09:44:32,986 [ERROR] Error processing article: name 'extract_target_ticker' is not defined
2026-08-13 09:44:32,997 [INFO] [SCREENED] 'Untitled' -> DROPPED @ ontology_concepts (dropped_ontology_score: 0.00 < 0.65)
2026-08-13 09:44:33,020 [INFO] [SCREENED] 'Untitled' -> DROPPED @ ontology_concepts (dropped_ontology_score: 0.00 < 0.65)
2026-08-13 09:44:33,044 [INFO] [SCREENED] 'Untitled' -> DROPPED @ ontology_concepts (dropped_ontology_score: 0.00 < 0.65)
2026-08-13 09:44:33,094 [ERROR] Error processing article: name 'extract_target_ticker' is not defined
2026-08-13 09:44:33,113 [ERROR] Error processing article: name 'extract_target_ticker' is not defined
2026-08-13 09:44:33,122 [INFO] [SCREENED] 'Untitled' -> DROPPED @ ontology_concepts (dropped_ontology_score: 0.00 < 0.65)
2026-08-13 09:44:33,146 [INFO] [SCREENED] 'Untitled' -> DROPPED @ ontology_concepts (dropped_ontology_score: 0.00 < 0.65)
2026-08-13 09:44:33,170 [INFO] [SCREENED] 'Untitled' -> DROPPED @ ontology_concepts (dropped_ontology_score: 0.00 < 0.65)
2026-08-13 09:44:33,199 [INFO] [SCREENED] 'Untitled' -> DROPPED @ ontology_concepts (dropped_ontology_score: 0.00 < 0.65)
2026-08-13 09:44:33,233 [INFO] [SCREENED] 'Untitled' -> DROPPED @ ontology_concepts (dropped_ontology_score: 0.00 < 0.65)
2026-08-13 09:44:33,269 [INFO] [SCREENED] 'Untitled' -> DROPPED @ ontology_concepts (dropped_ontology_score: 0.00 < 0.65)
2026-08-13 09:44:33,296 [INFO] [SCREENED] 'Untitled' -> DROPPED @ ontology_concepts (dropped_ontology_score: 0.00 < 0.65)
2026-08-13 09:44:33,337 [ERROR] Error processing article: name 'extract_target_ticker' is not defined
2026-08-13 09:44:33,338 [INFO] [SCREENED] 'Untitled' -> DROPPED @ dedupe_hash (dropped_hash_duplicate)
2026-08-13 09:44:33,361 [INFO] [SCREENED] 'Untitled' -> DROPPED @ ontology_concepts (dropped_ontology_score: 0.00 < 0.65)
2026-08-13 09:44:33,389 [ERROR] Error processing article: name 'extract_target_ticker' is not defined
2026-08-13 09:44:33,404 [INFO] [SCREENED] 'Untitled' -> DROPPED @ ontology_concepts (dropped_ontology_score: 0.00 < 0.65)
2026-08-13 09:44:33,434 [ERROR] Error processing article: name 'extract_target_ticker' is not defined
2026-08-13 09:44:33,446 [INFO] [SCREENED] 'Untitled' -> DROPPED @ ontology_concepts (dropped_ontology_score: 0.00 < 0.65)
2026-08-13 09:44:33,470 [INFO] [SCREENED] 'Untitled' -> DROPPED @ ontology_concepts (dropped_ontology_score: 0.00 < 0.65)
2026-08-13 09:44:33,500 [INFO] [SCREENED] 'Untitled' -> DROPPED @ ontology_concepts (dropped_ontology_score: 0.00 < 0.65)
2026-08-13 09:44:33,546 [INFO] [SCREENED] 'Untitled' -> DROPPED @ ontology_concepts (dropped_ontology_score: 0.00 < 0.65)
2026-08-13 09:44:33,591 [INFO] [SCREENED] 'Untitled' -> DROPPED @ ontology_concepts (dropped_ontology_score: 0.00 < 0.65)
2026-08-13 09:44:33,623 [INFO] [SCREENED] 'Untitled' -> DROPPED @ ontology_concepts (dropped_ontology_score: 0.00 < 0.65)
2026-08-13 09:44:33,652 [INFO] [SCREENED] 'Untitled' -> DROPPED @ ontology_concepts (dropped_ontology_score: 0.00 < 0.65)
2026-08-13 09:44:33,682 [ERROR] Error processing article: name 'extract_target_ticker' is not defined
2026-08-13 09:44:33,693 [INFO] [SCREENED] 'Untitled' -> DROPPED @ ontology_concepts (dropped_ontology_score: 0.00 < 0.65)
2026-08-13 09:44:33,718 [INFO] [SCREENED] 'Untitled' -> DROPPED @ ontology_concepts (dropped_ontology_score: 0.00 < 0.65)
2026-08-13 09:44:33,746 [INFO] [SCREENED] 'Untitled' -> DROPPED @ ontology_concepts (dropped_ontology_score: 0.00 < 0.65)
2026-08-13 09:44:33,775 [INFO] [SCREENED] 'Untitled' -> DROPPED @ ontology_concepts (dropped_ontology_score: 0.00 < 0.65)
2026-08-13 09:44:33,803 [INFO] [SCREENED] 'Untitled' -> DROPPED @ ontology_concepts (dropped_ontology_score: 0.00 < 0.65)
2026-08-13 09:44:33,837 [INFO] [SCREENED] 'Untitled' -> DROPPED @ ontology_concepts (dropped_ontology_score: 0.00 < 0.65)
2026-08-13 09:44:33,864 [INFO] [SCREENED] 'Untitled' -> DROPPED @ ontology_concepts (dropped_ontology_score: 0.00 < 0.65)
2026-08-13 09:44:33,889 [INFO] [SCREENED] 'Untitled' -> DROPPED @ ontology_concepts (dropped_ontology_score: 0.00 < 0.65)
2026-08-13 09:44:33,912 [INFO] [SCREENED] 'Untitled' -> DROPPED @ ontology_concepts (dropped_ontology_score: 0.00 < 0.65)
2026-08-13 09:44:33,940 [INFO] [SCREENED] 'Untitled' -> DROPPED @ ontology_concepts (dropped_ontology_score: 0.00 < 0.65)
2026-08-13 09:44:33,971 [INFO] [SCREENED] 'Untitled' -> DROPPED @ ontology_concepts (dropped_ontology_score: 0.00 < 0.65)
2026-08-13 09:44:33,999 [INFO] [SCREENED] 'Untitled' -> DROPPED @ ontology_concepts (dropped_ontology_score: 0.00 < 0.65)
2026-08-13 09:44:34,015 [INFO] [SCREENED] 'Untitled' -> DROPPED @ dedupe_hash (dropped_hash_duplicate)
2026-08-13 09:44:34,034 [INFO] [SCREENED] 'Untitled' -> DROPPED @ ontology_concepts (dropped_ontology_score: 0.00 < 0.65)
2026-08-13 09:44:34,062 [INFO] [SCREENED] 'Untitled' -> DROPPED @ ontology_concepts (dropped_ontology_score: 0.00 < 0.65)
2026-08-13 09:44:34,087 [INFO] [SCREENED] 'Untitled' -> DROPPED @ ontology_concepts (dropped_ontology_score: 0.00 < 0.65)
2026-08-13 09:44:34,120 [INFO] [SCREENED] 'Untitled' -> DROPPED @ ontology_concepts (dropped_ontology_score: 0.00 < 0.65)
2026-08-13 09:44:34,144 [ERROR] Error processing article: name 'extract_target_ticker' is not defined
2026-08-13 09:44:34,156 [INFO] [SCREENED] 'Untitled' -> DROPPED @ ontology_concepts (dropped_ontology_score: 0.00 < 0.65)
2026-08-13 09:44:34,182 [ERROR] Error processing article: name 'extract_target_ticker' is not defined
2026-08-13 09:44:34,196 [INFO] [SCREENED] 'Untitled' -> DROPPED @ ontology_concepts (dropped_ontology_score: 0.00 < 0.65)
2026-08-13 09:44:34,224 [INFO] [SCREENED] 'Untitled' -> DROPPED @ ontology_concepts (dropped_ontology_score: 0.00 < 0.65)
2026-08-13 09:44:34,252 [INFO] [SCREENED] 'Untitled' -> DROPPED @ ontology_concepts (dropped_ontology_score: 0.00 < 0.65)
2026-08-13 09:44:34,284 [INFO] [SCREENED] 'Untitled' -> DROPPED @ ontology_concepts (dropped_ontology_score: 0.00 < 0.65)
2026-08-13 09:44:34,343 [ERROR] Error processing article: name 'extract_target_ticker' is not defined
2026-08-13 09:44:34,357 [ERROR] Error processing article: name 'extract_target_ticker' is not defined
2026-08-13 09:44:34,368 [INFO] [SCREENED] 'Untitled' -> DROPPED @ ontology_concepts (dropped_ontology_score: 0.00 < 0.65)
2026-08-13 09:44:34,392 [INFO] [SCREENED] 'Untitled' -> DROPPED @ ontology_concepts (dropped_ontology_score: 0.00 < 0.65)
2026-08-13 09:44:34,419 [INFO] [SCREENED] 'Untitled' -> DROPPED @ ontology_concepts (dropped_ontology_score: 0.00 < 0.65)
2026-08-13 09:44:34,455 [ERROR] Error processing article: name 'extract_target_ticker' is not defined
2026-08-13 09:44:34,465 [INFO] [SCREENED] 'Untitled' -> DROPPED @ ontology_concepts (dropped_ontology_score: 0.00 < 0.65)
2026-08-13 09:44:34,489 [INFO] [SCREENED] 'Untitled' -> DROPPED @ ontology_concepts (dropped_ontology_score: 0.00 < 0.65)
2026-08-13 09:44:34,514 [INFO] [SCREENED] 'Untitled' -> DROPPED @ ontology_concepts (dropped_ontology_score: 0.00 < 0.65)
2026-08-13 09:44:34,548 [INFO] [SCREENED] 'Untitled' -> DROPPED @ ontology_concepts (dropped_ontology_score: 0.00 < 0.65)
2026-08-13 09:44:34,575 [INFO] [SCREENED] 'Untitled' -> DROPPED @ ontology_concepts (dropped_ontology_score: 0.00 < 0.65)
2026-08-13 09:44:34,602 [INFO] [SCREENED] 'Untitled' -> DROPPED @ ontology_concepts (dropped_ontology_score: 0.00 < 0.65)
2026-08-13 09:44:34,636 [ERROR] Error processing article: name 'extract_target_ticker' is not defined
2026-08-13 09:44:34,687 [INFO] [SCREENED] 'Untitled' -> DROPPED @ ontology_concepts (dropped_ontology_score: 0.00 < 0.65)
2026-08-13 09:44:34,711 [INFO] [SCREENED] 'Untitled' -> DROPPED @ ontology_concepts (dropped_ontology_score: 0.00 < 0.65)
2026-08-13 09:44:34,736 [INFO] [SCREENED] 'Untitled' -> DROPPED @ ontology_concepts (dropped_ontology_score: 0.00 < 0.65)
2026-08-13 09:44:34,764 [INFO] [SCREENED] 'Untitled' -> DROPPED @ ontology_concepts (dropped_ontology_score: 0.00 < 0.65)
2026-08-13 09:44:34,791 [INFO] [SCREENED] 'Untitled' -> DROPPED @ ontology_concepts (dropped_ontology_score: 0.00 < 0.65)
2026-08-13 09:44:34,816 [INFO] [SCREENED] 'Untitled' -> DROPPED @ ontology_concepts (dropped_ontology_score: 0.00 < 0.65)
2026-08-13 09:44:34,842 [INFO] [SCREENED] 'Untitled' -> DROPPED @ ontology_concepts (dropped_ontology_score: 0.00 < 0.65)
2026-08-13 09:44:34,873 [INFO] [SCREENED] 'Untitled' -> DROPPED @ ontology_concepts (dropped_ontology_score: 0.00 < 0.65)
2026-08-13 09:44:34,899 [INFO] [SCREENED] 'Untitled' -> DROPPED @ ontology_concepts (dropped_ontology_score: 0.00 < 0.65)
2026-08-13 09:44:34,984 [INFO] [SCREENED] 'Untitled' -> DROPPED @ ontology_concepts (dropped_ontology_score: 0.00 < 0.65)
2026-08-13 09:44:35,018 [INFO] [SCREENED] 'Untitled' -> DROPPED @ ontology_concepts (dropped_ontology_score: 0.00 < 0.65)
2026-08-13 09:44:35,075 [INFO] [SCREENED] 'Untitled' -> DROPPED @ ontology_concepts (dropped_ontology_score: 0.00 < 0.65)
2026-08-13 09:44:35,112 [INFO] [SCREENED] 'Untitled' -> DROPPED @ ontology_concepts (dropped_ontology_score: 0.00 < 0.65)
2026-08-13 09:44:35,137 [INFO] [SCREENED] 'Untitled' -> DROPPED @ ontology_concepts (dropped_ontology_score: 0.00 < 0.65)
2026-08-13 09:44:35,160 [INFO] [SCREENED] 'Untitled' -> DROPPED @ ontology_concepts (dropped_ontology_score: 0.00 < 0.65)
2026-08-13 09:44:35,185 [INFO] [SCREENED] 'Untitled' -> DROPPED @ ontology_concepts (dropped_ontology_score: 0.00 < 0.65)
2026-08-13 09:44:35,213 [INFO] [SCREENED] 'Untitled' -> DROPPED @ ontology_concepts (dropped_ontology_score: 0.00 < 0.65)
2026-08-13 09:44:35,240 [INFO] [SCREENED] 'Untitled' -> DROPPED @ ontology_concepts (dropped_ontology_score: 0.00 < 0.65)
2026-08-13 09:44:35,265 [INFO] [SCREENED] 'Untitled' -> DROPPED @ ontology_concepts (dropped_ontology_score: 0.00 < 0.65)
2026-08-13 09:44:35,293 [ERROR] Error processing article: name 'extract_target_ticker' is not defined
2026-08-13 09:44:35,306 [INFO] [SCREENED] 'Untitled' -> DROPPED @ ontology_concepts (dropped_ontology_score: 0.00 < 0.65)
2026-08-13 09:44:35,338 [INFO] [SCREENED] 'Untitled' -> DROPPED @ ontology_concepts (dropped_ontology_score: 0.00 < 0.65)
2026-08-13 09:44:35,371 [INFO] [SCREENED] 'Untitled' -> DROPPED @ ontology_concepts (dropped_ontology_score: 0.00 < 0.65)
2026-08-13 09:44:35,411 [ERROR] Error processing article: name 'extract_target_ticker' is not defined
2026-08-13 09:44:35,436 [INFO] [SCREENED] 'Untitled' -> DROPPED @ ontology_concepts (dropped_ontology_score: 0.00 < 0.65)
2026-08-13 09:44:35,462 [INFO] [SCREENED] 'Untitled' -> DROPPED @ ontology_concepts (dropped_ontology_score: 0.00 < 0.65)
2026-08-13 09:44:35,490 [INFO] [SCREENED] 'Untitled' -> DROPPED @ ontology_concepts (dropped_ontology_score: 0.00 < 0.65)
2026-08-13 09:44:35,520 [INFO] [SCREENED] 'Untitled' -> DROPPED @ ontology_concepts (dropped_ontology_score: 0.00 < 0.65)
2026-08-13 09:44:35,543 [INFO] [SCREENED] 'Untitled' -> DROPPED @ ontology_concepts (dropped_ontology_score: 0.00 < 0.65)
2026-08-13 09:44:35,567 [INFO] [SCREENED] 'Untitled' -> DROPPED @ ontology_concepts (dropped_ontology_score: 0.00 < 0.65)
2026-08-13 09:44:35,594 [INFO] [SCREENED] 'Untitled' -> DROPPED @ ontology_concepts (dropped_ontology_score: 0.00 < 0.65)
2026-08-13 09:44:35,620 [INFO] [SCREENED] 'Untitled' -> DROPPED @ ontology_concepts (dropped_ontology_score: 0.00 < 0.65)
2026-08-13 09:44:35,650 [INFO] [SCREENED] 'Untitled' -> DROPPED @ ontology_concepts (dropped_ontology_score: 0.00 < 0.65)
2026-08-13 09:44:35,680 [INFO] [SCREENED] 'Untitled' -> DROPPED @ ontology_concepts (dropped_ontology_score: 0.00 < 0.65)
2026-08-13 09:44:35,708 [INFO] [SCREENED] 'Untitled' -> DROPPED @ ontology_concepts (dropped_ontology_score: 0.00 < 0.65)
2026-08-13 09:44:35,732 [INFO] [SCREENED] 'Untitled' -> DROPPED @ ontology_concepts (dropped_ontology_score: 0.00 < 0.65)
2026-08-13 09:44:35,757 [INFO] [SCREENED] 'Untitled' -> DROPPED @ ontology_concepts (dropped_ontology_score: 0.00 < 0.65)
2026-08-13 09:44:35,788 [INFO] [SCREENED] 'Untitled' -> DROPPED @ ontology_concepts (dropped_ontology_score: 0.00 < 0.65)
2026-08-13 09:44:35,824 [INFO] [SCREENED] 'Untitled' -> DROPPED @ ontology_concepts (dropped_ontology_score: 0.00 < 0.65)
2026-08-13 09:44:35,875 [INFO] [SCREENED] 'Untitled' -> DROPPED @ ontology_concepts (dropped_ontology_score: 0.00 < 0.65)
2026-08-13 09:44:35,926 [ERROR] Error processing article: name 'extract_target_ticker' is not defined
2026-08-13 09:44:35,944 [INFO] [SCREENED] 'Untitled' -> DROPPED @ ontology_concepts (dropped_ontology_score: 0.00 < 0.65)
2026-08-13 09:44:35,969 [INFO] [SCREENED] 'Untitled' -> DROPPED @ ontology_concepts (dropped_ontology_score: 0.00 < 0.65)
2026-08-13 09:44:36,005 [INFO] [SCREENED] 'Untitled' -> DROPPED @ ontology_concepts (dropped_ontology_score: 0.00 < 0.65)
2026-08-13 09:44:36,040 [ERROR] Error processing article: name 'extract_target_ticker' is not defined
2026-08-13 09:44:36,061 [INFO] [SCREENED] 'Untitled' -> DROPPED @ ontology_concepts (dropped_ontology_score: 0.00 < 0.65)
2026-08-13 09:44:36,103 [ERROR] Error processing article: name 'extract_target_ticker' is not defined
2026-08-13 09:44:36,126 [ERROR] Error processing article: name 'extract_target_ticker' is not defined
2026-08-13 09:44:36,137 [INFO] [SCREENED] 'Untitled' -> DROPPED @ ontology_concepts (dropped_ontology_score: 0.00 < 0.65)
2026-08-13 09:44:36,162 [INFO] [SCREENED] 'Untitled' -> DROPPED @ ontology_concepts (dropped_ontology_score: 0.00 < 0.65)
2026-08-13 09:44:36,187 [INFO] [SCREENED] 'Untitled' -> DROPPED @ ontology_concepts (dropped_ontology_score: 0.00 < 0.65)
2026-08-13 09:44:36,222 [ERROR] Error processing article: name 'extract_target_ticker' is not defined
2026-08-13 09:44:36,235 [INFO] [SCREENED] 'Untitled' -> DROPPED @ ontology_concepts (dropped_ontology_score: 0.00 < 0.65)
2026-08-13 09:44:36,264 [ERROR] Error processing article: name 'extract_target_ticker' is not defined
2026-08-13 09:44:36,276 [INFO] [SCREENED] 'Untitled' -> DROPPED @ ontology_concepts (dropped_ontology_score: 0.00 < 0.65)
2026-08-13 09:44:36,305 [INFO] [SCREENED] 'Untitled' -> DROPPED @ ontology_concepts (dropped_ontology_score: 0.00 < 0.65)
2026-08-13 09:44:36,336 [INFO] [SCREENED] 'Untitled' -> DROPPED @ ontology_concepts (dropped_ontology_score: 0.00 < 0.65)
2026-08-13 09:44:36,376 [ERROR] Error processing article: name 'extract_target_ticker' is not defined
2026-08-13 09:44:36,394 [INFO] [SCREENED] 'Untitled' -> DROPPED @ ontology_concepts (dropped_ontology_score: 0.00 < 0.65)
2026-08-13 09:44:36,419 [INFO] [SCREENED] 'Untitled' -> DROPPED @ ontology_concepts (dropped_ontology_score: 0.00 < 0.65)
2026-08-13 09:44:36,443 [INFO] [SCREENED] 'Untitled' -> DROPPED @ ontology_concepts (dropped_ontology_score: 0.00 < 0.65)
2026-08-13 09:44:36,469 [ERROR] Error processing article: name 'extract_target_ticker' is not defined
2026-08-13 09:44:36,481 [INFO] [SCREENED] 'Untitled' -> DROPPED @ ontology_concepts (dropped_ontology_score: 0.00 < 0.65)
2026-08-13 09:44:36,513 [ERROR] Error processing article: name 'extract_target_ticker' is not defined
2026-08-13 09:44:36,525 [INFO] [SCREENED] 'Untitled' -> DROPPED @ ontology_concepts (dropped_ontology_score: 0.00 < 0.65)
2026-08-13 09:44:36,549 [INFO] [SCREENED] 'Untitled' -> DROPPED @ ontology_concepts (dropped_ontology_score: 0.00 < 0.65)
2026-08-13 09:44:36,573 [INFO] [SCREENED] 'Untitled' -> DROPPED @ ontology_concepts (dropped_ontology_score: 0.00 < 0.65)
2026-08-13 09:44:36,598 [INFO] [SCREENED] 'Untitled' -> DROPPED @ ontology_concepts (dropped_ontology_score: 0.00 < 0.65)
2026-08-13 09:44:36,628 [INFO] [SCREENED] 'Untitled' -> DROPPED @ ontology_concepts (dropped_ontology_score: 0.00 < 0.65)
2026-08-13 09:44:36,652 [INFO] [SCREENED] 'Untitled' -> DROPPED @ ontology_concepts (dropped_ontology_score: 0.00 < 0.65)
2026-08-13 09:44:36,676 [INFO] [SCREENED] 'Untitled' -> DROPPED @ ontology_concepts (dropped_ontology_score: 0.00 < 0.65)
2026-08-13 09:44:36,723 [INFO] [SCREENED] 'Untitled' -> DROPPED @ ontology_concepts (dropped_ontology_score: 0.00 < 0.65)
2026-08-13 09:44:36,750 [INFO] [SCREENED] 'Untitled' -> DROPPED @ ontology_concepts (dropped_ontology_score: 0.00 < 0.65)
2026-08-13 09:44:36,777 [INFO] [SCREENED] 'Untitled' -> DROPPED @ ontology_concepts (dropped_ontology_score: 0.00 < 0.65)
2026-08-13 09:44:36,801 [INFO] [SCREENED] 'Untitled' -> DROPPED @ ontology_concepts (dropped_ontology_score: 0.00 < 0.65)
2026-08-13 09:44:36,825 [INFO] [SCREENED] 'Untitled' -> DROPPED @ ontology_concepts (dropped_ontology_score: 0.00 < 0.65)
2026-08-13 09:44:36,848 [INFO] [SCREENED] 'Untitled' -> DROPPED @ ontology_concepts (dropped_ontology_score: 0.00 < 0.65)
2026-08-13 09:44:36,901 [ERROR] Error processing article: name 'extract_target_ticker' is not defined
2026-08-13 09:44:36,919 [INFO] [SCREENED] 'Untitled' -> DROPPED @ ontology_concepts (dropped_ontology_score: 0.00 < 0.65)
2026-08-13 09:44:36,945 [INFO] [SCREENED] 'Untitled' -> DROPPED @ ontology_concepts (dropped_ontology_score: 0.00 < 0.65)
2026-08-13 09:44:36,970 [INFO] [SCREENED] 'Untitled' -> DROPPED @ ontology_concepts (dropped_ontology_score: 0.00 < 0.65)
2026-08-13 09:44:37,843 [CRITICAL] [AI CORE] Provider router exhausted all available keys.
2026-08-13 09:44:37,844 [INFO] [SCREENED] 'Untitled' -> DROPPED @ ai_confidence_gate (dropped_ai_confidence (scored 0.00 < 0.75))
2026-08-13 09:44:37,897 [INFO] [SCREENED] 'Untitled' -> DROPPED @ ontology_concepts (dropped_ontology_score: 0.00 < 0.65)
2026-08-13 09:44:37,932 [INFO] [SCREENED] 'Untitled' -> DROPPED @ ontology_concepts (dropped_ontology_score: 0.00 < 0.65)
2026-08-13 09:44:37,956 [INFO] [SCREENED] 'Untitled' -> DROPPED @ ontology_concepts (dropped_ontology_score: 0.00 < 0.65)
2026-08-13 09:44:37,989 [ERROR] Error processing article: name 'extract_target_ticker' is not defined
2026-08-13 09:44:38,000 [INFO] [SCREENED] 'Untitled' -> DROPPED @ ontology_concepts (dropped_ontology_score: 0.00 < 0.65)
2026-08-13 09:44:38,026 [INFO] [SCREENED] 'Untitled' -> DROPPED @ ontology_concepts (dropped_ontology_score: 0.00 < 0.65)
2026-08-13 09:44:38,063 [INFO] [SCREENED] 'Untitled' -> DROPPED @ ontology_concepts (dropped_ontology_score: 0.00 < 0.65)
2026-08-13 09:44:38,099 [INFO] [SCREENED] 'Untitled' -> DROPPED @ ontology_concepts (dropped_ontology_score: 0.00 < 0.65)
2026-08-13 09:44:38,137 [ERROR] Error processing article: name 'extract_target_ticker' is not defined
2026-08-13 09:44:39,519 [CRITICAL] [AI CORE] Provider router exhausted all available keys.
2026-08-13 09:44:39,520 [INFO] [SCREENED] 'Untitled' -> DROPPED @ ai_confidence_gate (dropped_ai_confidence (scored 0.00 < 0.75))
2026-08-13 09:44:39,589 [INFO] [SCREENED] 'Untitled' -> DROPPED @ ontology_concepts (dropped_ontology_score: 0.00 < 0.65)
2026-08-13 09:44:39,617 [INFO] [SCREENED] 'Untitled' -> DROPPED @ ontology_concepts (dropped_ontology_score: 0.00 < 0.65)
2026-08-13 09:44:39,653 [INFO] [SCREENED] 'Untitled' -> DROPPED @ ontology_concepts (dropped_ontology_score: 0.00 < 0.65)
2026-08-13 09:44:39,694 [INFO] [SCREENED] 'Untitled' -> DROPPED @ ontology_concepts (dropped_ontology_score: 0.00 < 0.65)
2026-08-13 09:44:39,719 [ERROR] Error processing article: name 'extract_target_ticker' is not defined
2026-08-13 09:44:39,735 [INFO] [SCREENED] 'Untitled' -> DROPPED @ ontology_concepts (dropped_ontology_score: 0.00 < 0.65)
2026-08-13 09:44:39,755 [INFO] [SCREENED] 'Untitled' -> DROPPED @ ontology_concepts (dropped_ontology_score: 0.00 < 0.65)
2026-08-13 09:44:39,784 [ERROR] Error processing article: name 'extract_target_ticker' is not defined
2026-08-13 09:44:39,799 [INFO] [SCREENED] 'Untitled' -> DROPPED @ ontology_concepts (dropped_ontology_score: 0.00 < 0.65)
2026-08-13 09:44:39,822 [INFO] [SCREENED] 'Untitled' -> DROPPED @ ontology_concepts (dropped_ontology_score: 0.00 < 0.65)
2026-08-13 09:44:39,865 [ERROR] Error processing article: name 'extract_target_ticker' is not defined
2026-08-13 09:44:39,896 [ERROR] Error processing article: name 'extract_target_ticker' is not defined
2026-08-13 09:44:39,908 [INFO] [SCREENED] 'Untitled' -> DROPPED @ ontology_concepts (dropped_ontology_score: 0.00 < 0.65)
2026-08-13 09:44:39,941 [INFO] [SCREENED] 'Untitled' -> DROPPED @ ontology_concepts (dropped_ontology_score: 0.00 < 0.65)
2026-08-13 09:44:39,966 [INFO] [SCREENED] 'Untitled' -> DROPPED @ ontology_concepts (dropped_ontology_score: 0.00 < 0.65)
2026-08-13 09:44:39,994 [INFO] [SCREENED] 'Untitled' -> DROPPED @ ontology_concepts (dropped_ontology_score: 0.00 < 0.65)
2026-08-13 09:44:40,018 [INFO] [SCREENED] 'Untitled' -> DROPPED @ ontology_concepts (dropped_ontology_score: 0.00 < 0.65)
2026-08-13 09:44:40,042 [INFO] [SCREENED] 'Untitled' -> DROPPED @ ontology_concepts (dropped_ontology_score: 0.00 < 0.65)
2026-08-13 09:44:40,065 [INFO] [SCREENED] 'Untitled' -> DROPPED @ ontology_concepts (dropped_ontology_score: 0.00 < 0.65)
2026-08-13 09:44:40,090 [INFO] [SCREENED] 'Untitled' -> DROPPED @ ontology_concepts (dropped_ontology_score: 0.00 < 0.65)
2026-08-13 09:44:40,114 [INFO] [SCREENED] 'Untitled' -> DROPPED @ ontology_concepts (dropped_ontology_score: 0.00 < 0.65)
2026-08-13 09:44:40,138 [INFO] [SCREENED] 'Untitled' -> DROPPED @ ontology_concepts (dropped_ontology_score: 0.00 < 0.65)
2026-08-13 09:44:40,168 [INFO] [SCREENED] 'Untitled' -> DROPPED @ ontology_concepts (dropped_ontology_score: 0.00 < 0.65)
2026-08-13 09:44:40,192 [INFO] [SCREENED] 'Untitled' -> DROPPED @ ontology_concepts (dropped_ontology_score: 0.00 < 0.65)
2026-08-13 09:44:40,224 [INFO] [SCREENED] 'Untitled' -> DROPPED @ ontology_concepts (dropped_ontology_score: 0.00 < 0.65)
2026-08-13 09:44:40,256 [INFO] [SCREENED] 'Untitled' -> DROPPED @ ontology_concepts (dropped_ontology_score: 0.00 < 0.65)
2026-08-13 09:44:40,280 [INFO] [SCREENED] 'Untitled' -> DROPPED @ ontology_concepts (dropped_ontology_score: 0.00 < 0.65)
2026-08-13 09:44:40,306 [INFO] [SCREENED] 'Untitled' -> DROPPED @ ontology_concepts (dropped_ontology_score: 0.00 < 0.65)
2026-08-13 09:44:40,336 [INFO] [SCREENED] 'Untitled' -> DROPPED @ ontology_concepts (dropped_ontology_score: 0.00 < 0.65)
2026-08-13 09:44:40,368 [INFO] [SCREENED] 'Untitled' -> DROPPED @ ontology_concepts (dropped_ontology_score: 0.00 < 0.65)
2026-08-13 09:44:40,404 [INFO] [SCREENED] 'Untitled' -> DROPPED @ ontology_concepts (dropped_ontology_score: 0.00 < 0.65)
2026-08-13 09:44:40,433 [INFO] [SCREENED] 'Untitled' -> DROPPED @ ontology_concepts (dropped_ontology_score: 0.00 < 0.65)
2026-08-13 09:44:40,460 [INFO] [SCREENED] 'Untitled' -> DROPPED @ ontology_concepts (dropped_ontology_score: 0.00 < 0.65)
2026-08-13 09:44:40,487 [INFO] [SCREENED] 'Untitled' -> DROPPED @ ontology_concepts (dropped_ontology_score: 0.00 < 0.65)
2026-08-13 09:44:40,507 [INFO] [SCREENED] 'Untitled' -> DROPPED @ ontology_concepts (dropped_ontology_score: 0.00 < 0.65)
2026-08-13 09:44:40,541 [INFO] [SCREENED] 'Untitled' -> DROPPED @ ontology_concepts (dropped_ontology_score: 0.00 < 0.65)
2026-08-13 09:44:41,403 [CRITICAL] [AI CORE] Provider router exhausted all available keys.
2026-08-13 09:44:41,404 [INFO] [SCREENED] 'Untitled' -> DROPPED @ ai_confidence_gate (dropped_ai_confidence (scored 0.00 < 0.75))
2026-08-13 09:44:41,445 [INFO] [SCREENED] 'Untitled' -> DROPPED @ ontology_concepts (dropped_ontology_score: 0.00 < 0.65)
2026-08-13 09:44:41,468 [INFO] [SCREENED] 'Untitled' -> DROPPED @ ontology_concepts (dropped_ontology_score: 0.00 < 0.65)
2026-08-13 09:44:41,496 [INFO] [SCREENED] 'Untitled' -> DROPPED @ ontology_concepts (dropped_ontology_score: 0.00 < 0.65)
2026-08-13 09:44:42,431 [CRITICAL] [AI CORE] Provider router exhausted all available keys.
2026-08-13 09:44:42,432 [INFO] [SCREENED] 'Untitled' -> DROPPED @ ai_confidence_gate (dropped_ai_confidence (scored 0.00 < 0.75))
2026-08-13 09:44:42,480 [ERROR] Error processing article: name 'extract_target_ticker' is not defined
2026-08-13 09:44:42,501 [INFO] [SCREENED] 'Untitled' -> DROPPED @ ontology_concepts (dropped_ontology_score: 0.00 < 0.65)
2026-08-13 09:44:42,528 [INFO] [SCREENED] 'Untitled' -> DROPPED @ ontology_concepts (dropped_ontology_score: 0.00 < 0.65)
2026-08-13 09:44:44,117 [CRITICAL] [AI CORE] Provider router exhausted all available keys.
2026-08-13 09:44:44,117 [INFO] [SCREENED] 'Untitled' -> DROPPED @ ai_confidence_gate (dropped_ai_confidence (scored 0.00 < 0.75))
2026-08-13 09:44:44,938 [CRITICAL] [AI CORE] Provider router exhausted all available keys.
2026-08-13 09:44:44,938 [INFO] [SCREENED] 'Untitled' -> DROPPED @ ai_confidence_gate (dropped_ai_confidence (scored 0.00 < 0.75))
2026-08-13 09:44:45,822 [CRITICAL] [AI CORE] Provider router exhausted all available keys.
2026-08-13 09:44:45,823 [INFO] [SCREENED] 'Untitled' -> DROPPED @ ai_confidence_gate (dropped_ai_confidence (scored 0.00 < 0.75))
2026-08-13 09:44:46,919 [CRITICAL] [AI CORE] Provider router exhausted all available keys.
2026-08-13 09:44:46,919 [INFO] [SCREENED] 'Untitled' -> DROPPED @ ai_confidence_gate (dropped_ai_confidence (scored 0.00 < 0.75))
2026-08-13 09:44:46,971 [INFO] [SCREENED] 'Untitled' -> DROPPED @ ontology_concepts (dropped_ontology_score: 0.00 < 0.65)
2026-08-13 09:44:47,014 [INFO] [SCREENED] 'Untitled' -> DROPPED @ ontology_concepts (dropped_ontology_score: 0.00 < 0.65)
2026-08-13 09:44:47,041 [INFO] [SCREENED] 'Untitled' -> DROPPED @ ontology_concepts (dropped_ontology_score: 0.00 < 0.65)
2026-08-13 09:44:47,974 [CRITICAL] [AI CORE] Provider router exhausted all available keys.
2026-08-13 09:44:47,975 [INFO] [SCREENED] 'Untitled' -> DROPPED @ ai_confidence_gate (dropped_ai_confidence (scored 0.00 < 0.75))
2026-08-13 09:44:48,031 [INFO] [SCREENED] 'Untitled' -> DROPPED @ ontology_concepts (dropped_ontology_score: 0.00 < 0.65)
2026-08-13 09:44:48,058 [ERROR] Error processing article: name 'extract_target_ticker' is not defined
2026-08-13 09:44:48,070 [ERROR] Error processing article: name 'extract_target_ticker' is not defined
2026-08-13 09:44:48,084 [INFO] [SCREENED] 'Untitled' -> DROPPED @ ontology_concepts (dropped_ontology_score: 0.00 < 0.65)
2026-08-13 09:44:48,112 [INFO] [SCREENED] 'Untitled' -> DROPPED @ ontology_concepts (dropped_ontology_score: 0.00 < 0.65)
2026-08-13 09:44:48,139 [ERROR] Error processing article: name 'extract_target_ticker' is not defined
2026-08-13 09:44:48,154 [INFO] [SCREENED] 'Untitled' -> DROPPED @ ontology_concepts (dropped_ontology_score: 0.00 < 0.65)
2026-08-13 09:44:48,181 [INFO] [SCREENED] 'Untitled' -> DROPPED @ ontology_concepts (dropped_ontology_score: 0.00 < 0.65)
2026-08-13 09:44:48,235 [ERROR] Error processing article: name 'extract_target_ticker' is not defined
2026-08-13 09:44:48,246 [INFO] [SCREENED] 'Untitled' -> DROPPED @ ontology_concepts (dropped_ontology_score: 0.00 < 0.65)
2026-08-13 09:44:48,267 [INFO] [SCREENED] 'Untitled' -> DROPPED @ ontology_concepts (dropped_ontology_score: 0.00 < 0.65)
2026-08-13 09:44:48,294 [INFO] [SCREENED] 'Untitled' -> DROPPED @ ontology_concepts (dropped_ontology_score: 0.00 < 0.65)
2026-08-13 09:44:49,255 [CRITICAL] [AI CORE] Provider router exhausted all available keys.
2026-08-13 09:44:49,255 [INFO] [SCREENED] 'Untitled' -> DROPPED @ ai_confidence_gate (dropped_ai_confidence (scored 0.00 < 0.75))
2026-08-13 09:44:49,302 [INFO] [SCREENED] 'Untitled' -> DROPPED @ ontology_concepts (dropped_ontology_score: 0.00 < 0.65)
2026-08-13 09:44:50,247 [CRITICAL] [AI CORE] Provider router exhausted all available keys.
2026-08-13 09:44:50,247 [INFO] [SCREENED] 'Untitled' -> DROPPED @ ai_confidence_gate (dropped_ai_confidence (scored 0.00 < 0.75))
2026-08-13 09:44:51,221 [CRITICAL] [AI CORE] Provider router exhausted all available keys.
2026-08-13 09:44:51,221 [INFO] [SCREENED] 'Untitled' -> DROPPED @ ai_confidence_gate (dropped_ai_confidence (scored 0.00 < 0.75))
2026-08-13 09:44:51,243 [INFO] [SCREENED] 'Untitled' -> DROPPED @ ontology_concepts (dropped_ontology_score: 0.00 < 0.65)
2026-08-13 09:44:51,267 [INFO] [SCREENED] 'Untitled' -> DROPPED @ ontology_concepts (dropped_ontology_score: 0.00 < 0.65)
2026-08-13 09:44:51,302 [INFO] [SCREENED] 'Untitled' -> DROPPED @ ontology_concepts (dropped_ontology_score: 0.00 < 0.65)
2026-08-13 09:44:51,325 [INFO] [SCREENED] 'Untitled' -> DROPPED @ ontology_concepts (dropped_ontology_score: 0.00 < 0.65)
2026-08-13 09:44:51,349 [INFO] [SCREENED] 'Untitled' -> DROPPED @ ontology_concepts (dropped_ontology_score: 0.00 < 0.65)
2026-08-13 09:44:51,374 [INFO] [SCREENED] 'Untitled' -> DROPPED @ ontology_concepts (dropped_ontology_score: 0.00 < 0.65)
2026-08-13 09:44:51,403 [INFO] [SCREENED] 'Untitled' -> DROPPED @ ontology_concepts (dropped_ontology_score: 0.00 < 0.65)
2026-08-13 09:44:52,349 [CRITICAL] [AI CORE] Provider router exhausted all available keys.
2026-08-13 09:44:52,349 [INFO] [SCREENED] 'Untitled' -> DROPPED @ ai_confidence_gate (dropped_ai_confidence (scored 0.00 < 0.75))
2026-08-13 09:44:52,407 [INFO] [SCREENED] 'Untitled' -> DROPPED @ ontology_concepts (dropped_ontology_score: 0.00 < 0.65)
2026-08-13 09:44:52,433 [INFO] [SCREENED] 'Untitled' -> DROPPED @ ontology_concepts (dropped_ontology_score: 0.00 < 0.65)
2026-08-13 09:44:52,464 [INFO] [SCREENED] 'Untitled' -> DROPPED @ ontology_concepts (dropped_ontology_score: 0.00 < 0.65)
2026-08-13 09:44:52,504 [INFO] [SCREENED] 'Untitled' -> DROPPED @ ontology_concepts (dropped_ontology_score: 0.00 < 0.65)
2026-08-13 09:44:52,567 [INFO] [SCREENED] 'Untitled' -> DROPPED @ ontology_concepts (dropped_ontology_score: 0.00 < 0.65)
2026-08-13 09:44:52,594 [INFO] [SCREENED] 'Untitled' -> DROPPED @ ontology_concepts (dropped_ontology_score: 0.00 < 0.65)
2026-08-13 09:44:52,622 [INFO] [SCREENED] 'Untitled' -> DROPPED @ ontology_concepts (dropped_ontology_score: 0.00 < 0.65)
2026-08-13 09:44:52,647 [INFO] [SCREENED] 'Untitled' -> DROPPED @ ontology_concepts (dropped_ontology_score: 0.00 < 0.65)
2026-08-13 09:44:52,673 [ERROR] Error processing article: name 'extract_target_ticker' is not defined
2026-08-13 09:44:52,688 [INFO] [SCREENED] 'Untitled' -> DROPPED @ ontology_concepts (dropped_ontology_score: 0.00 < 0.65)
2026-08-13 09:44:52,711 [INFO] [SCREENED] 'Untitled' -> DROPPED @ ontology_concepts (dropped_ontology_score: 0.00 < 0.65)
2026-08-13 09:44:52,734 [INFO] [SCREENED] 'Untitled' -> DROPPED @ ontology_concepts (dropped_ontology_score: 0.00 < 0.65)
2026-08-13 09:44:53,774 [CRITICAL] [AI CORE] Provider router exhausted all available keys.
2026-08-13 09:44:53,774 [INFO] [SCREENED] 'Untitled' -> DROPPED @ ai_confidence_gate (dropped_ai_confidence (scored 0.00 < 0.75))
2026-08-13 09:44:53,816 [INFO] [SCREENED] 'Untitled' -> DROPPED @ ontology_concepts (dropped_ontology_score: 0.00 < 0.65)
2026-08-13 09:44:53,838 [INFO] [SCREENED] 'Untitled' -> DROPPED @ ontology_concepts (dropped_ontology_score: 0.00 < 0.65)
2026-08-13 09:44:53,860 [INFO] [SCREENED] 'Untitled' -> DROPPED @ ontology_concepts (dropped_ontology_score: 0.00 < 0.65)
2026-08-13 09:44:54,786 [CRITICAL] [AI CORE] Provider router exhausted all available keys.
2026-08-13 09:44:54,786 [INFO] [SCREENED] 'Untitled' -> DROPPED @ ai_confidence_gate (dropped_ai_confidence (scored 0.00 < 0.75))
2026-08-13 09:44:55,693 [CRITICAL] [AI CORE] Provider router exhausted all available keys.
2026-08-13 09:44:55,694 [INFO] [SCREENED] 'Untitled' -> DROPPED @ ai_confidence_gate (dropped_ai_confidence (scored 0.00 < 0.75))
2026-08-13 09:44:55,742 [INFO] [SCREENED] 'Untitled' -> DROPPED @ ontology_concepts (dropped_ontology_score: 0.00 < 0.65)
2026-08-13 09:44:56,599 [CRITICAL] [AI CORE] Provider router exhausted all available keys.
2026-08-13 09:44:56,599 [INFO] [SCREENED] 'Untitled' -> DROPPED @ ai_confidence_gate (dropped_ai_confidence (scored 0.00 < 0.75))
2026-08-13 09:44:56,660 [INFO] [SCREENED] 'Untitled' -> DROPPED @ ontology_concepts (dropped_ontology_score: 0.00 < 0.65)
2026-08-13 09:44:56,686 [INFO] [SCREENED] 'Untitled' -> DROPPED @ ontology_concepts (dropped_ontology_score: 0.00 < 0.65)
2026-08-13 09:44:56,706 [INFO] [SCREENED] 'Untitled' -> DROPPED @ ontology_concepts (dropped_ontology_score: 0.00 < 0.65)
2026-08-13 09:44:56,732 [INFO] [SCREENED] 'Untitled' -> DROPPED @ ontology_concepts (dropped_ontology_score: 0.00 < 0.65)
2026-08-13 09:44:56,755 [INFO] [SCREENED] 'Untitled' -> DROPPED @ ontology_concepts (dropped_ontology_score: 0.00 < 0.65)
2026-08-13 09:45:08,183 [CRITICAL] [AI CORE] Provider router exhausted all available keys.
2026-08-13 09:45:08,183 [INFO] [SCREENED] 'Untitled' -> DROPPED @ ai_confidence_gate (dropped_ai_confidence (scored 0.00 < 0.75))
2026-08-13 09:45:08,280 [INFO] [SCREENED] 'Untitled' -> DROPPED @ ontology_concepts (dropped_ontology_score: 0.00 < 0.65)
2026-08-13 09:45:08,302 [INFO] [SCREENED] 'Untitled' -> DROPPED @ ontology_concepts (dropped_ontology_score: 0.00 < 0.65)
2026-08-13 09:45:21,981 [CRITICAL] [AI CORE] Provider router exhausted all available keys.
2026-08-13 09:45:21,981 [INFO] [SCREENED] 'Untitled' -> DROPPED @ ai_confidence_gate (dropped_ai_confidence (scored 0.00 < 0.75))
2026-08-13 09:45:22,855 [CRITICAL] [AI CORE] Provider router exhausted all available keys.
2026-08-13 09:45:22,855 [INFO] [SCREENED] 'Untitled' -> DROPPED @ ai_confidence_gate (dropped_ai_confidence (scored 0.00 < 0.75))
2026-08-13 09:45:23,833 [CRITICAL] [AI CORE] Provider router exhausted all available keys.
2026-08-13 09:45:23,834 [INFO] [SCREENED] 'Untitled' -> DROPPED @ ai_confidence_gate (dropped_ai_confidence (scored 0.00 < 0.75))
2026-08-13 09:45:24,719 [CRITICAL] [AI CORE] Provider router exhausted all available keys.
2026-08-13 09:45:24,719 [INFO] [SCREENED] 'Untitled' -> DROPPED @ ai_confidence_gate (dropped_ai_confidence (scored 0.00 < 0.75))
2026-08-13 09:45:24,763 [INFO] [SCREENED] 'Untitled' -> DROPPED @ ontology_concepts (dropped_ontology_score: 0.00 < 0.65)
2026-08-13 09:45:24,791 [INFO] [SCREENED] 'Untitled' -> DROPPED @ ontology_concepts (dropped_ontology_score: 0.00 < 0.65)
2026-08-13 09:45:24,824 [INFO] [SCREENED] 'Untitled' -> DROPPED @ ontology_concepts (dropped_ontology_score: 0.00 < 0.65)
2026-08-13 09:45:24,851 [INFO] [SCREENED] 'Untitled' -> DROPPED @ ontology_concepts (dropped_ontology_score: 0.00 < 0.65)
2026-08-13 09:45:24,881 [INFO] [SCREENED] 'Untitled' -> DROPPED @ ontology_concepts (dropped_ontology_score: 0.00 < 0.65)
2026-08-13 09:45:24,910 [INFO] [SCREENED] 'Untitled' -> DROPPED @ ontology_concepts (dropped_ontology_score: 0.00 < 0.65)
2026-08-13 09:45:24,939 [INFO] [SCREENED] 'Untitled' -> DROPPED @ ontology_concepts (dropped_ontology_score: 0.00 < 0.65)
2026-08-13 09:45:24,967 [INFO] [SCREENED] 'Untitled' -> DROPPED @ ontology_concepts (dropped_ontology_score: 0.00 < 0.65)
2026-08-13 09:45:25,816 [CRITICAL] [AI CORE] Provider router exhausted all available keys.
2026-08-13 09:45:25,816 [INFO] [SCREENED] 'Untitled' -> DROPPED @ ai_confidence_gate (dropped_ai_confidence (scored 0.00 < 0.75))
2026-08-13 09:45:25,888 [ERROR] Error processing article: name 'extract_target_ticker' is not defined
2026-08-13 09:45:27,025 [CRITICAL] [AI CORE] Provider router exhausted all available keys.
2026-08-13 09:45:27,025 [INFO] [SCREENED] 'Untitled' -> DROPPED @ ai_confidence_gate (dropped_ai_confidence (scored 0.00 < 0.75))
2026-08-13 09:45:27,094 [INFO] [SCREENED] 'Untitled' -> DROPPED @ ontology_concepts (dropped_ontology_score: 0.00 < 0.65)
2026-08-13 09:45:27,131 [INFO] [SCREENED] 'Untitled' -> DROPPED @ ontology_concepts (dropped_ontology_score: 0.00 < 0.65)
2026-08-13 09:45:28,258 [CRITICAL] [AI CORE] Provider router exhausted all available keys.
2026-08-13 09:45:28,259 [INFO] [SCREENED] 'Untitled' -> DROPPED @ ai_confidence_gate (dropped_ai_confidence (scored 0.00 < 0.75))
2026-08-13 09:45:29,262 [CRITICAL] [AI CORE] Provider router exhausted all available keys.
2026-08-13 09:45:29,263 [INFO] [SCREENED] 'Untitled' -> DROPPED @ ai_confidence_gate (dropped_ai_confidence (scored 0.00 < 0.75))
2026-08-13 09:45:30,265 [CRITICAL] [AI CORE] Provider router exhausted all available keys.
2026-08-13 09:45:30,266 [INFO] [SCREENED] 'Untitled' -> DROPPED @ ai_confidence_gate (dropped_ai_confidence (scored 0.00 < 0.75))
2026-08-13 09:45:30,314 [ERROR] Error processing article: name 'extract_target_ticker' is not defined
2026-08-13 09:45:30,336 [INFO] [SCREENED] 'Untitled' -> DROPPED @ ontology_concepts (dropped_ontology_score: 0.00 < 0.65)
2026-08-13 09:45:31,223 [CRITICAL] [AI CORE] Provider router exhausted all available keys.
2026-08-13 09:45:31,224 [INFO] [SCREENED] 'Untitled' -> DROPPED @ ai_confidence_gate (dropped_ai_confidence (scored 0.00 < 0.75))
2026-08-13 09:45:32,052 [CRITICAL] [AI CORE] Provider router exhausted all available keys.
2026-08-13 09:45:32,052 [INFO] [SCREENED] 'Untitled' -> DROPPED @ ai_confidence_gate (dropped_ai_confidence (scored 0.00 < 0.75))
2026-08-13 09:45:32,108 [INFO] [SCREENED] 'Untitled' -> DROPPED @ ontology_concepts (dropped_ontology_score: 0.00 < 0.65)
2026-08-13 09:45:32,143 [INFO] [SCREENED] 'Untitled' -> DROPPED @ ontology_concepts (dropped_ontology_score: 0.00 < 0.65)
2026-08-13 09:45:32,175 [ERROR] Error processing article: name 'extract_target_ticker' is not defined
2026-08-13 09:45:32,991 [CRITICAL] [AI CORE] Provider router exhausted all available keys.
2026-08-13 09:45:32,992 [INFO] [SCREENED] 'Untitled' -> DROPPED @ ai_confidence_gate (dropped_ai_confidence (scored 0.00 < 0.75))
2026-08-13 09:45:33,052 [INFO] [SCREENED] 'Untitled' -> DROPPED @ ontology_concepts (dropped_ontology_score: 0.00 < 0.65)
2026-08-13 09:45:33,085 [INFO] [SCREENED] 'Untitled' -> DROPPED @ ontology_concepts (dropped_ontology_score: 0.00 < 0.65)
2026-08-13 09:45:33,106 [INFO] [SCREENED] 'Untitled' -> DROPPED @ ontology_concepts (dropped_ontology_score: 0.00 < 0.65)
2026-08-13 09:45:33,919 [CRITICAL] [AI CORE] Provider router exhausted all available keys.
2026-08-13 09:45:33,919 [INFO] [SCREENED] 'Untitled' -> DROPPED @ ai_confidence_gate (dropped_ai_confidence (scored 0.00 < 0.75))
2026-08-13 09:45:34,893 [CRITICAL] [AI CORE] Provider router exhausted all available keys.
2026-08-13 09:45:34,893 [INFO] [SCREENED] 'Untitled' -> DROPPED @ ai_confidence_gate (dropped_ai_confidence (scored 0.00 < 0.75))
2026-08-13 09:45:34,934 [INFO] [SCREENED] 'Untitled' -> DROPPED @ ontology_concepts (dropped_ontology_score: 0.00 < 0.65)
2026-08-13 09:45:34,963 [INFO] [SCREENED] 'Untitled' -> DROPPED @ ontology_concepts (dropped_ontology_score: 0.00 < 0.65)
2026-08-13 09:45:35,895 [CRITICAL] [AI CORE] Provider router exhausted all available keys.
2026-08-13 09:45:35,895 [INFO] [SCREENED] 'Untitled' -> DROPPED @ ai_confidence_gate (dropped_ai_confidence (scored 0.00 < 0.75))
2026-08-13 09:45:35,987 [ERROR] Error processing article: name 'extract_target_ticker' is not defined
2026-08-13 09:45:36,000 [INFO] [SCREENED] 'Untitled' -> DROPPED @ ontology_concepts (dropped_ontology_score: 0.00 < 0.65)
2026-08-13 09:45:36,027 [INFO] [SCREENED] 'Untitled' -> DROPPED @ ontology_concepts (dropped_ontology_score: 0.00 < 0.65)
2026-08-13 09:45:36,058 [ERROR] Error processing article: name 'extract_target_ticker' is not defined
2026-08-13 09:45:36,071 [INFO] [SCREENED] 'Untitled' -> DROPPED @ ontology_concepts (dropped_ontology_score: 0.00 < 0.65)
2026-08-13 09:45:36,090 [INFO] [SCREENED] 'Untitled' -> DROPPED @ ontology_concepts (dropped_ontology_score: 0.00 < 0.65)
2026-08-13 09:45:36,114 [INFO] [SCREENED] 'Untitled' -> DROPPED @ ontology_concepts (dropped_ontology_score: 0.00 < 0.65)
2026-08-13 09:45:36,146 [INFO] [SCREENED] 'Untitled' -> DROPPED @ ontology_concepts (dropped_ontology_score: 0.00 < 0.65)
2026-08-13 09:45:36,226 [INFO] [SCREENED] 'Untitled' -> DROPPED @ ontology_concepts (dropped_ontology_score: 0.00 < 0.65)
2026-08-13 09:45:36,250 [INFO] [SCREENED] 'Untitled' -> DROPPED @ ontology_concepts (dropped_ontology_score: 0.00 < 0.65)
2026-08-13 09:45:36,275 [INFO] [SCREENED] 'Untitled' -> DROPPED @ ontology_concepts (dropped_ontology_score: 0.00 < 0.65)
2026-08-13 09:45:36,300 [INFO] [SCREENED] 'Untitled' -> DROPPED @ ontology_concepts (dropped_ontology_score: 0.00 < 0.65)
2026-08-13 09:45:36,323 [INFO] [SCREENED] 'Untitled' -> DROPPED @ ontology_concepts (dropped_ontology_score: 0.00 < 0.65)
2026-08-13 09:45:36,349 [INFO] [SCREENED] 'Untitled' -> DROPPED @ ontology_concepts (dropped_ontology_score: 0.00 < 0.65)
2026-08-13 09:45:36,382 [INFO] [SCREENED] 'Untitled' -> DROPPED @ ontology_concepts (dropped_ontology_score: 0.00 < 0.65)
2026-08-13 09:45:36,409 [ERROR] Error processing article: name 'extract_target_ticker' is not defined
2026-08-13 09:45:36,418 [INFO] [SCREENED] 'Untitled' -> DROPPED @ ontology_concepts (dropped_ontology_score: 0.00 < 0.65)
2026-08-13 09:45:37,206 [CRITICAL] [AI CORE] Provider router exhausted all available keys.
2026-08-13 09:45:37,206 [INFO] [SCREENED] 'Untitled' -> DROPPED @ ai_confidence_gate (dropped_ai_confidence (scored 0.00 < 0.75))
2026-08-13 09:45:38,013 [CRITICAL] [AI CORE] Provider router exhausted all available keys.
2026-08-13 09:45:38,014 [INFO] [SCREENED] 'Untitled' -> DROPPED @ ai_confidence_gate (dropped_ai_confidence (scored 0.00 < 0.75))
2026-08-13 09:45:38,845 [CRITICAL] [AI CORE] Provider router exhausted all available keys.
2026-08-13 09:45:38,846 [INFO] [SCREENED] 'Untitled' -> DROPPED @ ai_confidence_gate (dropped_ai_confidence (scored 0.00 < 0.75))
2026-08-13 09:45:39,671 [CRITICAL] [AI CORE] Provider router exhausted all available keys.
2026-08-13 09:45:39,672 [INFO] [SCREENED] 'Untitled' -> DROPPED @ ai_confidence_gate (dropped_ai_confidence (scored 0.00 < 0.75))
2026-08-13 09:45:40,541 [CRITICAL] [AI CORE] Provider router exhausted all available keys.
2026-08-13 09:45:40,541 [INFO] [SCREENED] 'Untitled' -> DROPPED @ ai_confidence_gate (dropped_ai_confidence (scored 0.00 < 0.75))
2026-08-13 09:45:40,578 [INFO] [SCREENED] 'Untitled' -> DROPPED @ ontology_concepts (dropped_ontology_score: 0.00 < 0.65)
2026-08-13 09:45:40,600 [INFO] [SCREENED] 'Untitled' -> DROPPED @ ontology_concepts (dropped_ontology_score: 0.00 < 0.65)
2026-08-13 09:45:40,624 [INFO] [SCREENED] 'Untitled' -> DROPPED @ ontology_concepts (dropped_ontology_score: 0.00 < 0.65)
2026-08-13 09:45:40,661 [INFO] [SCREENED] 'Untitled' -> DROPPED @ ontology_concepts (dropped_ontology_score: 0.00 < 0.65)
2026-08-13 09:45:40,690 [INFO] [SCREENED] 'Untitled' -> DROPPED @ ontology_concepts (dropped_ontology_score: 0.00 < 0.65)
2026-08-13 09:45:41,504 [CRITICAL] [AI CORE] Provider router exhausted all available keys.
2026-08-13 09:45:41,505 [INFO] [SCREENED] 'Untitled' -> DROPPED @ ai_confidence_gate (dropped_ai_confidence (scored 0.00 < 0.75))
2026-08-13 09:45:41,552 [INFO] [SCREENED] 'Untitled' -> DROPPED @ ontology_concepts (dropped_ontology_score: 0.00 < 0.65)
2026-08-13 09:45:41,577 [INFO] [SCREENED] 'Untitled' -> DROPPED @ ontology_concepts (dropped_ontology_score: 0.00 < 0.65)
2026-08-13 09:45:41,598 [INFO] [SCREENED] 'Untitled' -> DROPPED @ ontology_concepts (dropped_ontology_score: 0.00 < 0.65)
2026-08-13 09:45:41,621 [INFO] [SCREENED] 'Untitled' -> DROPPED @ ontology_concepts (dropped_ontology_score: 0.00 < 0.65)
2026-08-13 09:45:41,650 [INFO] [SCREENED] 'Untitled' -> DROPPED @ ontology_concepts (dropped_ontology_score: 0.00 < 0.65)
2026-08-13 09:45:41,676 [ERROR] Error processing article: name 'extract_target_ticker' is not defined
2026-08-13 09:45:41,688 [INFO] [SCREENED] 'Untitled' -> DROPPED @ ontology_concepts (dropped_ontology_score: 0.00 < 0.65)
2026-08-13 09:45:41,717 [INFO] [SCREENED] 'Untitled' -> DROPPED @ ontology_concepts (dropped_ontology_score: 0.00 < 0.65)
2026-08-13 09:45:41,775 [INFO] [SCREENED] 'Untitled' -> DROPPED @ ontology_concepts (dropped_ontology_score: 0.00 < 0.65)
2026-08-13 09:45:41,800 [INFO] [SCREENED] 'Untitled' -> DROPPED @ ontology_concepts (dropped_ontology_score: 0.00 < 0.65)
2026-08-13 09:45:41,821 [INFO] [SCREENED] 'Untitled' -> DROPPED @ ontology_concepts (dropped_ontology_score: 0.00 < 0.65)
2026-08-13 09:45:41,847 [INFO] [SCREENED] 'Untitled' -> DROPPED @ ontology_concepts (dropped_ontology_score: 0.00 < 0.65)
2026-08-13 09:45:41,873 [INFO] [SCREENED] 'Untitled' -> DROPPED @ ontology_concepts (dropped_ontology_score: 0.00 < 0.65)
2026-08-13 09:45:41,902 [INFO] [SCREENED] 'Untitled' -> DROPPED @ ontology_concepts (dropped_ontology_score: 0.00 < 0.65)
2026-08-13 09:45:41,930 [INFO] [SCREENED] 'Untitled' -> DROPPED @ ontology_concepts (dropped_ontology_score: 0.00 < 0.65)
2026-08-13 09:45:41,956 [INFO] [SCREENED] 'Untitled' -> DROPPED @ ontology_concepts (dropped_ontology_score: 0.00 < 0.65)
2026-08-13 09:45:41,986 [ERROR] Error processing article: name 'extract_target_ticker' is not defined
2026-08-13 09:45:41,997 [INFO] [SCREENED] 'Untitled' -> DROPPED @ ontology_concepts (dropped_ontology_score: 0.00 < 0.65)
2026-08-13 09:45:42,053 [ERROR] Error processing article: name 'extract_target_ticker' is not defined
2026-08-13 09:45:42,063 [INFO] [SCREENED] 'Untitled' -> DROPPED @ ontology_concepts (dropped_ontology_score: 0.00 < 0.65)
2026-08-13 09:45:42,085 [INFO] [SCREENED] 'Untitled' -> DROPPED @ ontology_concepts (dropped_ontology_score: 0.00 < 0.65)
2026-08-13 09:45:42,112 [INFO] [SCREENED] 'Untitled' -> DROPPED @ ontology_concepts (dropped_ontology_score: 0.00 < 0.65)
2026-08-13 09:45:42,139 [INFO] [SCREENED] 'Untitled' -> DROPPED @ ontology_concepts (dropped_ontology_score: 0.00 < 0.65)
2026-08-13 09:45:42,165 [INFO] [SCREENED] 'Untitled' -> DROPPED @ ontology_concepts (dropped_ontology_score: 0.00 < 0.65)
2026-08-13 09:45:42,194 [INFO] [SCREENED] 'Untitled' -> DROPPED @ ontology_concepts (dropped_ontology_score: 0.00 < 0.65)
2026-08-13 09:45:42,223 [INFO] [SCREENED] 'Untitled' -> DROPPED @ ontology_concepts (dropped_ontology_score: 0.00 < 0.65)
2026-08-13 09:45:42,251 [ERROR] Error processing article: name 'extract_target_ticker' is not defined
2026-08-13 09:45:42,261 [INFO] [SCREENED] 'Untitled' -> DROPPED @ ontology_concepts (dropped_ontology_score: 0.00 < 0.65)
2026-08-13 09:45:42,287 [INFO] [SCREENED] 'Untitled' -> DROPPED @ ontology_concepts (dropped_ontology_score: 0.00 < 0.65)
2026-08-13 09:45:42,317 [INFO] [SCREENED] 'Untitled' -> DROPPED @ ontology_concepts (dropped_ontology_score: 0.00 < 0.65)
2026-08-13 09:45:42,347 [INFO] [SCREENED] 'Untitled' -> DROPPED @ ontology_concepts (dropped_ontology_score: 0.00 < 0.65)
2026-08-13 09:45:53,706 [CRITICAL] [AI CORE] Provider router exhausted all available keys.
2026-08-13 09:45:53,707 [INFO] [SCREENED] 'Untitled' -> DROPPED @ ai_confidence_gate (dropped_ai_confidence (scored 0.00 < 0.75))
2026-08-13 09:45:53,764 [ERROR] Error processing article: name 'extract_target_ticker' is not defined
2026-08-13 09:45:53,781 [INFO] [SCREENED] 'Untitled' -> DROPPED @ ontology_concepts (dropped_ontology_score: 0.00 < 0.65)
2026-08-13 09:45:53,806 [INFO] [SCREENED] 'Untitled' -> DROPPED @ ontology_concepts (dropped_ontology_score: 0.00 < 0.65)
2026-08-13 09:45:53,835 [INFO] [SCREENED] 'Untitled' -> DROPPED @ ontology_concepts (dropped_ontology_score: 0.00 < 0.65)
2026-08-13 09:45:53,868 [INFO] [SCREENED] 'Untitled' -> DROPPED @ ontology_concepts (dropped_ontology_score: 0.00 < 0.65)
2026-08-13 09:45:53,894 [INFO] [SCREENED] 'Untitled' -> DROPPED @ ontology_concepts (dropped_ontology_score: 0.00 < 0.65)
2026-08-13 09:45:53,928 [INFO] [SCREENED] 'Untitled' -> DROPPED @ ontology_concepts (dropped_ontology_score: 0.00 < 0.65)
2026-08-13 09:45:53,967 [INFO] [SCREENED] 'Untitled' -> DROPPED @ ontology_concepts (dropped_ontology_score: 0.00 < 0.65)
2026-08-13 09:45:53,997 [ERROR] Error processing article: name 'extract_target_ticker' is not defined
2026-08-13 09:45:54,008 [INFO] [SCREENED] 'Untitled' -> DROPPED @ ontology_concepts (dropped_ontology_score: 0.00 < 0.65)
2026-08-13 09:45:54,036 [INFO] [SCREENED] 'Untitled' -> DROPPED @ ontology_concepts (dropped_ontology_score: 0.00 < 0.65)
2026-08-13 09:45:54,062 [ERROR] Error processing article: name 'extract_target_ticker' is not defined
2026-08-13 09:45:54,074 [INFO] [SCREENED] 'Untitled' -> DROPPED @ ontology_concepts (dropped_ontology_score: 0.00 < 0.65)
2026-08-13 09:45:54,100 [INFO] [SCREENED] 'Untitled' -> DROPPED @ ontology_concepts (dropped_ontology_score: 0.00 < 0.65)
2026-08-13 09:45:54,124 [INFO] [SCREENED] 'Untitled' -> DROPPED @ ontology_concepts (dropped_ontology_score: 0.00 < 0.65)
2026-08-13 09:46:07,307 [CRITICAL] [AI CORE] Provider router exhausted all available keys.
2026-08-13 09:46:07,307 [INFO] [SCREENED] 'Untitled' -> DROPPED @ ai_confidence_gate (dropped_ai_confidence (scored 0.00 < 0.75))
2026-08-13 09:46:07,364 [INFO] [SCREENED] 'Untitled' -> DROPPED @ ontology_concepts (dropped_ontology_score: 0.00 < 0.65)
2026-08-13 09:46:07,393 [INFO] [SCREENED] 'Untitled' -> DROPPED @ ontology_concepts (dropped_ontology_score: 0.00 < 0.65)
2026-08-13 09:46:07,420 [INFO] [SCREENED] 'Untitled' -> DROPPED @ ontology_concepts (dropped_ontology_score: 0.00 < 0.65)
2026-08-13 09:46:07,449 [INFO] [SCREENED] 'Untitled' -> DROPPED @ ontology_concepts (dropped_ontology_score: 0.00 < 0.65)
2026-08-13 09:46:07,476 [INFO] [SCREENED] 'Untitled' -> DROPPED @ ontology_concepts (dropped_ontology_score: 0.00 < 0.65)
2026-08-13 09:46:07,507 [INFO] [SCREENED] 'Untitled' -> DROPPED @ ontology_concepts (dropped_ontology_score: 0.00 < 0.65)
2026-08-13 09:46:07,538 [INFO] [SCREENED] 'Untitled' -> DROPPED @ ontology_concepts (dropped_ontology_score: 0.00 < 0.65)
2026-08-13 09:46:07,566 [INFO] [SCREENED] 'Untitled' -> DROPPED @ ontology_concepts (dropped_ontology_score: 0.00 < 0.65)
2026-08-13 09:46:07,594 [INFO] [SCREENED] 'Untitled' -> DROPPED @ ontology_concepts (dropped_ontology_score: 0.00 < 0.65)
2026-08-13 09:46:07,616 [INFO] [SCREENED] 'Untitled' -> DROPPED @ ontology_concepts (dropped_ontology_score: 0.00 < 0.65)
2026-08-13 09:46:07,644 [INFO] [SCREENED] 'Untitled' -> DROPPED @ ontology_concepts (dropped_ontology_score: 0.00 < 0.65)
2026-08-13 09:46:21,718 [CRITICAL] [AI CORE] Provider router exhausted all available keys.
2026-08-13 09:46:21,718 [INFO] [SCREENED] 'Untitled' -> DROPPED @ ai_confidence_gate (dropped_ai_confidence (scored 0.00 < 0.75))
2026-08-13 09:46:21,764 [INFO] [SCREENED] 'Untitled' -> DROPPED @ ontology_concepts (dropped_ontology_score: 0.00 < 0.65)
2026-08-13 09:46:22,835 [CRITICAL] [AI CORE] Provider router exhausted all available keys.
2026-08-13 09:46:22,836 [INFO] [SCREENED] 'Untitled' -> DROPPED @ ai_confidence_gate (dropped_ai_confidence (scored 0.00 < 0.75))
2026-08-13 09:46:22,886 [INFO] [SCREENED] 'Untitled' -> DROPPED @ ontology_concepts (dropped_ontology_score: 0.00 < 0.65)
2026-08-13 09:46:23,727 [CRITICAL] [AI CORE] Provider router exhausted all available keys.
2026-08-13 09:46:23,727 [INFO] [SCREENED] 'Untitled' -> DROPPED @ ai_confidence_gate (dropped_ai_confidence (scored 0.00 < 0.75))
2026-08-13 09:46:23,772 [INFO] [SCREENED] 'Untitled' -> DROPPED @ ontology_concepts (dropped_ontology_score: 0.00 < 0.65)
2026-08-13 09:46:24,892 [CRITICAL] [AI CORE] Provider router exhausted all available keys.
2026-08-13 09:46:24,892 [INFO] [SCREENED] 'Untitled' -> DROPPED @ ai_confidence_gate (dropped_ai_confidence (scored 0.00 < 0.75))
2026-08-13 09:46:24,948 [INFO] [SCREENED] 'Untitled' -> DROPPED @ ontology_concepts (dropped_ontology_score: 0.00 < 0.65)
2026-08-13 09:46:24,976 [INFO] [SCREENED] 'Untitled' -> DROPPED @ ontology_concepts (dropped_ontology_score: 0.00 < 0.65)
2026-08-13 09:46:25,022 [INFO] [SCREENED] 'Untitled' -> DROPPED @ ontology_concepts (dropped_ontology_score: 0.00 < 0.65)
2026-08-13 09:46:25,853 [CRITICAL] [AI CORE] Provider router exhausted all available keys.
2026-08-13 09:46:25,853 [INFO] [SCREENED] 'Untitled' -> DROPPED @ ai_confidence_gate (dropped_ai_confidence (scored 0.00 < 0.75))
2026-08-13 09:46:25,882 [INFO] [SCREENED] 'Untitled' -> DROPPED @ ontology_concepts (dropped_ontology_score: 0.00 < 0.65)
2026-08-13 09:46:25,905 [INFO] [SCREENED] 'Untitled' -> DROPPED @ ontology_concepts (dropped_ontology_score: 0.00 < 0.65)
2026-08-13 09:46:25,930 [INFO] [SCREENED] 'Untitled' -> DROPPED @ ontology_concepts (dropped_ontology_score: 0.00 < 0.65)
2026-08-13 09:46:25,959 [INFO] [SCREENED] 'Untitled' -> DROPPED @ ontology_concepts (dropped_ontology_score: 0.00 < 0.65)
2026-08-13 09:46:25,982 [INFO] [SCREENED] 'Untitled' -> DROPPED @ ontology_concepts (dropped_ontology_score: 0.00 < 0.65)
2026-08-13 09:46:26,008 [INFO] [SCREENED] 'Untitled' -> DROPPED @ ontology_concepts (dropped_ontology_score: 0.00 < 0.65)
2026-08-13 09:46:26,037 [INFO] [SCREENED] 'Untitled' -> DROPPED @ ontology_concepts (dropped_ontology_score: 0.00 < 0.65)
2026-08-13 09:46:26,068 [INFO] [SCREENED] 'Untitled' -> DROPPED @ ontology_concepts (dropped_ontology_score: 0.00 < 0.65)
2026-08-13 09:46:26,097 [INFO] [SCREENED] 'Untitled' -> DROPPED @ ontology_concepts (dropped_ontology_score: 0.00 < 0.65)
2026-08-13 09:46:26,138 [INFO] [SCREENED] 'Untitled' -> DROPPED @ ontology_concepts (dropped_ontology_score: 0.00 < 0.65)
2026-08-13 09:46:26,165 [INFO] [SCREENED] 'Untitled' -> DROPPED @ ontology_concepts (dropped_ontology_score: 0.00 < 0.65)
2026-08-13 09:46:26,191 [INFO] [SCREENED] 'Untitled' -> DROPPED @ ontology_concepts (dropped_ontology_score: 0.00 < 0.65)
2026-08-13 09:46:26,223 [INFO] [SCREENED] 'Untitled' -> DROPPED @ ontology_concepts (dropped_ontology_score: 0.00 < 0.65)
2026-08-13 09:46:27,048 [CRITICAL] [AI CORE] Provider router exhausted all available keys.
2026-08-13 09:46:27,048 [INFO] [SCREENED] 'Untitled' -> DROPPED @ ai_confidence_gate (dropped_ai_confidence (scored 0.00 < 0.75))
2026-08-13 09:46:27,096 [INFO] [SCREENED] 'Untitled' -> DROPPED @ ontology_concepts (dropped_ontology_score: 0.00 < 0.65)
2026-08-13 09:46:27,120 [INFO] [SCREENED] 'Untitled' -> DROPPED @ ontology_concepts (dropped_ontology_score: 0.00 < 0.65)
2026-08-13 09:46:27,145 [INFO] [SCREENED] 'Untitled' -> DROPPED @ ontology_concepts (dropped_ontology_score: 0.00 < 0.65)
2026-08-13 09:46:27,168 [INFO] [SCREENED] 'Untitled' -> DROPPED @ ontology_concepts (dropped_ontology_score: 0.00 < 0.65)
2026-08-13 09:46:27,194 [INFO] [SCREENED] 'Untitled' -> DROPPED @ ontology_concepts (dropped_ontology_score: 0.00 < 0.65)
2026-08-13 09:46:27,228 [INFO] [SCREENED] 'Untitled' -> DROPPED @ ontology_concepts (dropped_ontology_score: 0.00 < 0.65)
2026-08-13 09:46:27,252 [INFO] [SCREENED] 'Untitled' -> DROPPED @ ontology_concepts (dropped_ontology_score: 0.00 < 0.65)
2026-08-13 09:46:27,281 [INFO] [SCREENED] 'Untitled' -> DROPPED @ ontology_concepts (dropped_ontology_score: 0.00 < 0.65)
2026-08-13 09:46:27,309 [INFO] [SCREENED] 'Untitled' -> DROPPED @ ontology_concepts (dropped_ontology_score: 0.00 < 0.65)
2026-08-13 09:46:27,335 [INFO] [SCREENED] 'Untitled' -> DROPPED @ ontology_concepts (dropped_ontology_score: 0.00 < 0.65)
2026-08-13 09:46:27,366 [INFO] [SCREENED] 'Untitled' -> DROPPED @ ontology_concepts (dropped_ontology_score: 0.00 < 0.65)
2026-08-13 09:46:27,386 [INFO] [SCREENED] 'Untitled' -> DROPPED @ ontology_concepts (dropped_ontology_score: 0.00 < 0.65)
2026-08-13 09:46:27,411 [INFO] [SCREENED] 'Untitled' -> DROPPED @ ontology_concepts (dropped_ontology_score: 0.00 < 0.65)
2026-08-13 09:46:27,446 [INFO] [SCREENED] 'Untitled' -> DROPPED @ ontology_concepts (dropped_ontology_score: 0.00 < 0.65)
2026-08-13 09:46:27,476 [INFO] [SCREENED] 'Untitled' -> DROPPED @ ontology_concepts (dropped_ontology_score: 0.00 < 0.65)
2026-08-13 09:46:27,503 [INFO] [SCREENED] 'Untitled' -> DROPPED @ ontology_concepts (dropped_ontology_score: 0.00 < 0.65)
2026-08-13 09:46:27,532 [INFO] [SCREENED] 'Untitled' -> DROPPED @ ontology_concepts (dropped_ontology_score: 0.00 < 0.65)
2026-08-13 09:46:27,560 [INFO] [SCREENED] 'Untitled' -> DROPPED @ ontology_concepts (dropped_ontology_score: 0.00 < 0.65)
2026-08-13 09:46:27,591 [INFO] [SCREENED] 'Untitled' -> DROPPED @ ontology_concepts (dropped_ontology_score: 0.00 < 0.65)
2026-08-13 09:46:27,623 [INFO] [SCREENED] 'Untitled' -> DROPPED @ ontology_concepts (dropped_ontology_score: 0.00 < 0.65)
2026-08-13 09:46:27,652 [INFO] [SCREENED] 'Untitled' -> DROPPED @ ontology_concepts (dropped_ontology_score: 0.00 < 0.65)
2026-08-13 09:46:27,676 [ERROR] Error processing article: name 'extract_target_ticker' is not defined
2026-08-13 09:46:27,688 [INFO] [SCREENED] 'Untitled' -> DROPPED @ ontology_concepts (dropped_ontology_score: 0.00 < 0.65)
2026-08-13 09:46:27,711 [INFO] [SCREENED] 'Untitled' -> DROPPED @ ontology_concepts (dropped_ontology_score: 0.00 < 0.65)
2026-08-13 09:46:27,736 [INFO] [SCREENED] 'Untitled' -> DROPPED @ ontology_concepts (dropped_ontology_score: 0.00 < 0.65)
2026-08-13 09:46:27,761 [ERROR] Error processing article: name 'extract_target_ticker' is not defined
2026-08-13 09:46:27,772 [INFO] [SCREENED] 'Untitled' -> DROPPED @ ontology_concepts (dropped_ontology_score: 0.00 < 0.65)
2026-08-13 09:46:27,798 [ERROR] Error processing article: name 'extract_target_ticker' is not defined
2026-08-13 09:46:27,812 [INFO] [SCREENED] 'Untitled' -> DROPPED @ ontology_concepts (dropped_ontology_score: 0.00 < 0.65)
2026-08-13 09:46:27,838 [INFO] [SCREENED] 'Untitled' -> DROPPED @ ontology_concepts (dropped_ontology_score: 0.00 < 0.65)
2026-08-13 09:46:27,862 [INFO] [SCREENED] 'Untitled' -> DROPPED @ ontology_concepts (dropped_ontology_score: 0.00 < 0.65)
2026-08-13 09:46:27,889 [INFO] [SCREENED] 'Untitled' -> DROPPED @ ontology_concepts (dropped_ontology_score: 0.00 < 0.65)
2026-08-13 09:46:27,915 [INFO] [SCREENED] 'Untitled' -> DROPPED @ ontology_concepts (dropped_ontology_score: 0.00 < 0.65)
2026-08-13 09:46:27,948 [INFO] [SCREENED] 'Untitled' -> DROPPED @ ontology_concepts (dropped_ontology_score: 0.00 < 0.65)
2026-08-13 09:46:27,981 [INFO] [SCREENED] 'Untitled' -> DROPPED @ ontology_concepts (dropped_ontology_score: 0.00 < 0.65)
2026-08-13 09:46:28,011 [INFO] [SCREENED] 'Untitled' -> DROPPED @ ontology_concepts (dropped_ontology_score: 0.00 < 0.65)
2026-08-13 09:46:28,032 [INFO] [SCREENED] 'Untitled' -> DROPPED @ ontology_concepts (dropped_ontology_score: 0.00 < 0.65)
2026-08-13 09:46:28,060 [INFO] [SCREENED] 'Untitled' -> DROPPED @ ontology_concepts (dropped_ontology_score: 0.00 < 0.65)
2026-08-13 09:46:28,090 [INFO] [SCREENED] 'Untitled' -> DROPPED @ ontology_concepts (dropped_ontology_score: 0.00 < 0.65)
2026-08-13 09:46:28,125 [INFO] [SCREENED] 'Untitled' -> DROPPED @ ontology_concepts (dropped_ontology_score: 0.00 < 0.65)
2026-08-13 09:46:28,151 [INFO] [SCREENED] 'Untitled' -> DROPPED @ ontology_concepts (dropped_ontology_score: 0.00 < 0.65)
2026-08-13 09:46:28,174 [INFO] [SCREENED] 'Untitled' -> DROPPED @ ontology_concepts (dropped_ontology_score: 0.00 < 0.65)
2026-08-13 09:46:28,210 [INFO] [SCREENED] 'Untitled' -> DROPPED @ ontology_concepts (dropped_ontology_score: 0.00 < 0.65)
2026-08-13 09:46:29,076 [CRITICAL] [AI CORE] Provider router exhausted all available keys.
2026-08-13 09:46:29,076 [INFO] [SCREENED] 'Untitled' -> DROPPED @ ai_confidence_gate (dropped_ai_confidence (scored 0.00 < 0.75))
2026-08-13 09:46:29,125 [INFO] [SCREENED] 'Untitled' -> DROPPED @ ontology_concepts (dropped_ontology_score: 0.00 < 0.65)
2026-08-13 09:46:29,162 [INFO] [SCREENED] 'Untitled' -> DROPPED @ ontology_concepts (dropped_ontology_score: 0.00 < 0.65)
2026-08-13 09:46:30,001 [CRITICAL] [AI CORE] Provider router exhausted all available keys.
2026-08-13 09:46:30,001 [INFO] [SCREENED] 'Untitled' -> DROPPED @ ai_confidence_gate (dropped_ai_confidence (scored 0.00 < 0.75))
2026-08-13 09:46:30,045 [INFO] [SCREENED] 'Untitled' -> DROPPED @ ontology_concepts (dropped_ontology_score: 0.00 < 0.65)
2026-08-13 09:46:30,129 [INFO] [SCREENED] 'Untitled' -> DROPPED @ ontology_concepts (dropped_ontology_score: 0.00 < 0.65)
2026-08-13 09:46:30,167 [INFO] [SCREENED] 'Untitled' -> DROPPED @ ontology_concepts (dropped_ontology_score: 0.00 < 0.65)
2026-08-13 09:46:30,201 [INFO] [SCREENED] 'Untitled' -> DROPPED @ ontology_concepts (dropped_ontology_score: 0.00 < 0.65)
2026-08-13 09:46:30,225 [INFO] [SCREENED] 'Untitled' -> DROPPED @ ontology_concepts (dropped_ontology_score: 0.00 < 0.65)
2026-08-13 09:46:30,263 [INFO] [SCREENED] 'Untitled' -> DROPPED @ ontology_concepts (dropped_ontology_score: 0.00 < 0.65)
2026-08-13 09:46:30,295 [ERROR] Error processing article: name 'extract_target_ticker' is not defined
2026-08-13 09:46:30,308 [INFO] [SCREENED] 'Untitled' -> DROPPED @ ontology_concepts (dropped_ontology_score: 0.00 < 0.65)
2026-08-13 09:46:30,331 [INFO] [SCREENED] 'Untitled' -> DROPPED @ ontology_concepts (dropped_ontology_score: 0.00 < 0.65)
2026-08-13 09:46:30,357 [INFO] [SCREENED] 'Untitled' -> DROPPED @ ontology_concepts (dropped_ontology_score: 0.00 < 0.65)
2026-08-13 09:46:30,380 [INFO] [SCREENED] 'Untitled' -> DROPPED @ ontology_concepts (dropped_ontology_score: 0.00 < 0.65)
2026-08-13 09:46:30,411 [INFO] [SCREENED] 'Untitled' -> DROPPED @ ontology_concepts (dropped_ontology_score: 0.00 < 0.65)
2026-08-13 09:46:30,443 [INFO] [SCREENED] 'Untitled' -> DROPPED @ ontology_concepts (dropped_ontology_score: 0.00 < 0.65)
2026-08-13 09:46:31,250 [CRITICAL] [AI CORE] Provider router exhausted all available keys.
2026-08-13 09:46:31,250 [INFO] [SCREENED] 'Untitled' -> DROPPED @ ai_confidence_gate (dropped_ai_confidence (scored 0.00 < 0.75))
2026-08-13 09:46:31,295 [ERROR] Error processing article: name 'extract_target_ticker' is not defined
2026-08-13 09:46:31,308 [INFO] [SCREENED] 'Untitled' -> DROPPED @ ontology_concepts (dropped_ontology_score: 0.00 < 0.65)
2026-08-13 09:46:31,330 [INFO] [SCREENED] 'Untitled' -> DROPPED @ ontology_concepts (dropped_ontology_score: 0.00 < 0.65)
2026-08-13 09:46:31,352 [INFO] [SCREENED] 'Untitled' -> DROPPED @ ontology_concepts (dropped_ontology_score: 0.00 < 0.65)
2026-08-13 09:46:31,380 [INFO] [SCREENED] 'Untitled' -> DROPPED @ ontology_concepts (dropped_ontology_score: 0.00 < 0.65)
2026-08-13 09:46:31,404 [INFO] [SCREENED] 'Untitled' -> DROPPED @ ontology_concepts (dropped_ontology_score: 0.00 < 0.65)
2026-08-13 09:46:31,431 [INFO] [SCREENED] 'Untitled' -> DROPPED @ ontology_concepts (dropped_ontology_score: 0.00 < 0.65)
2026-08-13 09:46:31,456 [INFO] [SCREENED] 'Untitled' -> DROPPED @ ontology_concepts (dropped_ontology_score: 0.00 < 0.65)
2026-08-13 09:46:31,482 [INFO] [SCREENED] 'Untitled' -> DROPPED @ ontology_concepts (dropped_ontology_score: 0.00 < 0.65)
2026-08-13 09:46:31,506 [ERROR] Error processing article: name 'extract_target_ticker' is not defined
2026-08-13 09:46:31,519 [INFO] [SCREENED] 'Untitled' -> DROPPED @ ontology_concepts (dropped_ontology_score: 0.00 < 0.65)
2026-08-13 09:46:31,545 [INFO] [SCREENED] 'Untitled' -> DROPPED @ ontology_concepts (dropped_ontology_score: 0.00 < 0.65)
2026-08-13 09:46:31,565 [INFO] [SCREENED] 'Untitled' -> DROPPED @ ontology_concepts (dropped_ontology_score: 0.00 < 0.65)
2026-08-13 09:46:31,608 [INFO] [SCREENED] 'Untitled' -> DROPPED @ ontology_concepts (dropped_ontology_score: 0.00 < 0.65)
2026-08-13 09:46:31,626 [INFO] [SCREENED] 'Untitled' -> DROPPED @ ontology_concepts (dropped_ontology_score: 0.00 < 0.65)
2026-08-13 09:46:31,643 [ERROR] Error processing article: name 'extract_target_ticker' is not defined
2026-08-13 09:46:31,649 [INFO] [SCREENED] 'Untitled' -> DROPPED @ ontology_concepts (dropped_ontology_score: 0.00 < 0.65)
2026-08-13 09:46:31,673 [ERROR] Error processing article: name 'extract_target_ticker' is not defined
2026-08-13 09:46:31,684 [ERROR] Error processing article: name 'extract_target_ticker' is not defined
2026-08-13 09:46:31,696 [INFO] [SCREENED] 'Untitled' -> DROPPED @ ontology_concepts (dropped_ontology_score: 0.00 < 0.65)
2026-08-13 09:46:31,717 [INFO] [SCREENED] 'Untitled' -> DROPPED @ ontology_concepts (dropped_ontology_score: 0.00 < 0.65)
2026-08-13 09:46:31,741 [INFO] [SCREENED] 'Untitled' -> DROPPED @ ontology_concepts (dropped_ontology_score: 0.00 < 0.65)
2026-08-13 09:46:31,761 [INFO] [SCREENED] 'Untitled' -> DROPPED @ ontology_concepts (dropped_ontology_score: 0.00 < 0.65)
2026-08-13 09:46:31,789 [INFO] [SCREENED] 'Untitled' -> DROPPED @ ontology_concepts (dropped_ontology_score: 0.00 < 0.65)
2026-08-13 09:46:31,828 [INFO] [SCREENED] 'Untitled' -> DROPPED @ ontology_concepts (dropped_ontology_score: 0.00 < 0.65)
2026-08-13 09:46:31,854 [INFO] [SCREENED] 'Untitled' -> DROPPED @ ontology_concepts (dropped_ontology_score: 0.00 < 0.65)
2026-08-13 09:46:31,880 [INFO] [SCREENED] 'Untitled' -> DROPPED @ ontology_concepts (dropped_ontology_score: 0.00 < 0.65)
2026-08-13 09:46:31,902 [INFO] [SCREENED] 'Untitled' -> DROPPED @ ontology_concepts (dropped_ontology_score: 0.00 < 0.65)
2026-08-13 09:46:31,926 [INFO] [SCREENED] 'Untitled' -> DROPPED @ ontology_concepts (dropped_ontology_score: 0.00 < 0.65)
2026-08-13 09:46:31,951 [INFO] [SCREENED] 'Untitled' -> DROPPED @ ontology_concepts (dropped_ontology_score: 0.00 < 0.65)
2026-08-13 09:46:31,977 [INFO] [SCREENED] 'Untitled' -> DROPPED @ ontology_concepts (dropped_ontology_score: 0.00 < 0.65)
2026-08-13 09:46:32,002 [INFO] [SCREENED] 'Untitled' -> DROPPED @ ontology_concepts (dropped_ontology_score: 0.00 < 0.65)
2026-08-13 09:46:32,024 [INFO] [SCREENED] 'Untitled' -> DROPPED @ ontology_concepts (dropped_ontology_score: 0.00 < 0.65)
2026-08-13 09:46:32,050 [INFO] [SCREENED] 'Untitled' -> DROPPED @ ontology_concepts (dropped_ontology_score: 0.00 < 0.65)
2026-08-13 09:46:32,073 [INFO] [SCREENED] 'Untitled' -> DROPPED @ ontology_concepts (dropped_ontology_score: 0.00 < 0.65)
2026-08-13 09:46:32,107 [ERROR] Error processing article: name 'extract_target_ticker' is not defined
2026-08-13 09:46:32,118 [INFO] [SCREENED] 'Untitled' -> DROPPED @ ontology_concepts (dropped_ontology_score: 0.00 < 0.65)
2026-08-13 09:46:32,141 [INFO] [SCREENED] 'Untitled' -> DROPPED @ ontology_concepts (dropped_ontology_score: 0.00 < 0.65)
2026-08-13 09:46:32,167 [INFO] [SCREENED] 'Untitled' -> DROPPED @ ontology_concepts (dropped_ontology_score: 0.00 < 0.65)
2026-08-13 09:46:32,206 [INFO] [SCREENED] 'Untitled' -> DROPPED @ ontology_concepts (dropped_ontology_score: 0.00 < 0.65)
2026-08-13 09:46:33,090 [CRITICAL] [AI CORE] Provider router exhausted all available keys.
2026-08-13 09:46:33,091 [INFO] [SCREENED] 'Untitled' -> DROPPED @ ai_confidence_gate (dropped_ai_confidence (scored 0.00 < 0.75))
2026-08-13 09:46:33,947 [CRITICAL] [AI CORE] Provider router exhausted all available keys.
2026-08-13 09:46:33,947 [INFO] [SCREENED] 'Untitled' -> DROPPED @ ai_confidence_gate (dropped_ai_confidence (scored 0.00 < 0.75))
2026-08-13 09:46:34,821 [CRITICAL] [AI CORE] Provider router exhausted all available keys.
2026-08-13 09:46:34,822 [INFO] [SCREENED] 'Untitled' -> DROPPED @ ai_confidence_gate (dropped_ai_confidence (scored 0.00 < 0.75))
2026-08-13 09:46:35,633 [CRITICAL] [AI CORE] Provider router exhausted all available keys.
2026-08-13 09:46:35,634 [INFO] [SCREENED] 'Untitled' -> DROPPED @ ai_confidence_gate (dropped_ai_confidence (scored 0.00 < 0.75))
2026-08-13 09:46:36,487 [CRITICAL] [AI CORE] Provider router exhausted all available keys.
2026-08-13 09:46:36,488 [INFO] [SCREENED] 'Untitled' -> DROPPED @ ai_confidence_gate (dropped_ai_confidence (scored 0.00 < 0.75))
2026-08-13 09:46:37,323 [CRITICAL] [AI CORE] Provider router exhausted all available keys.
2026-08-13 09:46:37,323 [INFO] [SCREENED] 'Untitled' -> DROPPED @ ai_confidence_gate (dropped_ai_confidence (scored 0.00 < 0.75))
2026-08-13 09:46:38,129 [CRITICAL] [AI CORE] Provider router exhausted all available keys.
2026-08-13 09:46:38,129 [INFO] [SCREENED] 'Untitled' -> DROPPED @ ai_confidence_gate (dropped_ai_confidence (scored 0.00 < 0.75))
2026-08-13 09:46:39,003 [CRITICAL] [AI CORE] Provider router exhausted all available keys.
2026-08-13 09:46:39,004 [INFO] [SCREENED] 'Untitled' -> DROPPED @ ai_confidence_gate (dropped_ai_confidence (scored 0.00 < 0.75))
2026-08-13 09:46:39,820 [CRITICAL] [AI CORE] Provider router exhausted all available keys.
2026-08-13 09:46:39,820 [INFO] [SCREENED] 'Untitled' -> DROPPED @ ai_confidence_gate (dropped_ai_confidence (scored 0.00 < 0.75))
2026-08-13 09:46:40,647 [CRITICAL] [AI CORE] Provider router exhausted all available keys.
2026-08-13 09:46:40,647 [INFO] [SCREENED] 'Untitled' -> DROPPED @ ai_confidence_gate (dropped_ai_confidence (scored 0.00 < 0.75))
2026-08-13 09:46:41,539 [CRITICAL] [AI CORE] Provider router exhausted all available keys.
2026-08-13 09:46:41,539 [INFO] [SCREENED] 'Untitled' -> DROPPED @ ai_confidence_gate (dropped_ai_confidence (scored 0.00 < 0.75))
2026-08-13 09:46:42,525 [CRITICAL] [AI CORE] Provider router exhausted all available keys.
2026-08-13 09:46:42,525 [INFO] [SCREENED] 'Untitled' -> DROPPED @ ai_confidence_gate (dropped_ai_confidence (scored 0.00 < 0.75))
2026-08-13 09:46:56,161 [CRITICAL] [AI CORE] Provider router exhausted all available keys.
2026-08-13 09:46:56,161 [INFO] [SCREENED] 'Untitled' -> DROPPED @ ai_confidence_gate (dropped_ai_confidence (scored 0.00 < 0.75))
2026-08-13 09:46:56,207 [INFO] [SCREENED] 'Untitled' -> DROPPED @ ontology_concepts (dropped_ontology_score: 0.00 < 0.65)
2026-08-13 09:46:56,231 [INFO] [SCREENED] 'Untitled' -> DROPPED @ ontology_concepts (dropped_ontology_score: 0.00 < 0.65)
2026-08-13 09:47:09,579 [CRITICAL] [AI CORE] Provider router exhausted all available keys.
2026-08-13 09:47:09,580 [INFO] [SCREENED] 'Untitled' -> DROPPED @ ai_confidence_gate (dropped_ai_confidence (scored 0.00 < 0.75))
2026-08-13 09:47:24,969 [CRITICAL] [AI CORE] Provider router exhausted all available keys.
2026-08-13 09:47:24,970 [INFO] [SCREENED] 'Untitled' -> DROPPED @ ai_confidence_gate (dropped_ai_confidence (scored 0.00 < 0.75))
2026-08-13 09:47:27,941 [CRITICAL] [AI CORE] Provider router exhausted all available keys.
2026-08-13 09:47:27,941 [INFO] [SCREENED] 'Untitled' -> DROPPED @ ai_confidence_gate (dropped_ai_confidence (scored 0.00 < 0.75))
2026-08-13 09:47:29,492 [CRITICAL] [AI CORE] Provider router exhausted all available keys.
2026-08-13 09:47:29,492 [INFO] [SCREENED] 'Untitled' -> DROPPED @ ai_confidence_gate (dropped_ai_confidence (scored 0.00 < 0.75))
2026-08-13 09:47:31,603 [CRITICAL] [AI CORE] Provider router exhausted all available keys.
2026-08-13 09:47:31,603 [INFO] [SCREENED] 'Untitled' -> DROPPED @ ai_confidence_gate (dropped_ai_confidence (scored 0.00 < 0.75))
2026-08-13 09:47:32,941 [CRITICAL] [AI CORE] Provider router exhausted all available keys.
2026-08-13 09:47:32,942 [INFO] [SCREENED] 'Untitled' -> DROPPED @ ai_confidence_gate (dropped_ai_confidence (scored 0.00 < 0.75))
2026-08-13 09:47:34,840 [CRITICAL] [AI CORE] Provider router exhausted all available keys.
2026-08-13 09:47:34,841 [INFO] [SCREENED] 'Untitled' -> DROPPED @ ai_confidence_gate (dropped_ai_confidence (scored 0.00 < 0.75))
2026-08-13 09:47:36,499 [CRITICAL] [AI CORE] Provider router exhausted all available keys.
2026-08-13 09:47:36,500 [INFO] [SCREENED] 'Untitled' -> DROPPED @ ai_confidence_gate (dropped_ai_confidence (scored 0.00 < 0.75))
2026-08-13 09:47:37,803 [CRITICAL] [AI CORE] Provider router exhausted all available keys.
2026-08-13 09:47:37,804 [INFO] [SCREENED] 'Untitled' -> DROPPED @ ai_confidence_gate (dropped_ai_confidence (scored 0.00 < 0.75))
2026-08-13 09:47:39,129 [CRITICAL] [AI CORE] Provider router exhausted all available keys.
2026-08-13 09:47:39,130 [INFO] [SCREENED] 'Untitled' -> DROPPED @ ai_confidence_gate (dropped_ai_confidence (scored 0.00 < 0.75))
2026-08-13 09:47:40,355 [CRITICAL] [AI CORE] Provider router exhausted all available keys.
2026-08-13 09:47:40,355 [INFO] [SCREENED] 'Untitled' -> DROPPED @ ai_confidence_gate (dropped_ai_confidence (scored 0.00 < 0.75))
2026-08-13 09:47:42,252 [CRITICAL] [AI CORE] Provider router exhausted all available keys.
2026-08-13 09:47:42,252 [INFO] [SCREENED] 'Untitled' -> DROPPED @ ai_confidence_gate (dropped_ai_confidence (scored 0.00 < 0.75))
2026-08-13 09:47:43,547 [CRITICAL] [AI CORE] Provider router exhausted all available keys.
2026-08-13 09:47:43,547 [INFO] [SCREENED] 'Untitled' -> DROPPED @ ai_confidence_gate (dropped_ai_confidence (scored 0.00 < 0.75))
2026-08-13 09:47:45,027 [CRITICAL] [AI CORE] Provider router exhausted all available keys.
2026-08-13 09:47:45,028 [INFO] [SCREENED] 'Untitled' -> DROPPED @ ai_confidence_gate (dropped_ai_confidence (scored 0.00 < 0.75))
2026-08-13 09:47:46,495 [CRITICAL] [AI CORE] Provider router exhausted all available keys.
2026-08-13 09:47:46,495 [INFO] [SCREENED] 'Untitled' -> DROPPED @ ai_confidence_gate (dropped_ai_confidence (scored 0.00 < 0.75))
2026-08-13 09:47:48,497 [CRITICAL] [AI CORE] Provider router exhausted all available keys.
2026-08-13 09:47:48,498 [INFO] [SCREENED] 'Untitled' -> DROPPED @ ai_confidence_gate (dropped_ai_confidence (scored 0.00 < 0.75))
2026-08-13 09:47:50,081 [CRITICAL] [AI CORE] Provider router exhausted all available keys.
2026-08-13 09:47:50,081 [INFO] [SCREENED] 'Untitled' -> DROPPED @ ai_confidence_gate (dropped_ai_confidence (scored 0.00 < 0.75))
2026-08-13 09:47:51,035 [CRITICAL] [AI CORE] Provider router exhausted all available keys.
2026-08-13 09:47:51,035 [INFO] [SCREENED] 'Untitled' -> DROPPED @ ai_confidence_gate (dropped_ai_confidence (scored 0.00 < 0.75))
2026-08-13 09:47:52,230 [CRITICAL] [AI CORE] Provider router exhausted all available keys.
2026-08-13 09:47:52,230 [INFO] [SCREENED] 'Untitled' -> DROPPED @ ai_confidence_gate (dropped_ai_confidence (scored 0.00 < 0.75))
2026-08-13 09:47:52,279 [INFO] [SCREENED] 'Untitled' -> DROPPED @ ontology_concepts (dropped_ontology_score: 0.00 < 0.65)
2026-08-13 09:47:52,326 [ERROR] Error processing article: name 'extract_target_ticker' is not defined
2026-08-13 09:47:52,340 [INFO] [SCREENED] 'Untitled' -> DROPPED @ ontology_concepts (dropped_ontology_score: 0.00 < 0.65)
2026-08-13 09:47:52,368 [INFO] [SCREENED] 'Untitled' -> DROPPED @ ontology_concepts (dropped_ontology_score: 0.00 < 0.65)
2026-08-13 09:47:52,396 [INFO] [SCREENED] 'Untitled' -> DROPPED @ ontology_concepts (dropped_ontology_score: 0.00 < 0.65)
2026-08-13 09:47:52,422 [INFO] [SCREENED] 'Untitled' -> DROPPED @ ontology_concepts (dropped_ontology_score: 0.00 < 0.65)
2026-08-13 09:47:52,449 [ERROR] Error processing article: name 'extract_target_ticker' is not defined
2026-08-13 09:47:52,460 [ERROR] Error processing article: name 'extract_target_ticker' is not defined
2026-08-13 09:47:52,474 [ERROR] Error processing article: name 'extract_target_ticker' is not defined
2026-08-13 09:47:52,482 [INFO] [SCREENED] 'Untitled' -> DROPPED @ ontology_concepts (dropped_ontology_score: 0.00 < 0.65)
2026-08-13 09:47:52,510 [INFO] [SCREENED] 'Untitled' -> DROPPED @ ontology_concepts (dropped_ontology_score: 0.00 < 0.65)
2026-08-13 09:47:52,543 [INFO] [SCREENED] 'Untitled' -> DROPPED @ ontology_concepts (dropped_ontology_score: 0.00 < 0.65)
2026-08-13 09:47:52,573 [INFO] [SCREENED] 'Untitled' -> DROPPED @ ontology_concepts (dropped_ontology_score: 0.00 < 0.65)
2026-08-13 09:47:52,600 [INFO] [SCREENED] 'Untitled' -> DROPPED @ ontology_concepts (dropped_ontology_score: 0.00 < 0.65)
2026-08-13 09:47:52,633 [INFO] [SCREENED] 'Untitled' -> DROPPED @ ontology_concepts (dropped_ontology_score: 0.00 < 0.65)
2026-08-13 09:47:52,663 [INFO] [SCREENED] 'Untitled' -> DROPPED @ ontology_concepts (dropped_ontology_score: 0.00 < 0.65)
2026-08-13 09:47:52,694 [INFO] [SCREENED] 'Untitled' -> DROPPED @ ontology_concepts (dropped_ontology_score: 0.00 < 0.65)
2026-08-13 09:47:52,726 [ERROR] Error processing article: name 'extract_target_ticker' is not defined
2026-08-13 09:47:52,734 [INFO] [SCREENED] 'Untitled' -> DROPPED @ ontology_concepts (dropped_ontology_score: 0.00 < 0.65)
2026-08-13 09:47:52,767 [ERROR] Error processing article: name 'extract_target_ticker' is not defined
2026-08-13 09:47:52,778 [INFO] [SCREENED] 'Untitled' -> DROPPED @ ontology_concepts (dropped_ontology_score: 0.00 < 0.65)
2026-08-13 09:47:52,807 [ERROR] Error processing article: name 'extract_target_ticker' is not defined
2026-08-13 09:47:52,821 [INFO] [SCREENED] 'Untitled' -> DROPPED @ ontology_concepts (dropped_ontology_score: 0.00 < 0.65)
2026-08-13 09:47:52,853 [INFO] [SCREENED] 'Untitled' -> DROPPED @ ontology_concepts (dropped_ontology_score: 0.00 < 0.65)
2026-08-13 09:47:52,882 [INFO] [SCREENED] 'Untitled' -> DROPPED @ ontology_concepts (dropped_ontology_score: 0.00 < 0.65)
2026-08-13 09:47:52,911 [INFO] [SCREENED] 'Untitled' -> DROPPED @ ontology_concepts (dropped_ontology_score: 0.00 < 0.65)
2026-08-13 09:47:52,941 [INFO] [SCREENED] 'Untitled' -> DROPPED @ ontology_concepts (dropped_ontology_score: 0.00 < 0.65)
2026-08-13 09:47:52,963 [INFO] [SCREENED] 'Untitled' -> DROPPED @ ontology_concepts (dropped_ontology_score: 0.00 < 0.65)
2026-08-13 09:47:52,994 [INFO] [SCREENED] 'Untitled' -> DROPPED @ ontology_concepts (dropped_ontology_score: 0.00 < 0.65)
2026-08-13 09:47:53,031 [ERROR] Error processing article: name 'extract_target_ticker' is not defined
2026-08-13 09:47:53,054 [INFO] [SCREENED] 'Untitled' -> DROPPED @ ontology_concepts (dropped_ontology_score: 0.00 < 0.65)
2026-08-13 09:47:53,081 [INFO] [SCREENED] 'Untitled' -> DROPPED @ ontology_concepts (dropped_ontology_score: 0.00 < 0.65)
2026-08-13 09:47:53,109 [INFO] [SCREENED] 'Untitled' -> DROPPED @ ontology_concepts (dropped_ontology_score: 0.00 < 0.65)
2026-08-13 09:47:53,142 [INFO] [SCREENED] 'Untitled' -> DROPPED @ ontology_concepts (dropped_ontology_score: 0.00 < 0.65)
2026-08-13 09:47:53,164 [INFO] [SCREENED] 'Untitled' -> DROPPED @ ontology_concepts (dropped_ontology_score: 0.00 < 0.65)
2026-08-13 09:47:53,195 [INFO] [SCREENED] 'Untitled' -> DROPPED @ ontology_concepts (dropped_ontology_score: 0.00 < 0.65)
2026-08-13 09:47:53,228 [INFO] [SCREENED] 'Untitled' -> DROPPED @ ontology_concepts (dropped_ontology_score: 0.00 < 0.65)
2026-08-13 09:47:53,253 [ERROR] Error processing article: name 'extract_target_ticker' is not defined
2026-08-13 09:47:53,271 [ERROR] Error processing article: name 'extract_target_ticker' is not defined
2026-08-13 09:47:54,105 [CRITICAL] [AI CORE] Provider router exhausted all available keys.
2026-08-13 09:47:54,106 [INFO] [SCREENED] 'Untitled' -> DROPPED @ ai_confidence_gate (dropped_ai_confidence (scored 0.00 < 0.75))
2026-08-13 09:47:54,155 [INFO] [SCREENED] 'Untitled' -> DROPPED @ ontology_concepts (dropped_ontology_score: 0.00 < 0.65)
2026-08-13 09:47:54,182 [ERROR] Error processing article: name 'extract_target_ticker' is not defined
2026-08-13 09:47:54,195 [INFO] [SCREENED] 'Untitled' -> DROPPED @ ontology_concepts (dropped_ontology_score: 0.00 < 0.65)
2026-08-13 09:47:54,219 [INFO] [SCREENED] 'Untitled' -> DROPPED @ ontology_concepts (dropped_ontology_score: 0.00 < 0.65)
2026-08-13 09:47:54,244 [INFO] [SCREENED] 'Untitled' -> DROPPED @ ontology_concepts (dropped_ontology_score: 0.00 < 0.65)
2026-08-13 09:47:54,268 [INFO] [SCREENED] 'Untitled' -> DROPPED @ ontology_concepts (dropped_ontology_score: 0.00 < 0.65)
2026-08-13 09:47:54,295 [INFO] [SCREENED] 'Untitled' -> DROPPED @ ontology_concepts (dropped_ontology_score: 0.00 < 0.65)
2026-08-13 09:47:54,324 [INFO] [SCREENED] 'Untitled' -> DROPPED @ ontology_concepts (dropped_ontology_score: 0.00 < 0.65)
2026-08-13 09:47:54,351 [INFO] [SCREENED] 'Untitled' -> DROPPED @ ontology_concepts (dropped_ontology_score: 0.00 < 0.65)
2026-08-13 09:47:54,381 [INFO] [SCREENED] 'Untitled' -> DROPPED @ ontology_concepts (dropped_ontology_score: 0.00 < 0.65)
2026-08-13 09:47:54,406 [INFO] [SCREENED] 'Untitled' -> DROPPED @ ontology_concepts (dropped_ontology_score: 0.00 < 0.65)
2026-08-13 09:47:54,436 [ERROR] Error processing article: name 'extract_target_ticker' is not defined
2026-08-13 09:47:54,454 [ERROR] Error processing article: name 'extract_target_ticker' is not defined
2026-08-13 09:47:54,465 [INFO] [SCREENED] 'Untitled' -> DROPPED @ ontology_concepts (dropped_ontology_score: 0.00 < 0.65)
2026-08-13 09:47:54,496 [ERROR] Error processing article: name 'extract_target_ticker' is not defined
2026-08-13 09:47:54,507 [INFO] [SCREENED] 'Untitled' -> DROPPED @ ontology_concepts (dropped_ontology_score: 0.00 < 0.65)
2026-08-13 09:47:54,535 [INFO] [SCREENED] 'Untitled' -> DROPPED @ ontology_concepts (dropped_ontology_score: 0.00 < 0.65)
2026-08-13 09:47:54,566 [INFO] [SCREENED] 'Untitled' -> DROPPED @ ontology_concepts (dropped_ontology_score: 0.00 < 0.65)
2026-08-13 09:47:54,588 [INFO] [SCREENED] 'Untitled' -> DROPPED @ ontology_concepts (dropped_ontology_score: 0.00 < 0.65)
2026-08-13 09:47:54,619 [INFO] [SCREENED] 'Untitled' -> DROPPED @ ontology_concepts (dropped_ontology_score: 0.00 < 0.65)
2026-08-13 09:47:54,649 [INFO] [SCREENED] 'Untitled' -> DROPPED @ ontology_concepts (dropped_ontology_score: 0.00 < 0.65)
2026-08-13 09:47:54,683 [INFO] [SCREENED] 'Untitled' -> DROPPED @ ontology_concepts (dropped_ontology_score: 0.00 < 0.65)
2026-08-13 09:47:54,725 [ERROR] Error processing article: name 'extract_target_ticker' is not defined
2026-08-13 09:47:54,739 [INFO] [SCREENED] 'Untitled' -> DROPPED @ ontology_concepts (dropped_ontology_score: 0.00 < 0.65)
2026-08-13 09:47:54,763 [INFO] [SCREENED] 'Untitled' -> DROPPED @ ontology_concepts (dropped_ontology_score: 0.00 < 0.65)
2026-08-13 09:47:54,798 [ERROR] Error processing article: name 'extract_target_ticker' is not defined
2026-08-13 09:47:54,825 [ERROR] Error processing article: name 'extract_target_ticker' is not defined
2026-08-13 09:47:54,837 [INFO] [SCREENED] 'Untitled' -> DROPPED @ ontology_concepts (dropped_ontology_score: 0.00 < 0.65)
2026-08-13 09:47:54,864 [INFO] [SCREENED] 'Untitled' -> DROPPED @ ontology_concepts (dropped_ontology_score: 0.00 < 0.65)
2026-08-13 09:47:54,892 [ERROR] Error processing article: name 'extract_target_ticker' is not defined
2026-08-13 09:47:54,906 [INFO] [SCREENED] 'Untitled' -> DROPPED @ ontology_concepts (dropped_ontology_score: 0.00 < 0.65)
2026-08-13 09:47:54,932 [INFO] [SCREENED] 'Untitled' -> DROPPED @ ontology_concepts (dropped_ontology_score: 0.00 < 0.65)
2026-08-13 09:47:54,962 [INFO] [SCREENED] 'Untitled' -> DROPPED @ ontology_concepts (dropped_ontology_score: 0.00 < 0.65)
2026-08-13 09:47:54,989 [INFO] [SCREENED] 'Untitled' -> DROPPED @ ontology_concepts (dropped_ontology_score: 0.00 < 0.65)
2026-08-13 09:47:55,017 [ERROR] Error processing article: name 'extract_target_ticker' is not defined
2026-08-13 09:47:55,030 [INFO] [SCREENED] 'Untitled' -> DROPPED @ ontology_concepts (dropped_ontology_score: 0.00 < 0.65)
2026-08-13 09:47:55,058 [INFO] [SCREENED] 'Untitled' -> DROPPED @ ontology_concepts (dropped_ontology_score: 0.00 < 0.65)
2026-08-13 09:47:55,086 [INFO] [SCREENED] 'Untitled' -> DROPPED @ ontology_concepts (dropped_ontology_score: 0.00 < 0.65)
2026-08-13 09:47:55,117 [ERROR] Error processing article: name 'extract_target_ticker' is not defined
2026-08-13 09:47:55,129 [INFO] [SCREENED] 'Untitled' -> DROPPED @ ontology_concepts (dropped_ontology_score: 0.00 < 0.65)
2026-08-13 09:47:55,157 [INFO] [SCREENED] 'Untitled' -> DROPPED @ ontology_concepts (dropped_ontology_score: 0.00 < 0.65)
2026-08-13 09:47:55,184 [INFO] [SCREENED] 'Untitled' -> DROPPED @ ontology_concepts (dropped_ontology_score: 0.00 < 0.65)
2026-08-13 09:47:55,213 [INFO] [SCREENED] 'Untitled' -> DROPPED @ ontology_concepts (dropped_ontology_score: 0.00 < 0.65)
2026-08-13 09:47:55,238 [INFO] [SCREENED] 'Untitled' -> DROPPED @ ontology_concepts (dropped_ontology_score: 0.00 < 0.65)
2026-08-13 09:47:55,264 [INFO] [SCREENED] 'Untitled' -> DROPPED @ ontology_concepts (dropped_ontology_score: 0.00 < 0.65)
2026-08-13 09:47:55,289 [INFO] [SCREENED] 'Untitled' -> DROPPED @ ontology_concepts (dropped_ontology_score: 0.00 < 0.65)
2026-08-13 09:47:55,318 [ERROR] Error processing article: name 'extract_target_ticker' is not defined
2026-08-13 09:47:55,333 [INFO] [SCREENED] 'Untitled' -> DROPPED @ ontology_concepts (dropped_ontology_score: 0.00 < 0.65)
2026-08-13 09:47:55,367 [INFO] [SCREENED] 'Untitled' -> DROPPED @ ontology_concepts (dropped_ontology_score: 0.00 < 0.65)
2026-08-13 09:47:55,417 [INFO] [SCREENED] 'Untitled' -> DROPPED @ ontology_concepts (dropped_ontology_score: 0.00 < 0.65)
2026-08-13 09:47:55,446 [INFO] [SCREENED] 'Untitled' -> DROPPED @ ontology_concepts (dropped_ontology_score: 0.00 < 0.65)
2026-08-13 09:47:55,474 [INFO] [SCREENED] 'Untitled' -> DROPPED @ ontology_concepts (dropped_ontology_score: 0.00 < 0.65)
2026-08-13 09:47:55,499 [INFO] [SCREENED] 'Untitled' -> DROPPED @ ontology_concepts (dropped_ontology_score: 0.00 < 0.65)
2026-08-13 09:47:55,539 [INFO] [SCREENED] 'Untitled' -> DROPPED @ ontology_concepts (dropped_ontology_score: 0.00 < 0.65)
2026-08-13 09:47:55,563 [INFO] [SCREENED] 'Untitled' -> DROPPED @ ontology_concepts (dropped_ontology_score: 0.00 < 0.65)
2026-08-13 09:47:55,588 [ERROR] Error processing article: name 'extract_target_ticker' is not defined
2026-08-13 09:47:55,600 [INFO] [SCREENED] 'Untitled' -> DROPPED @ ontology_concepts (dropped_ontology_score: 0.00 < 0.65)
2026-08-13 09:47:55,639 [INFO] [SCREENED] 'Untitled' -> DROPPED @ ontology_concepts (dropped_ontology_score: 0.00 < 0.65)
2026-08-13 09:47:55,663 [INFO] [SCREENED] 'Untitled' -> DROPPED @ ontology_concepts (dropped_ontology_score: 0.00 < 0.65)
2026-08-13 09:47:55,690 [INFO] [SCREENED] 'Untitled' -> DROPPED @ ontology_concepts (dropped_ontology_score: 0.00 < 0.65)
2026-08-13 09:47:55,716 [ERROR] Error processing article: name 'extract_target_ticker' is not defined
2026-08-13 09:47:55,725 [INFO] [SCREENED] 'Untitled' -> DROPPED @ ontology_concepts (dropped_ontology_score: 0.00 < 0.65)
2026-08-13 09:47:55,750 [INFO] [SCREENED] 'Untitled' -> DROPPED @ ontology_concepts (dropped_ontology_score: 0.00 < 0.65)
2026-08-13 09:47:55,769 [INFO] [SCREENED] 'Untitled' -> DROPPED @ ontology_concepts (dropped_ontology_score: 0.00 < 0.65)
2026-08-13 09:47:55,790 [INFO] [SCREENED] 'Untitled' -> DROPPED @ ontology_concepts (dropped_ontology_score: 0.00 < 0.65)
2026-08-13 09:47:55,811 [INFO] [SCREENED] 'Untitled' -> DROPPED @ ontology_concepts (dropped_ontology_score: 0.00 < 0.65)
2026-08-13 09:47:55,838 [INFO] [SCREENED] 'Untitled' -> DROPPED @ ontology_concepts (dropped_ontology_score: 0.00 < 0.65)
2026-08-13 09:47:55,866 [INFO] [SCREENED] 'Untitled' -> DROPPED @ ontology_concepts (dropped_ontology_score: 0.00 < 0.65)
2026-08-13 09:47:55,889 [INFO] [SCREENED] 'Untitled' -> DROPPED @ ontology_concepts (dropped_ontology_score: 0.00 < 0.65)
2026-08-13 09:47:55,914 [INFO] [SCREENED] 'Untitled' -> DROPPED @ ontology_concepts (dropped_ontology_score: 0.00 < 0.65)
2026-08-13 09:47:55,942 [ERROR] Error processing article: name 'extract_target_ticker' is not defined
2026-08-13 09:47:55,954 [ERROR] Error processing article: name 'extract_target_ticker' is not defined
2026-08-13 09:47:55,966 [INFO] [SCREENED] 'Untitled' -> DROPPED @ ontology_concepts (dropped_ontology_score: 0.00 < 0.65)
2026-08-13 09:47:55,985 [INFO] [SCREENED] 'Untitled' -> DROPPED @ ontology_concepts (dropped_ontology_score: 0.00 < 0.65)
2026-08-13 09:47:56,009 [INFO] [SCREENED] 'Untitled' -> DROPPED @ ontology_concepts (dropped_ontology_score: 0.00 < 0.65)
2026-08-13 09:47:56,035 [ERROR] Error processing article: name 'extract_target_ticker' is not defined
2026-08-13 09:47:56,045 [INFO] [SCREENED] 'Untitled' -> DROPPED @ ontology_concepts (dropped_ontology_score: 0.00 < 0.65)
2026-08-13 09:47:56,068 [INFO] [SCREENED] 'Untitled' -> DROPPED @ ontology_concepts (dropped_ontology_score: 0.00 < 0.65)
2026-08-13 09:47:56,094 [INFO] [SCREENED] 'Untitled' -> DROPPED @ ontology_concepts (dropped_ontology_score: 0.00 < 0.65)
2026-08-13 09:47:56,120 [ERROR] Error processing article: name 'extract_target_ticker' is not defined
2026-08-13 09:47:56,886 [CRITICAL] [AI CORE] Provider router exhausted all available keys.
2026-08-13 09:47:56,887 [INFO] [SCREENED] 'Untitled' -> DROPPED @ ai_confidence_gate (dropped_ai_confidence (scored 0.00 < 0.75))
2026-08-13 09:47:56,928 [INFO] [SCREENED] 'Untitled' -> DROPPED @ ontology_concepts (dropped_ontology_score: 0.00 < 0.65)
2026-08-13 09:47:56,952 [INFO] [SCREENED] 'Untitled' -> DROPPED @ ontology_concepts (dropped_ontology_score: 0.00 < 0.65)
2026-08-13 09:47:56,978 [ERROR] Error processing article: name 'extract_target_ticker' is not defined
2026-08-13 09:47:56,996 [INFO] [SCREENED] 'Untitled' -> DROPPED @ ontology_concepts (dropped_ontology_score: 0.00 < 0.65)
2026-08-13 09:47:57,029 [INFO] [SCREENED] 'Untitled' -> DROPPED @ ontology_concepts (dropped_ontology_score: 0.00 < 0.65)
2026-08-13 09:47:57,056 [ERROR] Error processing article: name 'extract_target_ticker' is not defined
2026-08-13 09:47:57,069 [ERROR] Error processing article: name 'extract_target_ticker' is not defined
2026-08-13 09:47:57,080 [INFO] [SCREENED] 'Untitled' -> DROPPED @ ontology_concepts (dropped_ontology_score: 0.00 < 0.65)
2026-08-13 09:47:57,105 [INFO] [SCREENED] 'Untitled' -> DROPPED @ ontology_concepts (dropped_ontology_score: 0.00 < 0.65)
2026-08-13 09:47:57,130 [INFO] [SCREENED] 'Untitled' -> DROPPED @ ontology_concepts (dropped_ontology_score: 0.00 < 0.65)
2026-08-13 09:47:57,158 [INFO] [SCREENED] 'Untitled' -> DROPPED @ ontology_concepts (dropped_ontology_score: 0.00 < 0.65)
2026-08-13 09:47:57,183 [INFO] [SCREENED] 'Untitled' -> DROPPED @ ontology_concepts (dropped_ontology_score: 0.00 < 0.65)
2026-08-13 09:47:57,210 [INFO] [SCREENED] 'Untitled' -> DROPPED @ ontology_concepts (dropped_ontology_score: 0.00 < 0.65)
2026-08-13 09:47:57,234 [INFO] [SCREENED] 'Untitled' -> DROPPED @ ontology_concepts (dropped_ontology_score: 0.00 < 0.65)
2026-08-13 09:47:58,050 [CRITICAL] [AI CORE] Provider router exhausted all available keys.
2026-08-13 09:47:58,050 [INFO] [SCREENED] 'Untitled' -> DROPPED @ ai_confidence_gate (dropped_ai_confidence (scored 0.00 < 0.75))
2026-08-13 09:47:58,095 [INFO] [SCREENED] 'Untitled' -> DROPPED @ ontology_concepts (dropped_ontology_score: 0.00 < 0.65)
2026-08-13 09:47:58,120 [INFO] [SCREENED] 'Untitled' -> DROPPED @ ontology_concepts (dropped_ontology_score: 0.00 < 0.65)
2026-08-13 09:47:58,146 [INFO] [SCREENED] 'Untitled' -> DROPPED @ ontology_concepts (dropped_ontology_score: 0.00 < 0.65)
2026-08-13 09:47:58,172 [ERROR] Error processing article: name 'extract_target_ticker' is not defined
2026-08-13 09:47:58,182 [INFO] [SCREENED] 'Untitled' -> DROPPED @ ontology_concepts (dropped_ontology_score: 0.00 < 0.65)
2026-08-13 09:47:58,206 [ERROR] Error processing article: name 'extract_target_ticker' is not defined
2026-08-13 09:47:58,219 [INFO] [SCREENED] 'Untitled' -> DROPPED @ ontology_concepts (dropped_ontology_score: 0.00 < 0.65)
2026-08-13 09:47:58,245 [INFO] [SCREENED] 'Untitled' -> DROPPED @ ontology_concepts (dropped_ontology_score: 0.00 < 0.65)
2026-08-13 09:47:58,272 [INFO] [SCREENED] 'Untitled' -> DROPPED @ ontology_concepts (dropped_ontology_score: 0.00 < 0.65)
2026-08-13 09:47:58,297 [INFO] [SCREENED] 'Untitled' -> DROPPED @ ontology_concepts (dropped_ontology_score: 0.00 < 0.65)
2026-08-13 09:47:58,323 [INFO] [SCREENED] 'Untitled' -> DROPPED @ ontology_concepts (dropped_ontology_score: 0.00 < 0.65)
2026-08-13 09:47:58,399 [ERROR] Error processing article: name 'extract_target_ticker' is not defined
2026-08-13 09:47:58,411 [ERROR] Error processing article: name 'extract_target_ticker' is not defined
2026-08-13 09:47:58,422 [INFO] [SCREENED] 'Untitled' -> DROPPED @ ontology_concepts (dropped_ontology_score: 0.00 < 0.65)
2026-08-13 09:47:58,449 [INFO] [SCREENED] 'Untitled' -> DROPPED @ ontology_concepts (dropped_ontology_score: 0.00 < 0.65)
2026-08-13 09:47:58,475 [ERROR] Error processing article: name 'extract_target_ticker' is not defined
2026-08-13 09:47:58,487 [INFO] [SCREENED] 'Untitled' -> DROPPED @ ontology_concepts (dropped_ontology_score: 0.00 < 0.65)
2026-08-13 09:47:58,513 [ERROR] Error processing article: name 'extract_target_ticker' is not defined
2026-08-13 09:47:58,524 [INFO] [SCREENED] 'Untitled' -> DROPPED @ ontology_concepts (dropped_ontology_score: 0.00 < 0.65)
2026-08-13 09:47:58,552 [INFO] [SCREENED] 'Untitled' -> DROPPED @ ontology_concepts (dropped_ontology_score: 0.00 < 0.65)
2026-08-13 09:47:58,581 [ERROR] Error processing article: name 'extract_target_ticker' is not defined
2026-08-13 09:47:58,590 [INFO] [SCREENED] 'Untitled' -> DROPPED @ ontology_concepts (dropped_ontology_score: 0.00 < 0.65)
2026-08-13 09:47:58,614 [INFO] [SCREENED] 'Untitled' -> DROPPED @ ontology_concepts (dropped_ontology_score: 0.00 < 0.65)
2026-08-13 09:47:58,644 [ERROR] Error processing article: name 'extract_target_ticker' is not defined
2026-08-13 09:47:58,657 [ERROR] Error processing article: name 'extract_target_ticker' is not defined
2026-08-13 09:47:58,672 [INFO] [SCREENED] 'Untitled' -> DROPPED @ ontology_concepts (dropped_ontology_score: 0.00 < 0.65)
2026-08-13 09:47:58,696 [INFO] [SCREENED] 'Untitled' -> DROPPED @ ontology_concepts (dropped_ontology_score: 0.00 < 0.65)
2026-08-13 09:47:58,723 [INFO] [SCREENED] 'Untitled' -> DROPPED @ ontology_concepts (dropped_ontology_score: 0.00 < 0.65)
2026-08-13 09:47:58,752 [INFO] [SCREENED] 'Untitled' -> DROPPED @ ontology_concepts (dropped_ontology_score: 0.00 < 0.65)
2026-08-13 09:47:58,778 [INFO] [SCREENED] 'Untitled' -> DROPPED @ ontology_concepts (dropped_ontology_score: 0.00 < 0.65)
2026-08-13 09:47:58,804 [INFO] [SCREENED] 'Untitled' -> DROPPED @ ontology_concepts (dropped_ontology_score: 0.00 < 0.65)
2026-08-13 09:47:58,828 [INFO] [SCREENED] 'Untitled' -> DROPPED @ ontology_concepts (dropped_ontology_score: 0.00 < 0.65)
2026-08-13 09:47:58,852 [INFO] [SCREENED] 'Untitled' -> DROPPED @ ontology_concepts (dropped_ontology_score: 0.00 < 0.65)
2026-08-13 09:47:58,877 [ERROR] Error processing article: name 'extract_target_ticker' is not defined
2026-08-13 09:47:58,889 [ERROR] Error processing article: name 'extract_target_ticker' is not defined
2026-08-13 09:47:58,900 [INFO] [SCREENED] 'Untitled' -> DROPPED @ ontology_concepts (dropped_ontology_score: 0.00 < 0.65)
2026-08-13 09:47:58,925 [INFO] [SCREENED] 'Untitled' -> DROPPED @ ontology_concepts (dropped_ontology_score: 0.00 < 0.65)
2026-08-13 09:47:58,949 [INFO] [SCREENED] 'Untitled' -> DROPPED @ ontology_concepts (dropped_ontology_score: 0.00 < 0.65)
2026-08-13 09:47:58,977 [INFO] [SCREENED] 'Untitled' -> DROPPED @ ontology_concepts (dropped_ontology_score: 0.00 < 0.65)
2026-08-13 09:47:59,001 [INFO] [SCREENED] 'Untitled' -> DROPPED @ ontology_concepts (dropped_ontology_score: 0.00 < 0.65)
2026-08-13 09:47:59,031 [INFO] [SCREENED] 'Untitled' -> DROPPED @ ontology_concepts (dropped_ontology_score: 0.00 < 0.65)
2026-08-13 09:47:59,058 [INFO] [SCREENED] 'Untitled' -> DROPPED @ ontology_concepts (dropped_ontology_score: 0.00 < 0.65)
2026-08-13 09:47:59,087 [INFO] [SCREENED] 'Untitled' -> DROPPED @ ontology_concepts (dropped_ontology_score: 0.00 < 0.65)
2026-08-13 09:47:59,128 [INFO] [SCREENED] 'Untitled' -> DROPPED @ ontology_concepts (dropped_ontology_score: 0.00 < 0.65)
2026-08-13 09:47:59,152 [INFO] [SCREENED] 'Untitled' -> DROPPED @ ontology_concepts (dropped_ontology_score: 0.00 < 0.65)
2026-08-13 09:47:59,175 [INFO] [SCREENED] 'Untitled' -> DROPPED @ ontology_concepts (dropped_ontology_score: 0.00 < 0.65)
2026-08-13 09:47:59,201 [INFO] [SCREENED] 'Untitled' -> DROPPED @ ontology_concepts (dropped_ontology_score: 0.00 < 0.65)
2026-08-13 09:47:59,227 [INFO] [SCREENED] 'Untitled' -> DROPPED @ ontology_concepts (dropped_ontology_score: 0.00 < 0.65)
2026-08-13 09:47:59,253 [INFO] [SCREENED] 'Untitled' -> DROPPED @ ontology_concepts (dropped_ontology_score: 0.00 < 0.65)
2026-08-13 09:47:59,277 [INFO] [SCREENED] 'Untitled' -> DROPPED @ ontology_concepts (dropped_ontology_score: 0.00 < 0.65)
2026-08-13 09:47:59,302 [INFO] [SCREENED] 'Untitled' -> DROPPED @ ontology_concepts (dropped_ontology_score: 0.00 < 0.65)
2026-08-13 09:47:59,329 [INFO] [SCREENED] 'Untitled' -> DROPPED @ ontology_concepts (dropped_ontology_score: 0.00 < 0.65)
2026-08-13 09:47:59,353 [INFO] [SCREENED] 'Untitled' -> DROPPED @ ontology_concepts (dropped_ontology_score: 0.00 < 0.65)
2026-08-13 09:47:59,379 [ERROR] Error processing article: name 'extract_target_ticker' is not defined
2026-08-13 09:47:59,389 [INFO] [SCREENED] 'Untitled' -> DROPPED @ ontology_concepts (dropped_ontology_score: 0.00 < 0.65)
2026-08-13 09:47:59,419 [INFO] [SCREENED] 'Untitled' -> DROPPED @ ontology_concepts (dropped_ontology_score: 0.00 < 0.65)
2026-08-13 09:47:59,441 [INFO] [SCREENED] 'Untitled' -> DROPPED @ ontology_concepts (dropped_ontology_score: 0.00 < 0.65)
2026-08-13 09:47:59,465 [INFO] [SCREENED] 'Untitled' -> DROPPED @ ontology_concepts (dropped_ontology_score: 0.00 < 0.65)
2026-08-13 09:47:59,487 [INFO] [SCREENED] 'Untitled' -> DROPPED @ ontology_concepts (dropped_ontology_score: 0.00 < 0.65)
2026-08-13 09:47:59,510 [INFO] [SCREENED] 'Untitled' -> DROPPED @ ontology_concepts (dropped_ontology_score: 0.00 < 0.65)
2026-08-13 09:47:59,537 [ERROR] Error processing article: name 'extract_target_ticker' is not defined
2026-08-13 09:47:59,548 [INFO] [SCREENED] 'Untitled' -> DROPPED @ ontology_concepts (dropped_ontology_score: 0.00 < 0.65)
2026-08-13 09:47:59,573 [INFO] [SCREENED] 'Untitled' -> DROPPED @ ontology_concepts (dropped_ontology_score: 0.00 < 0.65)
2026-08-13 09:47:59,598 [INFO] [SCREENED] 'Untitled' -> DROPPED @ ontology_concepts (dropped_ontology_score: 0.00 < 0.65)
2026-08-13 09:48:11,066 [CRITICAL] [AI CORE] Provider router exhausted all available keys.
2026-08-13 09:48:11,066 [INFO] [SCREENED] 'Untitled' -> DROPPED @ ai_confidence_gate (dropped_ai_confidence (scored 0.00 < 0.75))
2026-08-13 09:48:24,924 [CRITICAL] [AI CORE] Provider router exhausted all available keys.
2026-08-13 09:48:24,924 [INFO] [SCREENED] 'Untitled' -> DROPPED @ ai_confidence_gate (dropped_ai_confidence (scored 0.00 < 0.75))
2026-08-13 09:48:24,975 [ERROR] Error processing article: name 'extract_target_ticker' is not defined
2026-08-13 09:48:24,985 [INFO] [SCREENED] 'Untitled' -> DROPPED @ ontology_concepts (dropped_ontology_score: 0.00 < 0.65)
2026-08-13 09:48:25,006 [INFO] [SCREENED] 'Untitled' -> DROPPED @ ontology_concepts (dropped_ontology_score: 0.00 < 0.65)
2026-08-13 09:48:25,028 [INFO] [SCREENED] 'Untitled' -> DROPPED @ ontology_concepts (dropped_ontology_score: 0.00 < 0.65)
2026-08-13 09:48:25,052 [INFO] [SCREENED] 'Untitled' -> DROPPED @ ontology_concepts (dropped_ontology_score: 0.00 < 0.65)
2026-08-13 09:48:25,077 [INFO] [SCREENED] 'Untitled' -> DROPPED @ ontology_concepts (dropped_ontology_score: 0.00 < 0.65)
2026-08-13 09:48:25,102 [INFO] [SCREENED] 'Untitled' -> DROPPED @ ontology_concepts (dropped_ontology_score: 0.00 < 0.65)
2026-08-13 09:48:25,127 [ERROR] Error processing article: name 'extract_target_ticker' is not defined
2026-08-13 09:48:25,142 [INFO] [SCREENED] 'Untitled' -> DROPPED @ ontology_concepts (dropped_ontology_score: 0.00 < 0.65)
2026-08-13 09:48:25,168 [INFO] [SCREENED] 'Untitled' -> DROPPED @ ontology_concepts (dropped_ontology_score: 0.00 < 0.65)
2026-08-13 09:48:25,195 [INFO] [SCREENED] 'Untitled' -> DROPPED @ ontology_concepts (dropped_ontology_score: 0.00 < 0.65)
2026-08-13 09:48:25,217 [INFO] [SCREENED] 'Untitled' -> DROPPED @ ontology_concepts (dropped_ontology_score: 0.00 < 0.65)
2026-08-13 09:48:25,242 [INFO] [SCREENED] 'Untitled' -> DROPPED @ ontology_concepts (dropped_ontology_score: 0.00 < 0.65)
2026-08-13 09:48:25,269 [ERROR] Error processing article: name 'extract_target_ticker' is not defined
2026-08-13 09:48:25,279 [INFO] [SCREENED] 'Untitled' -> DROPPED @ ontology_concepts (dropped_ontology_score: 0.00 < 0.65)
2026-08-13 09:48:25,304 [INFO] [SCREENED] 'Untitled' -> DROPPED @ ontology_concepts (dropped_ontology_score: 0.00 < 0.65)
2026-08-13 09:48:25,332 [INFO] [SCREENED] 'Untitled' -> DROPPED @ ontology_concepts (dropped_ontology_score: 0.00 < 0.65)
2026-08-13 09:48:25,358 [INFO] [SCREENED] 'Untitled' -> DROPPED @ ontology_concepts (dropped_ontology_score: 0.00 < 0.65)
2026-08-13 09:48:25,386 [INFO] [SCREENED] 'Untitled' -> DROPPED @ ontology_concepts (dropped_ontology_score: 0.00 < 0.65)
2026-08-13 09:48:26,320 [CRITICAL] [AI CORE] Provider router exhausted all available keys.
2026-08-13 09:48:26,320 [INFO] [SCREENED] 'Untitled' -> DROPPED @ ai_confidence_gate (dropped_ai_confidence (scored 0.00 < 0.75))
2026-08-13 09:48:26,363 [INFO] [SCREENED] 'Untitled' -> DROPPED @ ontology_concepts (dropped_ontology_score: 0.00 < 0.65)
2026-08-13 09:48:26,402 [INFO] [SCREENED] 'Untitled' -> DROPPED @ ontology_concepts (dropped_ontology_score: 0.00 < 0.65)
2026-08-13 09:48:26,428 [INFO] [SCREENED] 'Untitled' -> DROPPED @ ontology_concepts (dropped_ontology_score: 0.00 < 0.65)
2026-08-13 09:48:26,481 [ERROR] Error processing article: name 'extract_target_ticker' is not defined
2026-08-13 09:48:26,494 [INFO] [SCREENED] 'Untitled' -> DROPPED @ ontology_concepts (dropped_ontology_score: 0.00 < 0.65)
2026-08-13 09:48:26,516 [INFO] [SCREENED] 'Untitled' -> DROPPED @ ontology_concepts (dropped_ontology_score: 0.00 < 0.65)
2026-08-13 09:48:26,539 [INFO] [SCREENED] 'Untitled' -> DROPPED @ ontology_concepts (dropped_ontology_score: 0.00 < 0.65)
2026-08-13 09:48:26,574 [INFO] [SCREENED] 'Untitled' -> DROPPED @ ontology_concepts (dropped_ontology_score: 0.00 < 0.65)
2026-08-13 09:48:26,601 [INFO] [SCREENED] 'Untitled' -> DROPPED @ ontology_concepts (dropped_ontology_score: 0.00 < 0.65)
2026-08-13 09:48:26,623 [INFO] [SCREENED] 'Untitled' -> DROPPED @ ontology_concepts (dropped_ontology_score: 0.00 < 0.65)
2026-08-13 09:48:26,650 [INFO] [SCREENED] 'Untitled' -> DROPPED @ ontology_concepts (dropped_ontology_score: 0.00 < 0.65)
2026-08-13 09:48:26,674 [INFO] [SCREENED] 'Untitled' -> DROPPED @ ontology_concepts (dropped_ontology_score: 0.00 < 0.65)
2026-08-13 09:48:26,709 [ERROR] Error processing article: name 'extract_target_ticker' is not defined
2026-08-13 09:48:27,745 [CRITICAL] [AI CORE] Provider router exhausted all available keys.
2026-08-13 09:48:27,745 [INFO] [SCREENED] 'Untitled' -> DROPPED @ ai_confidence_gate (dropped_ai_confidence (scored 0.00 < 0.75))
2026-08-13 09:48:27,784 [INFO] [SCREENED] 'Untitled' -> DROPPED @ ontology_concepts (dropped_ontology_score: 0.00 < 0.65)
2026-08-13 09:48:27,814 [INFO] [SCREENED] 'Untitled' -> DROPPED @ ontology_concepts (dropped_ontology_score: 0.00 < 0.65)
2026-08-13 09:48:27,845 [INFO] [SCREENED] 'Untitled' -> DROPPED @ ontology_concepts (dropped_ontology_score: 0.00 < 0.65)
2026-08-13 09:48:27,869 [INFO] [SCREENED] 'Untitled' -> DROPPED @ ontology_concepts (dropped_ontology_score: 0.00 < 0.65)
2026-08-13 09:48:27,893 [INFO] [SCREENED] 'Untitled' -> DROPPED @ ontology_concepts (dropped_ontology_score: 0.00 < 0.65)
2026-08-13 09:48:27,917 [INFO] [SCREENED] 'Untitled' -> DROPPED @ ontology_concepts (dropped_ontology_score: 0.00 < 0.65)
2026-08-13 09:48:27,942 [INFO] [SCREENED] 'Untitled' -> DROPPED @ ontology_concepts (dropped_ontology_score: 0.00 < 0.65)
2026-08-13 09:48:27,969 [INFO] [SCREENED] 'Untitled' -> DROPPED @ ontology_concepts (dropped_ontology_score: 0.00 < 0.65)
2026-08-13 09:48:27,997 [ERROR] Error processing article: name 'extract_target_ticker' is not defined
2026-08-13 09:48:28,008 [ERROR] Error processing article: name 'extract_target_ticker' is not defined
2026-08-13 09:48:28,017 [INFO] [SCREENED] 'Untitled' -> DROPPED @ ontology_concepts (dropped_ontology_score: 0.00 < 0.65)
2026-08-13 09:48:28,041 [INFO] [SCREENED] 'Untitled' -> DROPPED @ ontology_concepts (dropped_ontology_score: 0.00 < 0.65)
2026-08-13 09:48:28,073 [ERROR] Error processing article: name 'extract_target_ticker' is not defined
2026-08-13 09:48:28,086 [ERROR] Error processing article: name 'extract_target_ticker' is not defined
2026-08-13 09:48:28,098 [INFO] [SCREENED] 'Untitled' -> DROPPED @ ontology_concepts (dropped_ontology_score: 0.00 < 0.65)
2026-08-13 09:48:28,127 [INFO] [SCREENED] 'Untitled' -> DROPPED @ ontology_concepts (dropped_ontology_score: 0.00 < 0.65)
2026-08-13 09:48:28,152 [INFO] [SCREENED] 'Untitled' -> DROPPED @ ontology_concepts (dropped_ontology_score: 0.00 < 0.65)
2026-08-13 09:48:28,185 [ERROR] Error processing article: name 'extract_target_ticker' is not defined
2026-08-13 09:48:28,205 [ERROR] Error processing article: name 'extract_target_ticker' is not defined
2026-08-13 09:48:28,214 [INFO] [SCREENED] 'Untitled' -> DROPPED @ ontology_concepts (dropped_ontology_score: 0.00 < 0.65)
2026-08-13 09:48:28,250 [INFO] [SCREENED] 'Untitled' -> DROPPED @ ontology_concepts (dropped_ontology_score: 0.00 < 0.65)
2026-08-13 09:48:28,283 [INFO] [SCREENED] 'Untitled' -> DROPPED @ ontology_concepts (dropped_ontology_score: 0.00 < 0.65)
2026-08-13 09:48:28,309 [INFO] [SCREENED] 'Untitled' -> DROPPED @ ontology_concepts (dropped_ontology_score: 0.00 < 0.65)
2026-08-13 09:48:29,237 [CRITICAL] [AI CORE] Provider router exhausted all available keys.
2026-08-13 09:48:29,238 [INFO] [SCREENED] 'Untitled' -> DROPPED @ ai_confidence_gate (dropped_ai_confidence (scored 0.00 < 0.75))
2026-08-13 09:48:29,287 [INFO] [SCREENED] 'Untitled' -> DROPPED @ ontology_concepts (dropped_ontology_score: 0.00 < 0.65)
2026-08-13 09:48:29,305 [INFO] [SCREENED] 'Untitled' -> DROPPED @ exclude_global_keywords (dropped_global_keyword: Form 4)
2026-08-13 09:48:29,328 [INFO] [SCREENED] 'Untitled' -> DROPPED @ ontology_concepts (dropped_ontology_score: 0.00 < 0.65)
2026-08-13 09:48:29,349 [INFO] [SCREENED] 'Untitled' -> DROPPED @ ontology_concepts (dropped_ontology_score: 0.00 < 0.65)
2026-08-13 09:48:29,374 [INFO] [SCREENED] 'Untitled' -> DROPPED @ ontology_concepts (dropped_ontology_score: 0.00 < 0.65)
2026-08-13 09:48:29,400 [ERROR] Error processing article: name 'extract_target_ticker' is not defined
2026-08-13 09:48:29,412 [INFO] [SCREENED] 'Untitled' -> DROPPED @ ontology_concepts (dropped_ontology_score: 0.00 < 0.65)
2026-08-13 09:48:29,445 [INFO] [SCREENED] 'Untitled' -> DROPPED @ ontology_concepts (dropped_ontology_score: 0.00 < 0.65)
2026-08-13 09:48:29,471 [ERROR] Error processing article: name 'extract_target_ticker' is not defined
2026-08-13 09:48:29,487 [INFO] [SCREENED] 'Untitled' -> DROPPED @ ontology_concepts (dropped_ontology_score: 0.00 < 0.65)
2026-08-13 09:48:29,511 [INFO] [SCREENED] 'Untitled' -> DROPPED @ ontology_concepts (dropped_ontology_score: 0.00 < 0.65)
2026-08-13 09:48:29,534 [INFO] [SCREENED] 'Untitled' -> DROPPED @ ontology_concepts (dropped_ontology_score: 0.00 < 0.65)
2026-08-13 09:48:29,562 [INFO] [SCREENED] 'Untitled' -> DROPPED @ ontology_concepts (dropped_ontology_score: 0.00 < 0.65)
2026-08-13 09:48:29,588 [INFO] [SCREENED] 'Untitled' -> DROPPED @ ontology_concepts (dropped_ontology_score: 0.00 < 0.65)
2026-08-13 09:48:29,623 [INFO] [SCREENED] 'Untitled' -> DROPPED @ ontology_concepts (dropped_ontology_score: 0.00 < 0.65)
2026-08-13 09:48:29,651 [INFO] [SCREENED] 'Untitled' -> DROPPED @ ontology_concepts (dropped_ontology_score: 0.00 < 0.65)
2026-08-13 09:48:29,675 [INFO] [SCREENED] 'Untitled' -> DROPPED @ ontology_concepts (dropped_ontology_score: 0.00 < 0.65)
2026-08-13 09:48:29,701 [INFO] [SCREENED] 'Untitled' -> DROPPED @ ontology_concepts (dropped_ontology_score: 0.00 < 0.65)
2026-08-13 09:48:29,725 [INFO] [SCREENED] 'Untitled' -> DROPPED @ ontology_concepts (dropped_ontology_score: 0.00 < 0.65)
2026-08-13 09:48:29,748 [INFO] [SCREENED] 'Untitled' -> DROPPED @ ontology_concepts (dropped_ontology_score: 0.00 < 0.65)
2026-08-13 09:48:29,772 [INFO] [SCREENED] 'Untitled' -> DROPPED @ ontology_concepts (dropped_ontology_score: 0.00 < 0.65)
2026-08-13 09:48:30,587 [CRITICAL] [AI CORE] Provider router exhausted all available keys.
2026-08-13 09:48:30,588 [INFO] [SCREENED] 'Untitled' -> DROPPED @ ai_confidence_gate (dropped_ai_confidence (scored 0.00 < 0.75))
2026-08-13 09:48:30,634 [INFO] [SCREENED] 'Untitled' -> DROPPED @ ontology_concepts (dropped_ontology_score: 0.00 < 0.65)
2026-08-13 09:48:30,665 [INFO] [SCREENED] 'Untitled' -> DROPPED @ ontology_concepts (dropped_ontology_score: 0.00 < 0.65)
2026-08-13 09:48:30,694 [ERROR] Error processing article: name 'extract_target_ticker' is not defined
2026-08-13 09:48:30,709 [ERROR] Error processing article: name 'extract_target_ticker' is not defined
2026-08-13 09:48:30,720 [INFO] [SCREENED] 'Untitled' -> DROPPED @ ontology_concepts (dropped_ontology_score: 0.00 < 0.65)
2026-08-13 09:48:30,745 [INFO] [SCREENED] 'Untitled' -> DROPPED @ ontology_concepts (dropped_ontology_score: 0.00 < 0.65)
2026-08-13 09:48:30,786 [INFO] [SCREENED] 'Untitled' -> DROPPED @ ontology_concepts (dropped_ontology_score: 0.00 < 0.65)
2026-08-13 09:48:30,819 [INFO] [SCREENED] 'Untitled' -> DROPPED @ ontology_concepts (dropped_ontology_score: 0.00 < 0.65)
2026-08-13 09:48:30,857 [INFO] [SCREENED] 'Untitled' -> DROPPED @ ontology_concepts (dropped_ontology_score: 0.00 < 0.65)
2026-08-13 09:48:30,886 [INFO] [SCREENED] 'Untitled' -> DROPPED @ ontology_concepts (dropped_ontology_score: 0.00 < 0.65)
2026-08-13 09:48:30,908 [INFO] [SCREENED] 'Untitled' -> DROPPED @ ontology_concepts (dropped_ontology_score: 0.00 < 0.65)
2026-08-13 09:48:30,932 [INFO] [SCREENED] 'Untitled' -> DROPPED @ ontology_concepts (dropped_ontology_score: 0.00 < 0.65)
2026-08-13 09:48:30,956 [INFO] [SCREENED] 'Untitled' -> DROPPED @ ontology_concepts (dropped_ontology_score: 0.00 < 0.65)
2026-08-13 09:48:31,965 [CRITICAL] [AI CORE] Provider router exhausted all available keys.
2026-08-13 09:48:31,965 [INFO] [SCREENED] 'Untitled' -> DROPPED @ ai_confidence_gate (dropped_ai_confidence (scored 0.00 < 0.75))
2026-08-13 09:48:32,025 [ERROR] Error processing article: name 'extract_target_ticker' is not defined
2026-08-13 09:48:32,040 [ERROR] Error processing article: name 'extract_target_ticker' is not defined
2026-08-13 09:48:32,054 [INFO] [SCREENED] 'Untitled' -> DROPPED @ ontology_concepts (dropped_ontology_score: 0.00 < 0.65)
2026-08-13 09:48:32,080 [INFO] [SCREENED] 'Untitled' -> DROPPED @ ontology_concepts (dropped_ontology_score: 0.00 < 0.65)
2026-08-13 09:48:32,104 [INFO] [SCREENED] 'Untitled' -> DROPPED @ ontology_concepts (dropped_ontology_score: 0.00 < 0.65)
2026-08-13 09:48:32,126 [INFO] [SCREENED] 'Untitled' -> DROPPED @ ontology_concepts (dropped_ontology_score: 0.00 < 0.65)
2026-08-13 09:48:32,154 [ERROR] Error processing article: name 'extract_target_ticker' is not defined
2026-08-13 09:48:32,166 [INFO] [SCREENED] 'Untitled' -> DROPPED @ ontology_concepts (dropped_ontology_score: 0.00 < 0.65)
2026-08-13 09:48:32,188 [INFO] [SCREENED] 'Untitled' -> DROPPED @ ontology_concepts (dropped_ontology_score: 0.00 < 0.65)
2026-08-13 09:48:32,217 [INFO] [SCREENED] 'Untitled' -> DROPPED @ ontology_concepts (dropped_ontology_score: 0.00 < 0.65)
2026-08-13 09:48:32,240 [INFO] [SCREENED] 'Untitled' -> DROPPED @ ontology_concepts (dropped_ontology_score: 0.00 < 0.65)
2026-08-13 09:48:32,266 [INFO] [SCREENED] 'Untitled' -> DROPPED @ ontology_concepts (dropped_ontology_score: 0.00 < 0.65)
2026-08-13 09:48:32,288 [INFO] [SCREENED] 'Untitled' -> DROPPED @ ontology_concepts (dropped_ontology_score: 0.00 < 0.65)
2026-08-13 09:48:32,313 [ERROR] Error processing article: name 'extract_target_ticker' is not defined
2026-08-13 09:48:32,368 [ERROR] Error processing article: name 'extract_target_ticker' is not defined
2026-08-13 09:48:32,378 [INFO] [SCREENED] 'Untitled' -> DROPPED @ ontology_concepts (dropped_ontology_score: 0.00 < 0.65)
2026-08-13 09:48:34,068 [CRITICAL] [AI CORE] Provider router exhausted all available keys.
2026-08-13 09:48:34,068 [INFO] [SCREENED] 'Untitled' -> DROPPED @ ai_confidence_gate (dropped_ai_confidence (scored 0.00 < 0.75))
2026-08-13 09:48:34,116 [INFO] [SCREENED] 'Untitled' -> DROPPED @ ontology_concepts (dropped_ontology_score: 0.00 < 0.65)
2026-08-13 09:48:34,141 [ERROR] Error processing article: name 'extract_target_ticker' is not defined
2026-08-13 09:48:34,154 [INFO] [SCREENED] 'Untitled' -> DROPPED @ ontology_concepts (dropped_ontology_score: 0.00 < 0.65)
2026-08-13 09:48:35,088 [CRITICAL] [AI CORE] Provider router exhausted all available keys.
2026-08-13 09:48:35,088 [INFO] [SCREENED] 'Untitled' -> DROPPED @ ai_confidence_gate (dropped_ai_confidence (scored 0.00 < 0.75))
2026-08-13 09:48:35,129 [INFO] [SCREENED] 'Untitled' -> DROPPED @ ontology_concepts (dropped_ontology_score: 0.00 < 0.65)
2026-08-13 09:48:35,153 [INFO] [SCREENED] 'Untitled' -> DROPPED @ ontology_concepts (dropped_ontology_score: 0.00 < 0.65)
2026-08-13 09:48:35,177 [ERROR] Error processing article: name 'extract_target_ticker' is not defined
2026-08-13 09:48:35,197 [INFO] [SCREENED] 'Untitled' -> DROPPED @ ontology_concepts (dropped_ontology_score: 0.00 < 0.65)
2026-08-13 09:48:35,219 [INFO] [SCREENED] 'Untitled' -> DROPPED @ ontology_concepts (dropped_ontology_score: 0.00 < 0.65)
2026-08-13 09:48:35,244 [INFO] [SCREENED] 'Untitled' -> DROPPED @ ontology_concepts (dropped_ontology_score: 0.00 < 0.65)
2026-08-13 09:48:35,268 [INFO] [SCREENED] 'Untitled' -> DROPPED @ ontology_concepts (dropped_ontology_score: 0.00 < 0.65)
2026-08-13 09:48:35,296 [ERROR] Error processing article: name 'extract_target_ticker' is not defined
2026-08-13 09:48:35,309 [INFO] [SCREENED] 'Untitled' -> DROPPED @ ontology_concepts (dropped_ontology_score: 0.00 < 0.65)
2026-08-13 09:48:36,303 [CRITICAL] [AI CORE] Provider router exhausted all available keys.
2026-08-13 09:48:36,304 [INFO] [SCREENED] 'Untitled' -> DROPPED @ ai_confidence_gate (dropped_ai_confidence (scored 0.00 < 0.75))
2026-08-13 09:48:36,355 [INFO] [SCREENED] 'Untitled' -> DROPPED @ ontology_concepts (dropped_ontology_score: 0.00 < 0.65)
2026-08-13 09:48:36,403 [INFO] [SCREENED] 'Untitled' -> DROPPED @ ontology_concepts (dropped_ontology_score: 0.00 < 0.65)
2026-08-13 09:48:36,430 [INFO] [SCREENED] 'Untitled' -> DROPPED @ ontology_concepts (dropped_ontology_score: 0.00 < 0.65)
2026-08-13 09:48:36,458 [INFO] [SCREENED] 'Untitled' -> DROPPED @ ontology_concepts (dropped_ontology_score: 0.00 < 0.65)
2026-08-13 09:48:36,484 [INFO] [SCREENED] 'Untitled' -> DROPPED @ ontology_concepts (dropped_ontology_score: 0.00 < 0.65)
2026-08-13 09:48:36,515 [INFO] [SCREENED] 'Untitled' -> DROPPED @ ontology_concepts (dropped_ontology_score: 0.00 < 0.65)
2026-08-13 09:48:36,539 [INFO] [SCREENED] 'Untitled' -> DROPPED @ ontology_concepts (dropped_ontology_score: 0.00 < 0.65)
2026-08-13 09:48:37,968 [CRITICAL] [AI CORE] Provider router exhausted all available keys.
2026-08-13 09:48:37,968 [INFO] [SCREENED] 'Untitled' -> DROPPED @ ai_confidence_gate (dropped_ai_confidence (scored 0.00 < 0.75))
2026-08-13 09:48:38,019 [INFO] [SCREENED] 'Untitled' -> DROPPED @ ontology_concepts (dropped_ontology_score: 0.00 < 0.65)
2026-08-13 09:48:38,048 [INFO] [SCREENED] 'Untitled' -> DROPPED @ ontology_concepts (dropped_ontology_score: 0.00 < 0.65)
2026-08-13 09:48:38,081 [ERROR] Error processing article: name 'extract_target_ticker' is not defined
2026-08-13 09:48:38,107 [INFO] [SCREENED] 'Untitled' -> DROPPED @ ontology_concepts (dropped_ontology_score: 0.00 < 0.65)
2026-08-13 09:48:38,131 [INFO] [SCREENED] 'Untitled' -> DROPPED @ ontology_concepts (dropped_ontology_score: 0.00 < 0.65)
2026-08-13 09:48:39,069 [CRITICAL] [AI CORE] Provider router exhausted all available keys.
2026-08-13 09:48:39,070 [INFO] [SCREENED] 'Untitled' -> DROPPED @ ai_confidence_gate (dropped_ai_confidence (scored 0.00 < 0.75))
2026-08-13 09:48:39,114 [INFO] [SCREENED] 'Untitled' -> DROPPED @ ontology_concepts (dropped_ontology_score: 0.00 < 0.65)
2026-08-13 09:48:39,159 [ERROR] Error processing article: name 'extract_target_ticker' is not defined
2026-08-13 09:48:39,171 [INFO] [SCREENED] 'Untitled' -> DROPPED @ ontology_concepts (dropped_ontology_score: 0.00 < 0.65)
2026-08-13 09:48:40,178 [CRITICAL] [AI CORE] Provider router exhausted all available keys.
2026-08-13 09:48:40,179 [INFO] [SCREENED] 'Untitled' -> DROPPED @ ai_confidence_gate (dropped_ai_confidence (scored 0.00 < 0.75))
2026-08-13 09:48:40,220 [INFO] [SCREENED] 'Untitled' -> DROPPED @ ontology_concepts (dropped_ontology_score: 0.00 < 0.65)
2026-08-13 09:48:40,241 [INFO] [SCREENED] 'Untitled' -> DROPPED @ ontology_concepts (dropped_ontology_score: 0.00 < 0.65)
2026-08-13 09:48:40,263 [INFO] [SCREENED] 'Untitled' -> DROPPED @ ontology_concepts (dropped_ontology_score: 0.00 < 0.65)
2026-08-13 09:48:40,294 [INFO] [SCREENED] 'Untitled' -> DROPPED @ ontology_concepts (dropped_ontology_score: 0.00 < 0.65)
2026-08-13 09:48:40,324 [INFO] [SCREENED] 'Untitled' -> DROPPED @ ontology_concepts (dropped_ontology_score: 0.00 < 0.65)
2026-08-13 09:48:41,595 [CRITICAL] [AI CORE] Provider router exhausted all available keys.
2026-08-13 09:48:41,596 [INFO] [SCREENED] 'Untitled' -> DROPPED @ ai_confidence_gate (dropped_ai_confidence (scored 0.00 < 0.75))
2026-08-13 09:48:41,645 [ERROR] Error processing article: name 'extract_target_ticker' is not defined
2026-08-13 09:48:41,655 [INFO] [SCREENED] 'Untitled' -> DROPPED @ ontology_concepts (dropped_ontology_score: 0.00 < 0.65)
2026-08-13 09:48:42,567 [CRITICAL] [AI CORE] Provider router exhausted all available keys.
2026-08-13 09:48:42,567 [INFO] [SCREENED] 'Untitled' -> DROPPED @ ai_confidence_gate (dropped_ai_confidence (scored 0.00 < 0.75))
2026-08-13 09:48:43,615 [CRITICAL] [AI CORE] Provider router exhausted all available keys.
2026-08-13 09:48:43,616 [INFO] [SCREENED] 'Untitled' -> DROPPED @ ai_confidence_gate (dropped_ai_confidence (scored 0.00 < 0.75))
2026-08-13 09:48:44,483 [CRITICAL] [AI CORE] Provider router exhausted all available keys.
2026-08-13 09:48:44,483 [INFO] [SCREENED] 'Untitled' -> DROPPED @ ai_confidence_gate (dropped_ai_confidence (scored 0.00 < 0.75))
2026-08-13 09:48:45,468 [CRITICAL] [AI CORE] Provider router exhausted all available keys.
2026-08-13 09:48:45,469 [INFO] [SCREENED] 'Untitled' -> DROPPED @ ai_confidence_gate (dropped_ai_confidence (scored 0.00 < 0.75))
2026-08-13 09:48:45,521 [ERROR] Error processing article: name 'extract_target_ticker' is not defined
2026-08-13 09:48:45,532 [INFO] [SCREENED] 'Untitled' -> DROPPED @ ontology_concepts (dropped_ontology_score: 0.00 < 0.65)
2026-08-13 09:48:45,558 [INFO] [SCREENED] 'Untitled' -> DROPPED @ ontology_concepts (dropped_ontology_score: 0.00 < 0.65)
2026-08-13 09:48:45,589 [INFO] [SCREENED] 'Untitled' -> DROPPED @ ontology_concepts (dropped_ontology_score: 0.00 < 0.65)
2026-08-13 09:48:45,615 [INFO] [SCREENED] 'Untitled' -> DROPPED @ ontology_concepts (dropped_ontology_score: 0.00 < 0.65)
2026-08-13 09:48:45,644 [INFO] [SCREENED] 'Untitled' -> DROPPED @ ontology_concepts (dropped_ontology_score: 0.00 < 0.65)
2026-08-13 09:48:45,672 [INFO] [SCREENED] 'Untitled' -> DROPPED @ ontology_concepts (dropped_ontology_score: 0.00 < 0.65)
2026-08-13 09:48:45,699 [INFO] [SCREENED] 'Untitled' -> DROPPED @ ontology_concepts (dropped_ontology_score: 0.00 < 0.65)
2026-08-13 09:48:45,726 [INFO] [SCREENED] 'Untitled' -> DROPPED @ ontology_concepts (dropped_ontology_score: 0.00 < 0.65)
2026-08-13 09:48:46,611 [CRITICAL] [AI CORE] Provider router exhausted all available keys.
2026-08-13 09:48:46,612 [INFO] [SCREENED] 'Untitled' -> DROPPED @ ai_confidence_gate (dropped_ai_confidence (scored 0.00 < 0.75))
2026-08-13 09:48:46,661 [INFO] [SCREENED] 'Untitled' -> DROPPED @ ontology_concepts (dropped_ontology_score: 0.00 < 0.65)
2026-08-13 09:48:46,690 [ERROR] Error processing article: name 'extract_target_ticker' is not defined
2026-08-13 09:48:46,702 [INFO] [SCREENED] 'Untitled' -> DROPPED @ ontology_concepts (dropped_ontology_score: 0.00 < 0.65)
2026-08-13 09:48:47,952 [CRITICAL] [AI CORE] Provider router exhausted all available keys.
2026-08-13 09:48:47,952 [INFO] [SCREENED] 'Untitled' -> DROPPED @ ai_confidence_gate (dropped_ai_confidence (scored 0.00 < 0.75))
2026-08-13 09:48:47,994 [INFO] [SCREENED] 'Untitled' -> DROPPED @ ontology_concepts (dropped_ontology_score: 0.00 < 0.65)
2026-08-13 09:48:48,020 [INFO] [SCREENED] 'Untitled' -> DROPPED @ ontology_concepts (dropped_ontology_score: 0.00 < 0.65)
2026-08-13 09:48:48,077 [INFO] [SCREENED] 'Untitled' -> DROPPED @ ontology_concepts (dropped_ontology_score: 0.00 < 0.65)
2026-08-13 09:48:49,007 [CRITICAL] [AI CORE] Provider router exhausted all available keys.
2026-08-13 09:48:49,008 [INFO] [SCREENED] 'Untitled' -> DROPPED @ ai_confidence_gate (dropped_ai_confidence (scored 0.00 < 0.75))
2026-08-13 09:48:49,039 [ERROR] Error processing article: name 'extract_target_ticker' is not defined
2026-08-13 09:48:50,003 [CRITICAL] [AI CORE] Provider router exhausted all available keys.
2026-08-13 09:48:50,003 [INFO] [SCREENED] 'Untitled' -> DROPPED @ ai_confidence_gate (dropped_ai_confidence (scored 0.00 < 0.75))
2026-08-13 09:49:03,291 [CRITICAL] [AI CORE] Provider router exhausted all available keys.
2026-08-13 09:49:03,291 [INFO] [SCREENED] 'Untitled' -> DROPPED @ ai_confidence_gate (dropped_ai_confidence (scored 0.00 < 0.75))
2026-08-13 09:49:03,324 [INFO] [SCREENED] 'Untitled' -> DROPPED @ ontology_concepts (dropped_ontology_score: 0.00 < 0.65)
2026-08-13 09:49:03,349 [INFO] [SCREENED] 'Untitled' -> DROPPED @ ontology_concepts (dropped_ontology_score: 0.00 < 0.65)
2026-08-13 09:49:03,376 [ERROR] Error processing article: name 'extract_target_ticker' is not defined
2026-08-13 09:49:03,387 [INFO] [SCREENED] 'Untitled' -> DROPPED @ ontology_concepts (dropped_ontology_score: 0.00 < 0.65)
2026-08-13 09:49:03,412 [ERROR] Error processing article: name 'extract_target_ticker' is not defined
2026-08-13 09:49:03,421 [INFO] [SCREENED] 'Untitled' -> DROPPED @ ontology_concepts (dropped_ontology_score: 0.00 < 0.65)
2026-08-13 09:49:03,440 [INFO] [SCREENED] 'Untitled' -> DROPPED @ ontology_concepts (dropped_ontology_score: 0.00 < 0.65)
2026-08-13 09:49:03,461 [INFO] [SCREENED] 'Untitled' -> DROPPED @ ontology_concepts (dropped_ontology_score: 0.00 < 0.65)
2026-08-13 09:49:03,487 [INFO] [SCREENED] 'Untitled' -> DROPPED @ ontology_concepts (dropped_ontology_score: 0.00 < 0.65)
2026-08-13 09:49:03,513 [INFO] [SCREENED] 'Untitled' -> DROPPED @ ontology_concepts (dropped_ontology_score: 0.00 < 0.65)
2026-08-13 09:49:03,539 [INFO] [SCREENED] 'Untitled' -> DROPPED @ ontology_concepts (dropped_ontology_score: 0.00 < 0.65)
2026-08-13 09:49:03,592 [INFO] [SCREENED] 'Untitled' -> DROPPED @ ontology_concepts (dropped_ontology_score: 0.00 < 0.65)
2026-08-13 09:49:03,622 [INFO] [SCREENED] 'Untitled' -> DROPPED @ ontology_concepts (dropped_ontology_score: 0.00 < 0.65)
2026-08-13 09:49:03,644 [INFO] [SCREENED] 'Untitled' -> DROPPED @ ontology_concepts (dropped_ontology_score: 0.00 < 0.65)
2026-08-13 09:49:03,670 [INFO] [SCREENED] 'Untitled' -> DROPPED @ ontology_concepts (dropped_ontology_score: 0.00 < 0.65)
2026-08-13 09:49:03,698 [ERROR] Error processing article: name 'extract_target_ticker' is not defined
2026-08-13 09:49:03,710 [INFO] [SCREENED] 'Untitled' -> DROPPED @ ontology_concepts (dropped_ontology_score: 0.00 < 0.65)
2026-08-13 09:49:03,739 [INFO] [SCREENED] 'Untitled' -> DROPPED @ ontology_concepts (dropped_ontology_score: 0.00 < 0.65)
2026-08-13 09:49:03,770 [INFO] [SCREENED] 'Untitled' -> DROPPED @ ontology_concepts (dropped_ontology_score: 0.00 < 0.65)
2026-08-13 09:49:03,794 [INFO] [SCREENED] 'Untitled' -> DROPPED @ ontology_concepts (dropped_ontology_score: 0.00 < 0.65)
2026-08-13 09:49:03,819 [INFO] [SCREENED] 'Untitled' -> DROPPED @ ontology_concepts (dropped_ontology_score: 0.00 < 0.65)
2026-08-13 09:49:03,858 [INFO] [SCREENED] 'Untitled' -> DROPPED @ ontology_concepts (dropped_ontology_score: 0.00 < 0.65)
2026-08-13 09:49:03,883 [INFO] [SCREENED] 'Untitled' -> DROPPED @ ontology_concepts (dropped_ontology_score: 0.00 < 0.65)
2026-08-13 09:49:03,912 [INFO] [SCREENED] 'Untitled' -> DROPPED @ ontology_concepts (dropped_ontology_score: 0.00 < 0.65)
2026-08-13 09:49:03,940 [INFO] [SCREENED] 'Untitled' -> DROPPED @ ontology_concepts (dropped_ontology_score: 0.00 < 0.65)
2026-08-13 09:49:03,964 [INFO] [SCREENED] 'Untitled' -> DROPPED @ ontology_concepts (dropped_ontology_score: 0.00 < 0.65)
2026-08-13 09:49:03,987 [ERROR] Error processing article: name 'extract_target_ticker' is not defined
2026-08-13 09:49:17,036 [CRITICAL] [AI CORE] Provider router exhausted all available keys.
2026-08-13 09:49:17,037 [INFO] [SCREENED] 'Untitled' -> DROPPED @ ai_confidence_gate (dropped_ai_confidence (scored 0.00 < 0.75))
2026-08-13 09:49:17,090 [INFO] [SCREENED] 'Untitled' -> DROPPED @ ontology_concepts (dropped_ontology_score: 0.00 < 0.65)
2026-08-13 09:49:17,118 [INFO] [SCREENED] 'Untitled' -> DROPPED @ ontology_concepts (dropped_ontology_score: 0.00 < 0.65)
2026-08-13 09:49:17,148 [INFO] [SCREENED] 'Untitled' -> DROPPED @ ontology_concepts (dropped_ontology_score: 0.00 < 0.65)
2026-08-13 09:49:17,173 [ERROR] Error processing article: name 'extract_target_ticker' is not defined
2026-08-13 09:49:17,184 [INFO] [SCREENED] 'Untitled' -> DROPPED @ ontology_concepts (dropped_ontology_score: 0.00 < 0.65)
2026-08-13 09:49:17,208 [INFO] [SCREENED] 'Untitled' -> DROPPED @ ontology_concepts (dropped_ontology_score: 0.00 < 0.65)
2026-08-13 09:49:17,232 [ERROR] Error processing article: name 'extract_target_ticker' is not defined
2026-08-13 09:49:17,245 [ERROR] Error processing article: name 'extract_target_ticker' is not defined
2026-08-13 09:49:17,256 [INFO] [SCREENED] 'Untitled' -> DROPPED @ ontology_concepts (dropped_ontology_score: 0.00 < 0.65)
2026-08-13 09:49:17,283 [INFO] [SCREENED] 'Untitled' -> DROPPED @ ontology_concepts (dropped_ontology_score: 0.00 < 0.65)
2026-08-13 09:49:17,305 [INFO] [SCREENED] 'Untitled' -> DROPPED @ ontology_concepts (dropped_ontology_score: 0.00 < 0.65)
2026-08-13 09:49:17,358 [ERROR] Error processing article: name 'extract_target_ticker' is not defined
2026-08-13 09:49:17,370 [INFO] [SCREENED] 'Untitled' -> DROPPED @ ontology_concepts (dropped_ontology_score: 0.00 < 0.65)
2026-08-13 09:49:17,392 [INFO] [SCREENED] 'Untitled' -> DROPPED @ ontology_concepts (dropped_ontology_score: 0.00 < 0.65)
2026-08-13 09:49:27,474 [CRITICAL] [AI CORE] Provider router exhausted all available keys.
2026-08-13 09:49:27,474 [INFO] [SCREENED] 'Untitled' -> DROPPED @ ai_confidence_gate (dropped_ai_confidence (scored 0.00 < 0.75))
2026-08-13 09:49:27,533 [INFO] [SCREENED] 'Untitled' -> DROPPED @ ontology_concepts (dropped_ontology_score: 0.00 < 0.65)
2026-08-13 09:49:27,564 [INFO] [SCREENED] 'Untitled' -> DROPPED @ ontology_concepts (dropped_ontology_score: 0.00 < 0.65)
2026-08-13 09:49:27,591 [ERROR] Error processing article: name 'extract_target_ticker' is not defined
2026-08-13 09:49:27,603 [INFO] [SCREENED] 'Untitled' -> DROPPED @ ontology_concepts (dropped_ontology_score: 0.00 < 0.65)
2026-08-13 09:49:27,626 [INFO] [SCREENED] 'Untitled' -> DROPPED @ ontology_concepts (dropped_ontology_score: 0.00 < 0.65)
2026-08-13 09:49:27,649 [INFO] [SCREENED] 'Untitled' -> DROPPED @ ontology_concepts (dropped_ontology_score: 0.00 < 0.65)
2026-08-13 09:49:27,674 [INFO] [SCREENED] 'Untitled' -> DROPPED @ ontology_concepts (dropped_ontology_score: 0.00 < 0.65)
2026-08-13 09:49:27,700 [INFO] [SCREENED] 'Untitled' -> DROPPED @ ontology_concepts (dropped_ontology_score: 0.00 < 0.65)
2026-08-13 09:49:27,726 [INFO] [SCREENED] 'Untitled' -> DROPPED @ ontology_concepts (dropped_ontology_score: 0.00 < 0.65)
2026-08-13 09:49:27,756 [INFO] [SCREENED] 'Untitled' -> DROPPED @ ontology_concepts (dropped_ontology_score: 0.00 < 0.65)
2026-08-13 09:49:27,783 [INFO] [SCREENED] 'Untitled' -> DROPPED @ ontology_concepts (dropped_ontology_score: 0.00 < 0.65)
2026-08-13 09:49:27,807 [INFO] [SCREENED] 'Untitled' -> DROPPED @ ontology_concepts (dropped_ontology_score: 0.00 < 0.65)
2026-08-13 09:49:27,835 [ERROR] Error processing article: name 'extract_target_ticker' is not defined
2026-08-13 09:49:27,846 [INFO] [SCREENED] 'Untitled' -> DROPPED @ ontology_concepts (dropped_ontology_score: 0.00 < 0.65)
2026-08-13 09:49:27,876 [ERROR] Error processing article: name 'extract_target_ticker' is not defined
2026-08-13 09:49:27,888 [INFO] [SCREENED] 'Untitled' -> DROPPED @ ontology_concepts (dropped_ontology_score: 0.00 < 0.65)
2026-08-13 09:49:27,924 [ERROR] Error processing article: name 'extract_target_ticker' is not defined
2026-08-13 09:49:27,935 [INFO] [SCREENED] 'Untitled' -> DROPPED @ ontology_concepts (dropped_ontology_score: 0.00 < 0.65)
2026-08-13 09:49:27,963 [ERROR] Error processing article: name 'extract_target_ticker' is not defined
2026-08-13 09:49:27,972 [INFO] [SCREENED] 'Untitled' -> DROPPED @ ontology_concepts (dropped_ontology_score: 0.00 < 0.65)
2026-08-13 09:49:28,006 [INFO] [SCREENED] 'Untitled' -> DROPPED @ ontology_concepts (dropped_ontology_score: 0.00 < 0.65)
2026-08-13 09:49:28,034 [INFO] [SCREENED] 'Untitled' -> DROPPED @ ontology_concepts (dropped_ontology_score: 0.00 < 0.65)
2026-08-13 09:49:28,060 [INFO] [SCREENED] 'Untitled' -> DROPPED @ ontology_concepts (dropped_ontology_score: 0.00 < 0.65)
2026-08-13 09:49:28,088 [INFO] [SCREENED] 'Untitled' -> DROPPED @ ontology_concepts (dropped_ontology_score: 0.00 < 0.65)
2026-08-13 09:49:31,553 [CRITICAL] [AI CORE] Provider router exhausted all available keys.
2026-08-13 09:49:31,554 [INFO] [SCREENED] 'Untitled' -> DROPPED @ ai_confidence_gate (dropped_ai_confidence (scored 0.00 < 0.75))
2026-08-13 09:49:31,612 [INFO] [SCREENED] 'Untitled' -> DROPPED @ ontology_concepts (dropped_ontology_score: 0.00 < 0.65)
2026-08-13 09:49:31,636 [INFO] [SCREENED] 'Untitled' -> DROPPED @ ontology_concepts (dropped_ontology_score: 0.00 < 0.65)
2026-08-13 09:49:31,665 [INFO] [SCREENED] 'Untitled' -> DROPPED @ ontology_concepts (dropped_ontology_score: 0.00 < 0.65)
2026-08-13 09:49:31,698 [INFO] [SCREENED] 'Untitled' -> DROPPED @ ontology_concepts (dropped_ontology_score: 0.00 < 0.65)
2026-08-13 09:49:31,724 [INFO] [SCREENED] 'Untitled' -> DROPPED @ ontology_concepts (dropped_ontology_score: 0.00 < 0.65)
2026-08-13 09:49:31,756 [INFO] [SCREENED] 'Untitled' -> DROPPED @ ontology_concepts (dropped_ontology_score: 0.00 < 0.65)
2026-08-13 09:49:32,725 [CRITICAL] [AI CORE] Provider router exhausted all available keys.
2026-08-13 09:49:32,725 [INFO] [SCREENED] 'Untitled' -> DROPPED @ ai_confidence_gate (dropped_ai_confidence (scored 0.00 < 0.75))
2026-08-13 09:49:32,764 [INFO] [SCREENED] 'Untitled' -> DROPPED @ ontology_concepts (dropped_ontology_score: 0.00 < 0.65)
2026-08-13 09:49:32,784 [INFO] [SCREENED] 'Untitled' -> DROPPED @ ontology_concepts (dropped_ontology_score: 0.00 < 0.65)
2026-08-13 09:49:32,808 [INFO] [SCREENED] 'Untitled' -> DROPPED @ ontology_concepts (dropped_ontology_score: 0.00 < 0.65)
2026-08-13 09:49:32,831 [INFO] [SCREENED] 'Untitled' -> DROPPED @ ontology_concepts (dropped_ontology_score: 0.00 < 0.65)
2026-08-13 09:49:32,854 [INFO] [SCREENED] 'Untitled' -> DROPPED @ ontology_concepts (dropped_ontology_score: 0.00 < 0.65)
2026-08-13 09:49:32,881 [INFO] [SCREENED] 'Untitled' -> DROPPED @ ontology_concepts (dropped_ontology_score: 0.00 < 0.65)
2026-08-13 09:49:32,911 [INFO] [SCREENED] 'Untitled' -> DROPPED @ ontology_concepts (dropped_ontology_score: 0.00 < 0.65)
2026-08-13 09:49:32,943 [INFO] [SCREENED] 'Untitled' -> DROPPED @ ontology_concepts (dropped_ontology_score: 0.00 < 0.65)
2026-08-13 09:49:32,969 [INFO] [SCREENED] 'Untitled' -> DROPPED @ ontology_concepts (dropped_ontology_score: 0.00 < 0.65)
2026-08-13 09:49:32,995 [INFO] [SCREENED] 'Untitled' -> DROPPED @ ontology_concepts (dropped_ontology_score: 0.00 < 0.65)
2026-08-13 09:49:33,017 [INFO] [SCREENED] 'Untitled' -> DROPPED @ ontology_concepts (dropped_ontology_score: 0.00 < 0.65)
2026-08-13 09:49:33,075 [INFO] [SCREENED] 'Untitled' -> DROPPED @ ontology_concepts (dropped_ontology_score: 0.00 < 0.65)
2026-08-13 09:49:33,102 [INFO] [SCREENED] 'Untitled' -> DROPPED @ ontology_concepts (dropped_ontology_score: 0.00 < 0.65)
2026-08-13 09:49:33,124 [INFO] [SCREENED] 'Untitled' -> DROPPED @ ontology_concepts (dropped_ontology_score: 0.00 < 0.65)
2026-08-13 09:49:33,145 [INFO] [SCREENED] 'Untitled' -> DROPPED @ ontology_concepts (dropped_ontology_score: 0.00 < 0.65)
2026-08-13 09:49:33,171 [ERROR] Error processing article: name 'extract_target_ticker' is not defined
2026-08-13 09:49:33,184 [INFO] [SCREENED] 'Untitled' -> DROPPED @ ontology_concepts (dropped_ontology_score: 0.00 < 0.65)
2026-08-13 09:49:33,212 [INFO] [SCREENED] 'Untitled' -> DROPPED @ ontology_concepts (dropped_ontology_score: 0.00 < 0.65)
2026-08-13 09:49:34,242 [CRITICAL] [AI CORE] Provider router exhausted all available keys.
2026-08-13 09:49:34,242 [INFO] [SCREENED] 'Untitled' -> DROPPED @ ai_confidence_gate (dropped_ai_confidence (scored 0.00 < 0.75))
2026-08-13 09:49:35,180 [CRITICAL] [AI CORE] Provider router exhausted all available keys.
2026-08-13 09:49:35,180 [INFO] [SCREENED] 'Untitled' -> DROPPED @ ai_confidence_gate (dropped_ai_confidence (scored 0.00 < 0.75))
2026-08-13 09:49:35,945 [CRITICAL] [AI CORE] Provider router exhausted all available keys.
2026-08-13 09:49:35,945 [INFO] [SCREENED] 'Untitled' -> DROPPED @ ai_confidence_gate (dropped_ai_confidence (scored 0.00 < 0.75))
2026-08-13 09:49:36,930 [CRITICAL] [AI CORE] Provider router exhausted all available keys.
2026-08-13 09:49:36,930 [INFO] [SCREENED] 'Untitled' -> DROPPED @ ai_confidence_gate (dropped_ai_confidence (scored 0.00 < 0.75))
2026-08-13 09:49:36,963 [INFO] [SCREENED] 'Untitled' -> DROPPED @ ontology_concepts (dropped_ontology_score: 0.00 < 0.65)
2026-08-13 09:49:36,989 [ERROR] Error processing article: name 'extract_target_ticker' is not defined
2026-08-13 09:49:37,000 [INFO] [SCREENED] 'Untitled' -> DROPPED @ ontology_concepts (dropped_ontology_score: 0.00 < 0.65)
2026-08-13 09:49:37,022 [INFO] [SCREENED] 'Untitled' -> DROPPED @ ontology_concepts (dropped_ontology_score: 0.00 < 0.65)
2026-08-13 09:49:37,062 [INFO] [SCREENED] 'Untitled' -> DROPPED @ ontology_concepts (dropped_ontology_score: 0.00 < 0.65)
2026-08-13 09:49:37,091 [INFO] [SCREENED] 'Untitled' -> DROPPED @ ontology_concepts (dropped_ontology_score: 0.00 < 0.65)
2026-08-13 09:49:37,115 [ERROR] Error processing article: name 'extract_target_ticker' is not defined
2026-08-13 09:49:37,125 [INFO] [SCREENED] 'Untitled' -> DROPPED @ ontology_concepts (dropped_ontology_score: 0.00 < 0.65)
2026-08-13 09:49:37,149 [INFO] [SCREENED] 'Untitled' -> DROPPED @ ontology_concepts (dropped_ontology_score: 0.00 < 0.65)
2026-08-13 09:49:37,170 [INFO] [SCREENED] 'Untitled' -> DROPPED @ ontology_concepts (dropped_ontology_score: 0.00 < 0.65)
2026-08-13 09:49:37,198 [ERROR] Error processing article: name 'extract_target_ticker' is not defined
2026-08-13 09:49:37,210 [INFO] [SCREENED] 'Untitled' -> DROPPED @ ontology_concepts (dropped_ontology_score: 0.00 < 0.65)
2026-08-13 09:49:37,285 [ERROR] Error processing article: name 'extract_target_ticker' is not defined
2026-08-13 09:49:37,294 [INFO] [SCREENED] 'Untitled' -> DROPPED @ ontology_concepts (dropped_ontology_score: 0.00 < 0.65)
2026-08-13 09:49:37,322 [INFO] [SCREENED] 'Untitled' -> DROPPED @ ontology_concepts (dropped_ontology_score: 0.00 < 0.65)
2026-08-13 09:49:37,384 [ERROR] Error processing article: name 'extract_target_ticker' is not defined
2026-08-13 09:49:37,400 [ERROR] Error processing article: name 'extract_target_ticker' is not defined
2026-08-13 09:49:37,413 [INFO] [SCREENED] 'Untitled' -> DROPPED @ ontology_concepts (dropped_ontology_score: 0.00 < 0.65)
2026-08-13 09:49:37,440 [INFO] [SCREENED] 'Untitled' -> DROPPED @ ontology_concepts (dropped_ontology_score: 0.00 < 0.65)
2026-08-13 09:49:38,551 [CRITICAL] [AI CORE] Provider router exhausted all available keys.
2026-08-13 09:49:38,552 [INFO] [SCREENED] 'Untitled' -> DROPPED @ ai_confidence_gate (dropped_ai_confidence (scored 0.00 < 0.75))
2026-08-13 09:49:38,579 [INFO] [SCREENED] 'Untitled' -> DROPPED @ ontology_concepts (dropped_ontology_score: 0.00 < 0.65)
2026-08-13 09:49:38,604 [INFO] [SCREENED] 'Untitled' -> DROPPED @ ontology_concepts (dropped_ontology_score: 0.00 < 0.65)
2026-08-13 09:49:38,628 [INFO] [SCREENED] 'Untitled' -> DROPPED @ ontology_concepts (dropped_ontology_score: 0.00 < 0.65)
2026-08-13 09:49:38,652 [INFO] [SCREENED] 'Untitled' -> DROPPED @ ontology_concepts (dropped_ontology_score: 0.00 < 0.65)
2026-08-13 09:49:38,677 [INFO] [SCREENED] 'Untitled' -> DROPPED @ ontology_concepts (dropped_ontology_score: 0.00 < 0.65)
2026-08-13 09:49:38,701 [INFO] [SCREENED] 'Untitled' -> DROPPED @ ontology_concepts (dropped_ontology_score: 0.00 < 0.65)
2026-08-13 09:49:38,728 [INFO] [SCREENED] 'Untitled' -> DROPPED @ ontology_concepts (dropped_ontology_score: 0.00 < 0.65)
2026-08-13 09:49:38,756 [INFO] [SCREENED] 'Untitled' -> DROPPED @ ontology_concepts (dropped_ontology_score: 0.00 < 0.65)
2026-08-13 09:49:38,782 [INFO] [SCREENED] 'Untitled' -> DROPPED @ ontology_concepts (dropped_ontology_score: 0.00 < 0.65)
2026-08-13 09:49:38,816 [INFO] [SCREENED] 'Untitled' -> DROPPED @ ontology_concepts (dropped_ontology_score: 0.00 < 0.65)
2026-08-13 09:49:38,847 [INFO] [SCREENED] 'Untitled' -> DROPPED @ ontology_concepts (dropped_ontology_score: 0.00 < 0.65)
2026-08-13 09:49:38,871 [INFO] [SCREENED] 'Untitled' -> DROPPED @ ontology_concepts (dropped_ontology_score: 0.00 < 0.65)
2026-08-13 09:49:40,074 [CRITICAL] [AI CORE] Provider router exhausted all available keys.
2026-08-13 09:49:40,074 [INFO] [SCREENED] 'Untitled' -> DROPPED @ ai_confidence_gate (dropped_ai_confidence (scored 0.00 < 0.75))
2026-08-13 09:49:41,062 [CRITICAL] [AI CORE] Provider router exhausted all available keys.
2026-08-13 09:49:41,062 [INFO] [SCREENED] 'Untitled' -> DROPPED @ ai_confidence_gate (dropped_ai_confidence (scored 0.00 < 0.75))
2026-08-13 09:49:41,095 [INFO] [SCREENED] 'Untitled' -> DROPPED @ ontology_concepts (dropped_ontology_score: 0.00 < 0.65)
2026-08-13 09:49:42,012 [CRITICAL] [AI CORE] Provider router exhausted all available keys.
2026-08-13 09:49:42,013 [INFO] [SCREENED] 'Untitled' -> DROPPED @ ai_confidence_gate (dropped_ai_confidence (scored 0.00 < 0.75))
2026-08-13 09:49:42,061 [INFO] [SCREENED] 'Untitled' -> DROPPED @ ontology_concepts (dropped_ontology_score: 0.00 < 0.65)
2026-08-13 09:49:42,086 [INFO] [SCREENED] 'Untitled' -> DROPPED @ ontology_concepts (dropped_ontology_score: 0.00 < 0.65)
2026-08-13 09:49:42,863 [CRITICAL] [AI CORE] Provider router exhausted all available keys.
2026-08-13 09:49:42,863 [INFO] [SCREENED] 'Untitled' -> DROPPED @ ai_confidence_gate (dropped_ai_confidence (scored 0.00 < 0.75))
2026-08-13 09:49:42,895 [INFO] [SCREENED] 'Untitled' -> DROPPED @ ontology_concepts (dropped_ontology_score: 0.00 < 0.65)
2026-08-13 09:49:42,921 [ERROR] Error processing article: name 'extract_target_ticker' is not defined
2026-08-13 09:49:42,933 [INFO] [SCREENED] 'Untitled' -> DROPPED @ ontology_concepts (dropped_ontology_score: 0.00 < 0.65)
2026-08-13 09:49:42,956 [INFO] [SCREENED] 'Untitled' -> DROPPED @ ontology_concepts (dropped_ontology_score: 0.00 < 0.65)
2026-08-13 09:49:42,978 [INFO] [SCREENED] 'Untitled' -> DROPPED @ ontology_concepts (dropped_ontology_score: 0.00 < 0.65)
2026-08-13 09:49:43,002 [INFO] [SCREENED] 'Untitled' -> DROPPED @ ontology_concepts (dropped_ontology_score: 0.00 < 0.65)
2026-08-13 09:49:43,026 [INFO] [SCREENED] 'Untitled' -> DROPPED @ ontology_concepts (dropped_ontology_score: 0.00 < 0.65)
2026-08-13 09:49:43,052 [INFO] [SCREENED] 'Untitled' -> DROPPED @ ontology_concepts (dropped_ontology_score: 0.00 < 0.65)
2026-08-13 09:49:43,816 [CRITICAL] [AI CORE] Provider router exhausted all available keys.
2026-08-13 09:49:43,816 [INFO] [SCREENED] 'Untitled' -> DROPPED @ ai_confidence_gate (dropped_ai_confidence (scored 0.00 < 0.75))
2026-08-13 09:49:44,613 [CRITICAL] [AI CORE] Provider router exhausted all available keys.
2026-08-13 09:49:44,614 [INFO] [SCREENED] 'Untitled' -> DROPPED @ ai_confidence_gate (dropped_ai_confidence (scored 0.00 < 0.75))
2026-08-13 09:49:45,450 [CRITICAL] [AI CORE] Provider router exhausted all available keys.
2026-08-13 09:49:45,450 [INFO] [SCREENED] 'Untitled' -> DROPPED @ ai_confidence_gate (dropped_ai_confidence (scored 0.00 < 0.75))
2026-08-13 09:49:45,494 [INFO] [SCREENED] 'Untitled' -> DROPPED @ ontology_concepts (dropped_ontology_score: 0.00 < 0.65)
2026-08-13 09:49:45,518 [INFO] [SCREENED] 'Untitled' -> DROPPED @ ontology_concepts (dropped_ontology_score: 0.00 < 0.65)
2026-08-13 09:49:46,516 [CRITICAL] [AI CORE] Provider router exhausted all available keys.
2026-08-13 09:49:46,516 [INFO] [SCREENED] 'Untitled' -> DROPPED @ ai_confidence_gate (dropped_ai_confidence (scored 0.00 < 0.75))
2026-08-13 09:49:46,545 [INFO] [SCREENED] 'Untitled' -> DROPPED @ ontology_concepts (dropped_ontology_score: 0.00 < 0.65)
2026-08-13 09:49:46,571 [INFO] [SCREENED] 'Untitled' -> DROPPED @ ontology_concepts (dropped_ontology_score: 0.00 < 0.65)
2026-08-13 09:49:46,596 [INFO] [SCREENED] 'Untitled' -> DROPPED @ ontology_concepts (dropped_ontology_score: 0.00 < 0.65)
2026-08-13 09:49:46,623 [INFO] [SCREENED] 'Untitled' -> DROPPED @ ontology_concepts (dropped_ontology_score: 0.00 < 0.65)
2026-08-13 09:49:47,886 [CRITICAL] [AI CORE] Provider router exhausted all available keys.
2026-08-13 09:49:47,887 [INFO] [SCREENED] 'Untitled' -> DROPPED @ ai_confidence_gate (dropped_ai_confidence (scored 0.00 < 0.75))
2026-08-13 09:49:47,926 [ERROR] Error processing article: name 'extract_target_ticker' is not defined
2026-08-13 09:49:47,942 [ERROR] Error processing article: name 'extract_target_ticker' is not defined
2026-08-13 09:49:48,872 [CRITICAL] [AI CORE] Provider router exhausted all available keys.
2026-08-13 09:49:48,872 [INFO] [SCREENED] 'Untitled' -> DROPPED @ ai_confidence_gate (dropped_ai_confidence (scored 0.00 < 0.75))
2026-08-13 09:49:49,688 [CRITICAL] [AI CORE] Provider router exhausted all available keys.
2026-08-13 09:49:49,688 [INFO] [SCREENED] 'Untitled' -> DROPPED @ ai_confidence_gate (dropped_ai_confidence (scored 0.00 < 0.75))
2026-08-13 09:49:49,740 [INFO] [SCREENED] 'Untitled' -> DROPPED @ ontology_concepts (dropped_ontology_score: 0.00 < 0.65)
2026-08-13 09:49:50,534 [CRITICAL] [AI CORE] Provider router exhausted all available keys.
2026-08-13 09:49:50,535 [INFO] [SCREENED] 'Untitled' -> DROPPED @ ai_confidence_gate (dropped_ai_confidence (scored 0.00 < 0.75))
2026-08-13 09:49:51,315 [CRITICAL] [AI CORE] Provider router exhausted all available keys.
2026-08-13 09:49:51,315 [INFO] [SCREENED] 'Untitled' -> DROPPED @ ai_confidence_gate (dropped_ai_confidence (scored 0.00 < 0.75))
2026-08-13 09:49:51,358 [INFO] [SCREENED] 'Untitled' -> DROPPED @ ontology_concepts (dropped_ontology_score: 0.00 < 0.65)
2026-08-13 09:49:51,455 [INFO] [SCREENED] 'Untitled' -> DROPPED @ ontology_concepts (dropped_ontology_score: 0.00 < 0.65)
2026-08-13 09:49:51,486 [ERROR] Error processing article: name 'extract_target_ticker' is not defined
2026-08-13 09:49:51,499 [INFO] [SCREENED] 'Untitled' -> DROPPED @ ontology_concepts (dropped_ontology_score: 0.00 < 0.65)
2026-08-13 09:49:52,354 [CRITICAL] [AI CORE] Provider router exhausted all available keys.
2026-08-13 09:49:52,355 [INFO] [SCREENED] 'Untitled' -> DROPPED @ ai_confidence_gate (dropped_ai_confidence (scored 0.00 < 0.75))
2026-08-13 09:49:52,409 [INFO] [SCREENED] 'Untitled' -> DROPPED @ ontology_concepts (dropped_ontology_score: 0.00 < 0.65)
2026-08-13 09:50:05,832 [CRITICAL] [AI CORE] Provider router exhausted all available keys.
2026-08-13 09:50:05,833 [INFO] [SCREENED] 'Untitled' -> DROPPED @ ai_confidence_gate (dropped_ai_confidence (scored 0.00 < 0.75))
2026-08-13 09:50:05,896 [ERROR] Error processing article: name 'extract_target_ticker' is not defined
2026-08-13 09:50:19,276 [CRITICAL] [AI CORE] Provider router exhausted all available keys.
2026-08-13 09:50:19,276 [INFO] [SCREENED] 'Untitled' -> DROPPED @ ai_confidence_gate (dropped_ai_confidence (scored 0.00 < 0.75))
2026-08-13 09:50:19,324 [INFO] [SCREENED] 'Untitled' -> DROPPED @ ontology_concepts (dropped_ontology_score: 0.00 < 0.65)
2026-08-13 09:50:19,358 [INFO] [SCREENED] 'Untitled' -> DROPPED @ ontology_concepts (dropped_ontology_score: 0.00 < 0.65)
2026-08-13 09:50:19,397 [INFO] [SCREENED] 'Untitled' -> DROPPED @ ontology_concepts (dropped_ontology_score: 0.00 < 0.65)
2026-08-13 09:50:19,428 [INFO] [SCREENED] 'Untitled' -> DROPPED @ ontology_concepts (dropped_ontology_score: 0.00 < 0.65)
2026-08-13 09:50:19,455 [INFO] [SCREENED] 'Untitled' -> DROPPED @ ontology_concepts (dropped_ontology_score: 0.00 < 0.65)
2026-08-13 09:50:19,478 [INFO] [SCREENED] 'Untitled' -> DROPPED @ ontology_concepts (dropped_ontology_score: 0.00 < 0.65)
2026-08-13 09:50:19,505 [INFO] [SCREENED] 'Untitled' -> DROPPED @ ontology_concepts (dropped_ontology_score: 0.00 < 0.65)
2026-08-13 09:50:19,530 [INFO] [SCREENED] 'Untitled' -> DROPPED @ ontology_concepts (dropped_ontology_score: 0.00 < 0.65)
2026-08-13 09:50:19,558 [ERROR] Error processing article: name 'extract_target_ticker' is not defined
2026-08-13 09:50:19,570 [INFO] [SCREENED] 'Untitled' -> DROPPED @ ontology_concepts (dropped_ontology_score: 0.00 < 0.65)
2026-08-13 09:50:19,597 [INFO] [SCREENED] 'Untitled' -> DROPPED @ ontology_concepts (dropped_ontology_score: 0.00 < 0.65)
2026-08-13 09:50:19,625 [ERROR] Error processing article: name 'extract_target_ticker' is not defined
2026-08-13 09:50:19,640 [ERROR] Error processing article: name 'extract_target_ticker' is not defined
2026-08-13 09:50:19,652 [INFO] [SCREENED] 'Untitled' -> DROPPED @ ontology_concepts (dropped_ontology_score: 0.00 < 0.65)
2026-08-13 09:50:19,676 [INFO] [SCREENED] 'Untitled' -> DROPPED @ ontology_concepts (dropped_ontology_score: 0.00 < 0.65)
2026-08-13 09:50:20,842 [CRITICAL] [AI CORE] Provider router exhausted all available keys.
2026-08-13 09:50:20,842 [INFO] [SCREENED] 'Untitled' -> DROPPED @ ai_confidence_gate (dropped_ai_confidence (scored 0.00 < 0.75))
2026-08-13 09:50:20,896 [INFO] [SCREENED] 'Untitled' -> DROPPED @ ontology_concepts (dropped_ontology_score: 0.00 < 0.65)
2026-08-13 09:50:20,930 [INFO] [SCREENED] 'Untitled' -> DROPPED @ ontology_concepts (dropped_ontology_score: 0.00 < 0.65)
2026-08-13 09:50:20,959 [INFO] [SCREENED] 'Untitled' -> DROPPED @ ontology_concepts (dropped_ontology_score: 0.00 < 0.65)
2026-08-13 09:50:22,165 [CRITICAL] [AI CORE] Provider router exhausted all available keys.
2026-08-13 09:50:22,165 [INFO] [SCREENED] 'Untitled' -> DROPPED @ ai_confidence_gate (dropped_ai_confidence (scored 0.00 < 0.75))
2026-08-13 09:50:22,204 [INFO] [SCREENED] 'Untitled' -> DROPPED @ ontology_concepts (dropped_ontology_score: 0.00 < 0.65)
2026-08-13 09:50:22,236 [INFO] [SCREENED] 'Untitled' -> DROPPED @ ontology_concepts (dropped_ontology_score: 0.00 < 0.65)
2026-08-13 09:50:22,263 [INFO] [SCREENED] 'Untitled' -> DROPPED @ ontology_concepts (dropped_ontology_score: 0.00 < 0.65)
2026-08-13 09:50:22,289 [INFO] [SCREENED] 'Untitled' -> DROPPED @ ontology_concepts (dropped_ontology_score: 0.00 < 0.65)
2026-08-13 09:50:22,316 [INFO] [SCREENED] 'Untitled' -> DROPPED @ ontology_concepts (dropped_ontology_score: 0.00 < 0.65)
2026-08-13 09:50:22,348 [ERROR] Error processing article: name 'extract_target_ticker' is not defined
2026-08-13 09:50:22,361 [INFO] [SCREENED] 'Untitled' -> DROPPED @ ontology_concepts (dropped_ontology_score: 0.00 < 0.65)
2026-08-13 09:50:22,389 [INFO] [SCREENED] 'Untitled' -> DROPPED @ ontology_concepts (dropped_ontology_score: 0.00 < 0.65)
2026-08-13 09:50:22,419 [INFO] [SCREENED] 'Untitled' -> DROPPED @ ontology_concepts (dropped_ontology_score: 0.00 < 0.65)
2026-08-13 09:50:22,447 [INFO] [SCREENED] 'Untitled' -> DROPPED @ ontology_concepts (dropped_ontology_score: 0.00 < 0.65)
2026-08-13 09:50:22,477 [INFO] [SCREENED] 'Untitled' -> DROPPED @ ontology_concepts (dropped_ontology_score: 0.00 < 0.65)
2026-08-13 09:50:22,504 [INFO] [SCREENED] 'Untitled' -> DROPPED @ ontology_concepts (dropped_ontology_score: 0.00 < 0.65)
2026-08-13 09:50:22,536 [INFO] [SCREENED] 'Untitled' -> DROPPED @ ontology_concepts (dropped_ontology_score: 0.00 < 0.65)
2026-08-13 09:50:22,563 [INFO] [SCREENED] 'Untitled' -> DROPPED @ ontology_concepts (dropped_ontology_score: 0.00 < 0.65)
2026-08-13 09:50:22,590 [INFO] [SCREENED] 'Untitled' -> DROPPED @ ontology_concepts (dropped_ontology_score: 0.00 < 0.65)
2026-08-13 09:50:24,245 [CRITICAL] [AI CORE] Provider router exhausted all available keys.
2026-08-13 09:50:24,246 [INFO] [SCREENED] 'Untitled' -> DROPPED @ ai_confidence_gate (dropped_ai_confidence (scored 0.00 < 0.75))
2026-08-13 09:50:24,291 [INFO] [SCREENED] 'Untitled' -> DROPPED @ ontology_concepts (dropped_ontology_score: 0.00 < 0.65)
2026-08-13 09:50:24,317 [INFO] [SCREENED] 'Untitled' -> DROPPED @ ontology_concepts (dropped_ontology_score: 0.00 < 0.65)
2026-08-13 09:50:24,342 [INFO] [SCREENED] 'Untitled' -> DROPPED @ ontology_concepts (dropped_ontology_score: 0.00 < 0.65)
2026-08-13 09:50:24,369 [INFO] [SCREENED] 'Untitled' -> DROPPED @ ontology_concepts (dropped_ontology_score: 0.00 < 0.65)
2026-08-13 09:50:24,393 [INFO] [SCREENED] 'Untitled' -> DROPPED @ ontology_concepts (dropped_ontology_score: 0.00 < 0.65)
2026-08-13 09:50:24,420 [INFO] [SCREENED] 'Untitled' -> DROPPED @ ontology_concepts (dropped_ontology_score: 0.00 < 0.65)
2026-08-13 09:50:24,446 [INFO] [SCREENED] 'Untitled' -> DROPPED @ ontology_concepts (dropped_ontology_score: 0.00 < 0.65)
2026-08-13 09:50:25,455 [CRITICAL] [AI CORE] Provider router exhausted all available keys.
2026-08-13 09:50:25,456 [INFO] [SCREENED] 'Untitled' -> DROPPED @ ai_confidence_gate (dropped_ai_confidence (scored 0.00 < 0.75))
2026-08-13 09:50:26,247 [CRITICAL] [AI CORE] Provider router exhausted all available keys.
2026-08-13 09:50:26,248 [INFO] [SCREENED] 'Untitled' -> DROPPED @ ai_confidence_gate (dropped_ai_confidence (scored 0.00 < 0.75))
2026-08-13 09:50:26,293 [INFO] [SCREENED] 'Untitled' -> DROPPED @ ontology_concepts (dropped_ontology_score: 0.00 < 0.65)
2026-08-13 09:50:26,323 [ERROR] Error processing article: name 'extract_target_ticker' is not defined
2026-08-13 09:50:26,337 [INFO] [SCREENED] 'Untitled' -> DROPPED @ ontology_concepts (dropped_ontology_score: 0.00 < 0.65)
2026-08-13 09:50:27,374 [CRITICAL] [AI CORE] Provider router exhausted all available keys.
2026-08-13 09:50:27,374 [INFO] [SCREENED] 'Untitled' -> DROPPED @ ai_confidence_gate (dropped_ai_confidence (scored 0.00 < 0.75))
2026-08-13 09:50:27,437 [ERROR] Error processing article: name 'extract_target_ticker' is not defined
2026-08-13 09:50:27,453 [INFO] [SCREENED] 'Untitled' -> DROPPED @ ontology_concepts (dropped_ontology_score: 0.00 < 0.65)
2026-08-13 09:50:27,483 [INFO] [SCREENED] 'Untitled' -> DROPPED @ ontology_concepts (dropped_ontology_score: 0.00 < 0.65)
2026-08-13 09:50:27,509 [INFO] [SCREENED] 'Untitled' -> DROPPED @ ontology_concepts (dropped_ontology_score: 0.00 < 0.65)
2026-08-13 09:50:27,536 [INFO] [SCREENED] 'Untitled' -> DROPPED @ ontology_concepts (dropped_ontology_score: 0.00 < 0.65)
2026-08-13 09:50:27,563 [ERROR] Error processing article: name 'extract_target_ticker' is not defined
2026-08-13 09:50:27,574 [INFO] [SCREENED] 'Untitled' -> DROPPED @ ontology_concepts (dropped_ontology_score: 0.00 < 0.65)
2026-08-13 09:50:27,600 [INFO] [SCREENED] 'Untitled' -> DROPPED @ ontology_concepts (dropped_ontology_score: 0.00 < 0.65)
2026-08-13 09:50:27,629 [INFO] [SCREENED] 'Untitled' -> DROPPED @ ontology_concepts (dropped_ontology_score: 0.00 < 0.65)
2026-08-13 09:50:27,651 [INFO] [SCREENED] 'Untitled' -> DROPPED @ ontology_concepts (dropped_ontology_score: 0.00 < 0.65)
2026-08-13 09:50:27,678 [INFO] [SCREENED] 'Untitled' -> DROPPED @ ontology_concepts (dropped_ontology_score: 0.00 < 0.65)
2026-08-13 09:50:27,704 [INFO] [SCREENED] 'Untitled' -> DROPPED @ ontology_concepts (dropped_ontology_score: 0.00 < 0.65)
2026-08-13 09:50:27,732 [INFO] [SCREENED] 'Untitled' -> DROPPED @ ontology_concepts (dropped_ontology_score: 0.00 < 0.65)
2026-08-13 09:50:27,756 [INFO] [SCREENED] 'Untitled' -> DROPPED @ ontology_concepts (dropped_ontology_score: 0.00 < 0.65)
2026-08-13 09:50:27,788 [INFO] [SCREENED] 'Untitled' -> DROPPED @ ontology_concepts (dropped_ontology_score: 0.00 < 0.65)
2026-08-13 09:50:27,813 [INFO] [SCREENED] 'Untitled' -> DROPPED @ ontology_concepts (dropped_ontology_score: 0.00 < 0.65)
2026-08-13 09:50:27,835 [INFO] [SCREENED] 'Untitled' -> DROPPED @ ontology_concepts (dropped_ontology_score: 0.00 < 0.65)
2026-08-13 09:50:27,863 [ERROR] Error processing article: name 'extract_target_ticker' is not defined
2026-08-13 09:50:27,873 [INFO] [SCREENED] 'Untitled' -> DROPPED @ ontology_concepts (dropped_ontology_score: 0.00 < 0.65)
2026-08-13 09:50:27,901 [INFO] [SCREENED] 'Untitled' -> DROPPED @ ontology_concepts (dropped_ontology_score: 0.00 < 0.65)
2026-08-13 09:50:27,928 [ERROR] Error processing article: name 'extract_target_ticker' is not defined
2026-08-13 09:50:27,939 [INFO] [SCREENED] 'Untitled' -> DROPPED @ ontology_concepts (dropped_ontology_score: 0.00 < 0.65)
2026-08-13 09:50:27,966 [INFO] [SCREENED] 'Untitled' -> DROPPED @ ontology_concepts (dropped_ontology_score: 0.00 < 0.65)
2026-08-13 09:50:27,992 [INFO] [SCREENED] 'Untitled' -> DROPPED @ ontology_concepts (dropped_ontology_score: 0.00 < 0.65)
2026-08-13 09:50:28,017 [INFO] [SCREENED] 'Untitled' -> DROPPED @ ontology_concepts (dropped_ontology_score: 0.00 < 0.65)
2026-08-13 09:50:28,048 [INFO] [SCREENED] 'Untitled' -> DROPPED @ ontology_concepts (dropped_ontology_score: 0.00 < 0.65)
2026-08-13 09:50:28,073 [INFO] [SCREENED] 'Untitled' -> DROPPED @ ontology_concepts (dropped_ontology_score: 0.00 < 0.65)
2026-08-13 09:50:28,098 [INFO] [SCREENED] 'Untitled' -> DROPPED @ ontology_concepts (dropped_ontology_score: 0.00 < 0.65)
2026-08-13 09:50:28,148 [INFO] [SCREENED] 'Untitled' -> DROPPED @ ontology_concepts (dropped_ontology_score: 0.00 < 0.65)
2026-08-13 09:50:28,177 [INFO] [SCREENED] 'Untitled' -> DROPPED @ ontology_concepts (dropped_ontology_score: 0.00 < 0.65)
2026-08-13 09:50:28,207 [ERROR] Error processing article: name 'extract_target_ticker' is not defined
2026-08-13 09:50:28,220 [INFO] [SCREENED] 'Untitled' -> DROPPED @ ontology_concepts (dropped_ontology_score: 0.00 < 0.65)
2026-08-13 09:50:28,245 [INFO] [SCREENED] 'Untitled' -> DROPPED @ ontology_concepts (dropped_ontology_score: 0.00 < 0.65)
2026-08-13 09:50:28,271 [INFO] [SCREENED] 'Untitled' -> DROPPED @ ontology_concepts (dropped_ontology_score: 0.00 < 0.65)
2026-08-13 09:50:28,304 [INFO] [SCREENED] 'Untitled' -> DROPPED @ ontology_concepts (dropped_ontology_score: 0.00 < 0.65)
2026-08-13 09:50:28,341 [INFO] [SCREENED] 'Untitled' -> DROPPED @ ontology_concepts (dropped_ontology_score: 0.00 < 0.65)
2026-08-13 09:50:28,372 [INFO] [SCREENED] 'Untitled' -> DROPPED @ ontology_concepts (dropped_ontology_score: 0.00 < 0.65)
2026-08-13 09:50:28,401 [INFO] [SCREENED] 'Untitled' -> DROPPED @ ontology_concepts (dropped_ontology_score: 0.00 < 0.65)
2026-08-13 09:50:28,429 [INFO] [SCREENED] 'Untitled' -> DROPPED @ ontology_concepts (dropped_ontology_score: 0.00 < 0.65)
2026-08-13 09:50:28,456 [INFO] [SCREENED] 'Untitled' -> DROPPED @ ontology_concepts (dropped_ontology_score: 0.00 < 0.65)
2026-08-13 09:50:28,482 [INFO] [SCREENED] 'Untitled' -> DROPPED @ ontology_concepts (dropped_ontology_score: 0.00 < 0.65)
2026-08-13 09:50:28,508 [INFO] [SCREENED] 'Untitled' -> DROPPED @ ontology_concepts (dropped_ontology_score: 0.00 < 0.65)
2026-08-13 09:50:28,540 [INFO] [SCREENED] 'Untitled' -> DROPPED @ ontology_concepts (dropped_ontology_score: 0.00 < 0.65)
2026-08-13 09:50:28,572 [INFO] [SCREENED] 'Untitled' -> DROPPED @ ontology_concepts (dropped_ontology_score: 0.00 < 0.65)
2026-08-13 09:50:28,598 [INFO] [SCREENED] 'Untitled' -> DROPPED @ ontology_concepts (dropped_ontology_score: 0.00 < 0.65)
2026-08-13 09:50:28,629 [INFO] [SCREENED] 'Untitled' -> DROPPED @ ontology_concepts (dropped_ontology_score: 0.00 < 0.65)
2026-08-13 09:50:28,658 [ERROR] Error processing article: name 'extract_target_ticker' is not defined
2026-08-13 09:50:28,679 [ERROR] Error processing article: name 'extract_target_ticker' is not defined
2026-08-13 09:50:28,692 [ERROR] Error processing article: name 'extract_target_ticker' is not defined
2026-08-13 09:50:28,703 [INFO] [SCREENED] 'Untitled' -> DROPPED @ ontology_concepts (dropped_ontology_score: 0.00 < 0.65)
2026-08-13 09:50:28,725 [INFO] [SCREENED] 'Untitled' -> DROPPED @ ontology_concepts (dropped_ontology_score: 0.00 < 0.65)
2026-08-13 09:50:28,751 [INFO] [SCREENED] 'Untitled' -> DROPPED @ ontology_concepts (dropped_ontology_score: 0.00 < 0.65)
2026-08-13 09:50:28,775 [INFO] [SCREENED] 'Untitled' -> DROPPED @ ontology_concepts (dropped_ontology_score: 0.00 < 0.65)
2026-08-13 09:50:28,796 [INFO] [SCREENED] 'Untitled' -> DROPPED @ ontology_concepts (dropped_ontology_score: 0.00 < 0.65)
2026-08-13 09:50:28,823 [INFO] [SCREENED] 'Untitled' -> DROPPED @ ontology_concepts (dropped_ontology_score: 0.00 < 0.65)
2026-08-13 09:50:28,870 [ERROR] Error processing article: name 'extract_target_ticker' is not defined
2026-08-13 09:50:28,884 [INFO] [SCREENED] 'Untitled' -> DROPPED @ ontology_concepts (dropped_ontology_score: 0.00 < 0.65)
2026-08-13 09:50:28,913 [INFO] [SCREENED] 'Untitled' -> DROPPED @ ontology_concepts (dropped_ontology_score: 0.00 < 0.65)
2026-08-13 09:50:28,946 [INFO] [SCREENED] 'Untitled' -> DROPPED @ ontology_concepts (dropped_ontology_score: 0.00 < 0.65)
2026-08-13 09:50:28,975 [ERROR] Error processing article: name 'extract_target_ticker' is not defined
2026-08-13 09:50:28,984 [INFO] [SCREENED] 'Untitled' -> DROPPED @ ontology_concepts (dropped_ontology_score: 0.00 < 0.65)
2026-08-13 09:50:29,010 [INFO] [SCREENED] 'Untitled' -> DROPPED @ ontology_concepts (dropped_ontology_score: 0.00 < 0.65)
2026-08-13 09:50:29,035 [INFO] [SCREENED] 'Untitled' -> DROPPED @ ontology_concepts (dropped_ontology_score: 0.00 < 0.65)
2026-08-13 09:50:29,059 [INFO] [SCREENED] 'Untitled' -> DROPPED @ ontology_concepts (dropped_ontology_score: 0.00 < 0.65)
2026-08-13 09:50:29,082 [INFO] [SCREENED] 'Untitled' -> DROPPED @ ontology_concepts (dropped_ontology_score: 0.00 < 0.65)
2026-08-13 09:50:29,111 [INFO] [SCREENED] 'Untitled' -> DROPPED @ ontology_concepts (dropped_ontology_score: 0.00 < 0.65)
2026-08-13 09:50:29,177 [INFO] [SCREENED] 'Untitled' -> DROPPED @ ontology_concepts (dropped_ontology_score: 0.00 < 0.65)
2026-08-13 09:50:29,202 [INFO] [SCREENED] 'Untitled' -> DROPPED @ ontology_concepts (dropped_ontology_score: 0.00 < 0.65)
2026-08-13 09:50:29,234 [ERROR] Error processing article: name 'extract_target_ticker' is not defined
2026-08-13 09:50:29,263 [INFO] [SCREENED] 'Untitled' -> DROPPED @ ontology_concepts (dropped_ontology_score: 0.00 < 0.65)
2026-08-13 09:50:29,289 [INFO] [SCREENED] 'Untitled' -> DROPPED @ ontology_concepts (dropped_ontology_score: 0.00 < 0.65)
2026-08-13 09:50:29,313 [INFO] [SCREENED] 'Untitled' -> DROPPED @ ontology_concepts (dropped_ontology_score: 0.00 < 0.65)
2026-08-13 09:50:29,416 [INFO] [SCREENED] 'Untitled' -> DROPPED @ ontology_concepts (dropped_ontology_score: 0.00 < 0.65)
2026-08-13 09:50:30,670 [CRITICAL] [AI CORE] Provider router exhausted all available keys.
2026-08-13 09:50:30,670 [INFO] [SCREENED] 'Untitled' -> DROPPED @ ai_confidence_gate (dropped_ai_confidence (scored 0.00 < 0.75))
2026-08-13 09:50:30,720 [INFO] [SCREENED] 'Untitled' -> DROPPED @ ontology_concepts (dropped_ontology_score: 0.00 < 0.65)
2026-08-13 09:50:30,753 [INFO] [SCREENED] 'Untitled' -> DROPPED @ ontology_concepts (dropped_ontology_score: 0.00 < 0.65)
2026-08-13 09:50:30,786 [ERROR] Error processing article: name 'extract_target_ticker' is not defined
2026-08-13 09:50:30,801 [INFO] [SCREENED] 'Untitled' -> DROPPED @ ontology_concepts (dropped_ontology_score: 0.00 < 0.65)
2026-08-13 09:50:30,845 [ERROR] Error processing article: name 'extract_target_ticker' is not defined
2026-08-13 09:50:30,899 [INFO] [SCREENED] 'Untitled' -> DROPPED @ ontology_concepts (dropped_ontology_score: 0.00 < 0.65)
2026-08-13 09:50:30,932 [INFO] [SCREENED] 'Untitled' -> DROPPED @ ontology_concepts (dropped_ontology_score: 0.00 < 0.65)
2026-08-13 09:50:32,379 [CRITICAL] [AI CORE] Provider router exhausted all available keys.
2026-08-13 09:50:32,379 [INFO] [SCREENED] 'Untitled' -> DROPPED @ ai_confidence_gate (dropped_ai_confidence (scored 0.00 < 0.75))
2026-08-13 09:50:33,313 [CRITICAL] [AI CORE] Provider router exhausted all available keys.
2026-08-13 09:50:33,314 [INFO] [SCREENED] 'Untitled' -> DROPPED @ ai_confidence_gate (dropped_ai_confidence (scored 0.00 < 0.75))
2026-08-13 09:50:33,371 [INFO] [SCREENED] 'Untitled' -> DROPPED @ ontology_concepts (dropped_ontology_score: 0.00 < 0.65)
2026-08-13 09:50:33,407 [INFO] [SCREENED] 'Untitled' -> DROPPED @ ontology_concepts (dropped_ontology_score: 0.00 < 0.65)
2026-08-13 09:50:33,436 [INFO] [SCREENED] 'Untitled' -> DROPPED @ ontology_concepts (dropped_ontology_score: 0.00 < 0.65)
2026-08-13 09:50:33,461 [INFO] [SCREENED] 'Untitled' -> DROPPED @ ontology_concepts (dropped_ontology_score: 0.00 < 0.65)
2026-08-13 09:50:34,418 [CRITICAL] [AI CORE] Provider router exhausted all available keys.
2026-08-13 09:50:34,418 [INFO] [SCREENED] 'Untitled' -> DROPPED @ ai_confidence_gate (dropped_ai_confidence (scored 0.00 < 0.75))
2026-08-13 09:50:34,470 [INFO] [SCREENED] 'Untitled' -> DROPPED @ ontology_concepts (dropped_ontology_score: 0.00 < 0.65)
2026-08-13 09:50:34,496 [INFO] [SCREENED] 'Untitled' -> DROPPED @ ontology_concepts (dropped_ontology_score: 0.00 < 0.65)
2026-08-13 09:50:35,657 [CRITICAL] [AI CORE] Provider router exhausted all available keys.
2026-08-13 09:50:35,657 [INFO] [SCREENED] 'Untitled' -> DROPPED @ ai_confidence_gate (dropped_ai_confidence (scored 0.00 < 0.75))
2026-08-13 09:50:35,714 [INFO] [SCREENED] 'Untitled' -> DROPPED @ ontology_concepts (dropped_ontology_score: 0.00 < 0.65)
2026-08-13 09:50:35,744 [INFO] [SCREENED] 'Untitled' -> DROPPED @ ontology_concepts (dropped_ontology_score: 0.00 < 0.65)
2026-08-13 09:50:35,771 [INFO] [SCREENED] 'Untitled' -> DROPPED @ ontology_concepts (dropped_ontology_score: 0.00 < 0.65)
2026-08-13 09:50:35,798 [ERROR] Error processing article: name 'extract_target_ticker' is not defined
2026-08-13 09:50:35,821 [ERROR] Error processing article: name 'extract_target_ticker' is not defined
2026-08-13 09:50:35,834 [INFO] [SCREENED] 'Untitled' -> DROPPED @ ontology_concepts (dropped_ontology_score: 0.00 < 0.65)
2026-08-13 09:50:37,201 [CRITICAL] [AI CORE] Provider router exhausted all available keys.
2026-08-13 09:50:37,201 [INFO] [SCREENED] 'Untitled' -> DROPPED @ ai_confidence_gate (dropped_ai_confidence (scored 0.00 < 0.75))
2026-08-13 09:50:37,263 [ERROR] Error processing article: name 'extract_target_ticker' is not defined
2026-08-13 09:50:37,274 [INFO] [SCREENED] 'Untitled' -> DROPPED @ ontology_concepts (dropped_ontology_score: 0.00 < 0.65)
2026-08-13 09:50:37,300 [INFO] [SCREENED] 'Untitled' -> DROPPED @ ontology_concepts (dropped_ontology_score: 0.00 < 0.65)
2026-08-13 09:50:37,328 [ERROR] Error processing article: name 'extract_target_ticker' is not defined
2026-08-13 09:50:37,339 [INFO] [SCREENED] 'Untitled' -> DROPPED @ ontology_concepts (dropped_ontology_score: 0.00 < 0.65)
2026-08-13 09:50:37,365 [INFO] [SCREENED] 'Untitled' -> DROPPED @ ontology_concepts (dropped_ontology_score: 0.00 < 0.65)
2026-08-13 09:50:37,391 [INFO] [SCREENED] 'Untitled' -> DROPPED @ ontology_concepts (dropped_ontology_score: 0.00 < 0.65)
2026-08-13 09:50:37,416 [INFO] [SCREENED] 'Untitled' -> DROPPED @ ontology_concepts (dropped_ontology_score: 0.00 < 0.65)
2026-08-13 09:50:37,444 [ERROR] Error processing article: name 'extract_target_ticker' is not defined
2026-08-13 09:50:37,459 [INFO] [SCREENED] 'Untitled' -> DROPPED @ ontology_concepts (dropped_ontology_score: 0.00 < 0.65)
2026-08-13 09:50:37,484 [INFO] [SCREENED] 'Untitled' -> DROPPED @ ontology_concepts (dropped_ontology_score: 0.00 < 0.65)
2026-08-13 09:50:37,523 [ERROR] Error processing article: name 'extract_target_ticker' is not defined
2026-08-13 09:50:37,541 [INFO] [SCREENED] 'Untitled' -> DROPPED @ ontology_concepts (dropped_ontology_score: 0.00 < 0.65)
2026-08-13 09:50:37,570 [INFO] [SCREENED] 'Untitled' -> DROPPED @ ontology_concepts (dropped_ontology_score: 0.00 < 0.65)
2026-08-13 09:50:37,607 [INFO] [SCREENED] 'Untitled' -> DROPPED @ ontology_concepts (dropped_ontology_score: 0.00 < 0.65)
2026-08-13 09:50:37,630 [INFO] [SCREENED] 'Untitled' -> DROPPED @ ontology_concepts (dropped_ontology_score: 0.00 < 0.65)
2026-08-13 09:50:37,665 [INFO] [SCREENED] 'Untitled' -> DROPPED @ ontology_concepts (dropped_ontology_score: 0.00 < 0.65)
2026-08-13 09:50:37,694 [INFO] [SCREENED] 'Untitled' -> DROPPED @ ontology_concepts (dropped_ontology_score: 0.00 < 0.65)
2026-08-13 09:50:37,724 [INFO] [SCREENED] 'Untitled' -> DROPPED @ ontology_concepts (dropped_ontology_score: 0.00 < 0.65)
2026-08-13 09:50:37,751 [INFO] [SCREENED] 'Untitled' -> DROPPED @ ontology_concepts (dropped_ontology_score: 0.00 < 0.65)
2026-08-13 09:50:37,778 [ERROR] Error processing article: name 'extract_target_ticker' is not defined
2026-08-13 09:50:37,791 [ERROR] Error processing article: name 'extract_target_ticker' is not defined
2026-08-13 09:50:37,806 [INFO] [SCREENED] 'Untitled' -> DROPPED @ ontology_concepts (dropped_ontology_score: 0.00 < 0.65)
2026-08-13 09:50:37,837 [INFO] [SCREENED] 'Untitled' -> DROPPED @ ontology_concepts (dropped_ontology_score: 0.00 < 0.65)
2026-08-13 09:50:37,865 [INFO] [SCREENED] 'Untitled' -> DROPPED @ ontology_concepts (dropped_ontology_score: 0.00 < 0.65)
2026-08-13 09:50:37,890 [INFO] [SCREENED] 'Untitled' -> DROPPED @ ontology_concepts (dropped_ontology_score: 0.00 < 0.65)
2026-08-13 09:50:37,916 [ERROR] Error processing article: name 'extract_target_ticker' is not defined
2026-08-13 09:50:37,927 [INFO] [SCREENED] 'Untitled' -> DROPPED @ ontology_concepts (dropped_ontology_score: 0.00 < 0.65)
2026-08-13 09:50:37,952 [ERROR] Error processing article: name 'extract_target_ticker' is not defined
2026-08-13 09:50:37,965 [INFO] [SCREENED] 'Untitled' -> DROPPED @ ontology_concepts (dropped_ontology_score: 0.00 < 0.65)
2026-08-13 09:50:37,993 [ERROR] Error processing article: name 'extract_target_ticker' is not defined
2026-08-13 09:50:38,005 [INFO] [SCREENED] 'Untitled' -> DROPPED @ ontology_concepts (dropped_ontology_score: 0.00 < 0.65)
2026-08-13 09:50:38,031 [INFO] [SCREENED] 'Untitled' -> DROPPED @ ontology_concepts (dropped_ontology_score: 0.00 < 0.65)
2026-08-13 09:50:38,057 [INFO] [SCREENED] 'Untitled' -> DROPPED @ ontology_concepts (dropped_ontology_score: 0.00 < 0.65)
2026-08-13 09:50:38,081 [INFO] [SCREENED] 'Untitled' -> DROPPED @ ontology_concepts (dropped_ontology_score: 0.00 < 0.65)
2026-08-13 09:50:38,107 [INFO] [SCREENED] 'Untitled' -> DROPPED @ ontology_concepts (dropped_ontology_score: 0.00 < 0.65)
2026-08-13 09:50:38,136 [ERROR] Error processing article: name 'extract_target_ticker' is not defined
2026-08-13 09:50:38,150 [INFO] [SCREENED] 'Untitled' -> DROPPED @ ontology_concepts (dropped_ontology_score: 0.00 < 0.65)
2026-08-13 09:50:38,179 [INFO] [SCREENED] 'Untitled' -> DROPPED @ ontology_concepts (dropped_ontology_score: 0.00 < 0.65)
2026-08-13 09:50:38,211 [ERROR] Error processing article: name 'extract_target_ticker' is not defined
2026-08-13 09:50:38,225 [INFO] [SCREENED] 'Untitled' -> DROPPED @ ontology_concepts (dropped_ontology_score: 0.00 < 0.65)
2026-08-13 09:50:38,260 [INFO] [SCREENED] 'Untitled' -> DROPPED @ ontology_concepts (dropped_ontology_score: 0.00 < 0.65)
2026-08-13 09:50:38,292 [INFO] [SCREENED] 'Untitled' -> DROPPED @ ontology_concepts (dropped_ontology_score: 0.00 < 0.65)
2026-08-13 09:50:38,342 [INFO] [SCREENED] 'Untitled' -> DROPPED @ ontology_concepts (dropped_ontology_score: 0.00 < 0.65)
2026-08-13 09:50:38,371 [INFO] [SCREENED] 'Untitled' -> DROPPED @ ontology_concepts (dropped_ontology_score: 0.00 < 0.65)
2026-08-13 09:50:38,402 [ERROR] Error processing article: name 'extract_target_ticker' is not defined
2026-08-13 09:50:38,418 [INFO] [SCREENED] 'Untitled' -> DROPPED @ ontology_concepts (dropped_ontology_score: 0.00 < 0.65)
2026-08-13 09:50:38,451 [INFO] [SCREENED] 'Untitled' -> DROPPED @ ontology_concepts (dropped_ontology_score: 0.00 < 0.65)
2026-08-13 09:50:38,483 [INFO] [SCREENED] 'Untitled' -> DROPPED @ ontology_concepts (dropped_ontology_score: 0.00 < 0.65)
2026-08-13 09:50:38,516 [INFO] [SCREENED] 'Untitled' -> DROPPED @ ontology_concepts (dropped_ontology_score: 0.00 < 0.65)
2026-08-13 09:50:38,549 [INFO] [SCREENED] 'Untitled' -> DROPPED @ ontology_concepts (dropped_ontology_score: 0.00 < 0.65)
2026-08-13 09:50:38,576 [INFO] [SCREENED] 'Untitled' -> DROPPED @ ontology_concepts (dropped_ontology_score: 0.00 < 0.65)
2026-08-13 09:50:38,602 [INFO] [SCREENED] 'Untitled' -> DROPPED @ ontology_concepts (dropped_ontology_score: 0.00 < 0.65)
2026-08-13 09:50:38,629 [INFO] [SCREENED] 'Untitled' -> DROPPED @ ontology_concepts (dropped_ontology_score: 0.00 < 0.65)
2026-08-13 09:50:38,661 [INFO] [SCREENED] 'Untitled' -> DROPPED @ ontology_concepts (dropped_ontology_score: 0.00 < 0.65)
2026-08-13 09:50:38,698 [INFO] [SCREENED] 'Untitled' -> DROPPED @ ontology_concepts (dropped_ontology_score: 0.00 < 0.65)
2026-08-13 09:50:38,735 [INFO] [SCREENED] 'Untitled' -> DROPPED @ ontology_concepts (dropped_ontology_score: 0.00 < 0.65)
2026-08-13 09:50:38,761 [INFO] [SCREENED] 'Untitled' -> DROPPED @ ontology_concepts (dropped_ontology_score: 0.00 < 0.65)
2026-08-13 09:50:38,804 [INFO] [SCREENED] 'Untitled' -> DROPPED @ ontology_concepts (dropped_ontology_score: 0.00 < 0.65)
2026-08-13 09:50:38,835 [INFO] [SCREENED] 'Untitled' -> DROPPED @ ontology_concepts (dropped_ontology_score: 0.00 < 0.65)
2026-08-13 09:50:38,861 [INFO] [SCREENED] 'Untitled' -> DROPPED @ ontology_concepts (dropped_ontology_score: 0.00 < 0.65)
2026-08-13 09:50:38,888 [ERROR] Error processing article: name 'extract_target_ticker' is not defined
2026-08-13 09:50:38,955 [ERROR] Error processing article: name 'extract_target_ticker' is not defined
2026-08-13 09:50:40,000 [CRITICAL] [AI CORE] Provider router exhausted all available keys.
2026-08-13 09:50:40,000 [INFO] [SCREENED] 'Untitled' -> DROPPED @ ai_confidence_gate (dropped_ai_confidence (scored 0.00 < 0.75))
2026-08-13 09:50:40,062 [INFO] [SCREENED] 'Untitled' -> DROPPED @ ontology_concepts (dropped_ontology_score: 0.00 < 0.65)
2026-08-13 09:50:40,093 [INFO] [SCREENED] 'Untitled' -> DROPPED @ ontology_concepts (dropped_ontology_score: 0.00 < 0.65)
2026-08-13 09:50:40,118 [ERROR] Error processing article: name 'extract_target_ticker' is not defined
2026-08-13 09:50:40,129 [ERROR] Error processing article: name 'extract_target_ticker' is not defined
2026-08-13 09:50:40,144 [INFO] [SCREENED] 'Untitled' -> DROPPED @ ontology_concepts (dropped_ontology_score: 0.00 < 0.65)
2026-08-13 09:50:40,178 [ERROR] Error processing article: name 'extract_target_ticker' is not defined
2026-08-13 09:50:40,191 [INFO] [SCREENED] 'Untitled' -> DROPPED @ ontology_concepts (dropped_ontology_score: 0.00 < 0.65)
2026-08-13 09:50:40,227 [INFO] [SCREENED] 'Untitled' -> DROPPED @ ontology_concepts (dropped_ontology_score: 0.00 < 0.65)
2026-08-13 09:50:40,259 [INFO] [SCREENED] 'Untitled' -> DROPPED @ ontology_concepts (dropped_ontology_score: 0.00 < 0.65)
2026-08-13 09:50:40,292 [INFO] [SCREENED] 'Untitled' -> DROPPED @ ontology_concepts (dropped_ontology_score: 0.00 < 0.65)
2026-08-13 09:50:40,322 [INFO] [SCREENED] 'Untitled' -> DROPPED @ ontology_concepts (dropped_ontology_score: 0.00 < 0.65)
2026-08-13 09:50:40,352 [INFO] [SCREENED] 'Untitled' -> DROPPED @ ontology_concepts (dropped_ontology_score: 0.00 < 0.65)
2026-08-13 09:50:40,389 [ERROR] Error processing article: name 'extract_target_ticker' is not defined
2026-08-13 09:50:40,409 [ERROR] Error processing article: name 'extract_target_ticker' is not defined
2026-08-13 09:50:40,420 [INFO] [SCREENED] 'Untitled' -> DROPPED @ ontology_concepts (dropped_ontology_score: 0.00 < 0.65)
2026-08-13 09:50:40,444 [INFO] [SCREENED] 'Untitled' -> DROPPED @ ontology_concepts (dropped_ontology_score: 0.00 < 0.65)
2026-08-13 09:50:40,473 [INFO] [SCREENED] 'Untitled' -> DROPPED @ ontology_concepts (dropped_ontology_score: 0.00 < 0.65)
2026-08-13 09:50:40,503 [INFO] [SCREENED] 'Untitled' -> DROPPED @ ontology_concepts (dropped_ontology_score: 0.00 < 0.65)
2026-08-13 09:50:40,528 [INFO] [SCREENED] 'Untitled' -> DROPPED @ ontology_concepts (dropped_ontology_score: 0.00 < 0.65)
2026-08-13 09:50:40,552 [INFO] [SCREENED] 'Untitled' -> DROPPED @ ontology_concepts (dropped_ontology_score: 0.00 < 0.65)
2026-08-13 09:50:40,584 [INFO] [SCREENED] 'Untitled' -> DROPPED @ ontology_concepts (dropped_ontology_score: 0.00 < 0.65)
2026-08-13 09:50:40,621 [INFO] [SCREENED] 'Untitled' -> DROPPED @ ontology_concepts (dropped_ontology_score: 0.00 < 0.65)
2026-08-13 09:50:41,485 [CRITICAL] [AI CORE] Provider router exhausted all available keys.
2026-08-13 09:50:41,485 [INFO] [SCREENED] 'Untitled' -> DROPPED @ ai_confidence_gate (dropped_ai_confidence (scored 0.00 < 0.75))
2026-08-13 09:50:41,538 [INFO] [SCREENED] 'Untitled' -> DROPPED @ ontology_concepts (dropped_ontology_score: 0.00 < 0.65)
2026-08-13 09:50:41,575 [INFO] [SCREENED] 'Untitled' -> DROPPED @ ontology_concepts (dropped_ontology_score: 0.00 < 0.65)
2026-08-13 09:50:41,601 [INFO] [SCREENED] 'Untitled' -> DROPPED @ ontology_concepts (dropped_ontology_score: 0.00 < 0.65)
2026-08-13 09:50:41,626 [INFO] [SCREENED] 'Untitled' -> DROPPED @ ontology_concepts (dropped_ontology_score: 0.00 < 0.65)
2026-08-13 09:50:41,667 [INFO] [SCREENED] 'Untitled' -> DROPPED @ ontology_concepts (dropped_ontology_score: 0.00 < 0.65)
2026-08-13 09:50:41,695 [INFO] [SCREENED] 'Untitled' -> DROPPED @ ontology_concepts (dropped_ontology_score: 0.00 < 0.65)
2026-08-13 09:50:41,727 [INFO] [SCREENED] 'Untitled' -> DROPPED @ ontology_concepts (dropped_ontology_score: 0.00 < 0.65)
2026-08-13 09:50:41,761 [ERROR] Error processing article: name 'extract_target_ticker' is not defined
2026-08-13 09:50:42,574 [CRITICAL] [AI CORE] Provider router exhausted all available keys.
2026-08-13 09:50:42,575 [INFO] [SCREENED] 'Untitled' -> DROPPED @ ai_confidence_gate (dropped_ai_confidence (scored 0.00 < 0.75))
2026-08-13 09:50:42,629 [INFO] [SCREENED] 'Untitled' -> DROPPED @ ontology_concepts (dropped_ontology_score: 0.00 < 0.65)
2026-08-13 09:50:42,655 [INFO] [SCREENED] 'Untitled' -> DROPPED @ ontology_concepts (dropped_ontology_score: 0.00 < 0.65)
2026-08-13 09:50:42,696 [ERROR] Error processing article: name 'extract_target_ticker' is not defined
2026-08-13 09:50:43,849 [CRITICAL] [AI CORE] Provider router exhausted all available keys.
2026-08-13 09:50:43,850 [INFO] [SCREENED] 'Untitled' -> DROPPED @ ai_confidence_gate (dropped_ai_confidence (scored 0.00 < 0.75))
2026-08-13 09:50:43,919 [INFO] [SCREENED] 'Untitled' -> DROPPED @ ontology_concepts (dropped_ontology_score: 0.00 < 0.65)
2026-08-13 09:50:43,968 [INFO] [SCREENED] 'Untitled' -> DROPPED @ ontology_concepts (dropped_ontology_score: 0.00 < 0.65)
2026-08-13 09:50:43,999 [INFO] [SCREENED] 'Untitled' -> DROPPED @ ontology_concepts (dropped_ontology_score: 0.00 < 0.65)
2026-08-13 09:50:44,025 [INFO] [SCREENED] 'Untitled' -> DROPPED @ ontology_concepts (dropped_ontology_score: 0.00 < 0.65)
2026-08-13 09:50:44,075 [ERROR] Error processing article: name 'extract_target_ticker' is not defined
2026-08-13 09:50:44,087 [INFO] [SCREENED] 'Untitled' -> DROPPED @ ontology_concepts (dropped_ontology_score: 0.00 < 0.65)
2026-08-13 09:50:44,112 [ERROR] Error processing article: name 'extract_target_ticker' is not defined
2026-08-13 09:50:44,124 [ERROR] Error processing article: name 'extract_target_ticker' is not defined
2026-08-13 09:50:44,134 [INFO] [SCREENED] 'Untitled' -> DROPPED @ ontology_concepts (dropped_ontology_score: 0.00 < 0.65)
2026-08-13 09:50:44,159 [INFO] [SCREENED] 'Untitled' -> DROPPED @ ontology_concepts (dropped_ontology_score: 0.00 < 0.65)
2026-08-13 09:50:44,186 [INFO] [SCREENED] 'Untitled' -> DROPPED @ ontology_concepts (dropped_ontology_score: 0.00 < 0.65)
2026-08-13 09:50:44,215 [ERROR] Error processing article: name 'extract_target_ticker' is not defined
2026-08-13 09:50:44,225 [INFO] [SCREENED] 'Untitled' -> DROPPED @ ontology_concepts (dropped_ontology_score: 0.00 < 0.65)
2026-08-13 09:50:44,258 [ERROR] Error processing article: name 'extract_target_ticker' is not defined
2026-08-13 09:50:44,272 [ERROR] Error processing article: name 'extract_target_ticker' is not defined
2026-08-13 09:50:44,283 [INFO] [SCREENED] 'Untitled' -> DROPPED @ ontology_concepts (dropped_ontology_score: 0.00 < 0.65)
2026-08-13 09:50:44,305 [INFO] [SCREENED] 'Untitled' -> DROPPED @ ontology_concepts (dropped_ontology_score: 0.00 < 0.65)
2026-08-13 09:50:44,319 [INFO] [SCREENED] 'Untitled' -> DROPPED @ dedupe_hash (dropped_hash_duplicate)
2026-08-13 09:50:44,327 [INFO] [SCREENED] 'Untitled' -> DROPPED @ dedupe_hash (dropped_hash_duplicate)
2026-08-13 09:50:44,334 [INFO] [SCREENED] 'Untitled' -> DROPPED @ dedupe_hash (dropped_hash_duplicate)
2026-08-13 09:50:44,354 [INFO] [SCREENED] 'Untitled' -> DROPPED @ ontology_concepts (dropped_ontology_score: 0.00 < 0.65)
2026-08-13 09:50:44,382 [INFO] [SCREENED] 'Untitled' -> DROPPED @ ontology_concepts (dropped_ontology_score: 0.00 < 0.65)
2026-08-13 09:50:44,406 [INFO] [SCREENED] 'Untitled' -> DROPPED @ ontology_concepts (dropped_ontology_score: 0.00 < 0.65)
2026-08-13 09:50:44,432 [INFO] [SCREENED] 'Untitled' -> DROPPED @ ontology_concepts (dropped_ontology_score: 0.00 < 0.65)
2026-08-13 09:50:44,458 [INFO] [SCREENED] 'Untitled' -> DROPPED @ ontology_concepts (dropped_ontology_score: 0.00 < 0.65)
2026-08-13 09:50:44,486 [INFO] [SCREENED] 'Untitled' -> DROPPED @ ontology_concepts (dropped_ontology_score: 0.00 < 0.65)
2026-08-13 09:50:44,517 [INFO] [SCREENED] 'Untitled' -> DROPPED @ ontology_concepts (dropped_ontology_score: 0.00 < 0.65)
2026-08-13 09:50:44,542 [INFO] [SCREENED] 'Untitled' -> DROPPED @ ontology_concepts (dropped_ontology_score: 0.00 < 0.65)
2026-08-13 09:50:44,572 [INFO] [SCREENED] 'Untitled' -> DROPPED @ ontology_concepts (dropped_ontology_score: 0.00 < 0.65)
2026-08-13 09:50:45,392 [CRITICAL] [AI CORE] Provider router exhausted all available keys.
2026-08-13 09:50:45,392 [INFO] [SCREENED] 'Untitled' -> DROPPED @ ai_confidence_gate (dropped_ai_confidence (scored 0.00 < 0.75))
2026-08-13 09:50:46,342 [CRITICAL] [AI CORE] Provider router exhausted all available keys.
2026-08-13 09:50:46,342 [INFO] [SCREENED] 'Untitled' -> DROPPED @ ai_confidence_gate (dropped_ai_confidence (scored 0.00 < 0.75))
2026-08-13 09:50:46,393 [INFO] [SCREENED] 'Untitled' -> DROPPED @ ontology_concepts (dropped_ontology_score: 0.00 < 0.65)
2026-08-13 09:50:46,432 [INFO] [SCREENED] 'Untitled' -> DROPPED @ ontology_concepts (dropped_ontology_score: 0.00 < 0.65)
2026-08-13 09:50:46,463 [INFO] [SCREENED] 'Untitled' -> DROPPED @ ontology_concepts (dropped_ontology_score: 0.00 < 0.65)
2026-08-13 09:50:46,492 [ERROR] Error processing article: name 'extract_target_ticker' is not defined
2026-08-13 09:50:47,299 [CRITICAL] [AI CORE] Provider router exhausted all available keys.
2026-08-13 09:50:47,300 [INFO] [SCREENED] 'Untitled' -> DROPPED @ ai_confidence_gate (dropped_ai_confidence (scored 0.00 < 0.75))
2026-08-13 09:50:48,138 [CRITICAL] [AI CORE] Provider router exhausted all available keys.
2026-08-13 09:50:48,138 [INFO] [SCREENED] 'Untitled' -> DROPPED @ ai_confidence_gate (dropped_ai_confidence (scored 0.00 < 0.75))
2026-08-13 09:50:48,968 [CRITICAL] [AI CORE] Provider router exhausted all available keys.
2026-08-13 09:50:48,968 [INFO] [SCREENED] 'Untitled' -> DROPPED @ ai_confidence_gate (dropped_ai_confidence (scored 0.00 < 0.75))
2026-08-13 09:50:49,005 [INFO] [SCREENED] 'Untitled' -> DROPPED @ ontology_concepts (dropped_ontology_score: 0.00 < 0.65)
2026-08-13 09:50:49,035 [INFO] [SCREENED] 'Untitled' -> DROPPED @ ontology_concepts (dropped_ontology_score: 0.00 < 0.65)
2026-08-13 09:50:49,068 [INFO] [SCREENED] 'Untitled' -> DROPPED @ ontology_concepts (dropped_ontology_score: 0.00 < 0.65)
2026-08-13 09:50:49,097 [INFO] [SCREENED] 'Untitled' -> DROPPED @ ontology_concepts (dropped_ontology_score: 0.00 < 0.65)
2026-08-13 09:50:49,130 [INFO] [SCREENED] 'Untitled' -> DROPPED @ ontology_concepts (dropped_ontology_score: 0.00 < 0.65)
2026-08-13 09:51:02,379 [CRITICAL] [AI CORE] Provider router exhausted all available keys.
2026-08-13 09:51:02,379 [INFO] [SCREENED] 'Untitled' -> DROPPED @ ai_confidence_gate (dropped_ai_confidence (scored 0.00 < 0.75))
2026-08-13 09:51:02,428 [INFO] [SCREENED] 'Untitled' -> DROPPED @ ontology_concepts (dropped_ontology_score: 0.00 < 0.65)
2026-08-13 09:51:02,464 [INFO] [SCREENED] 'Untitled' -> DROPPED @ ontology_concepts (dropped_ontology_score: 0.00 < 0.65)
2026-08-13 09:51:02,526 [INFO] [SCREENED] 'Untitled' -> DROPPED @ ontology_concepts (dropped_ontology_score: 0.00 < 0.65)
2026-08-13 09:51:16,155 [CRITICAL] [AI CORE] Provider router exhausted all available keys.
2026-08-13 09:51:16,155 [INFO] [SCREENED] 'Untitled' -> DROPPED @ ai_confidence_gate (dropped_ai_confidence (scored 0.00 < 0.75))
2026-08-13 09:51:16,202 [ERROR] Error processing article: name 'extract_target_ticker' is not defined
2026-08-13 09:51:26,475 [CRITICAL] [AI CORE] Provider router exhausted all available keys.
2026-08-13 09:51:26,475 [INFO] [SCREENED] 'Untitled' -> DROPPED @ ai_confidence_gate (dropped_ai_confidence (scored 0.00 < 0.75))
2026-08-13 09:51:26,527 [INFO] [SCREENED] 'Untitled' -> DROPPED @ ontology_concepts (dropped_ontology_score: 0.00 < 0.65)
2026-08-13 09:51:26,550 [INFO] [SCREENED] 'Untitled' -> DROPPED @ ontology_concepts (dropped_ontology_score: 0.00 < 0.65)
2026-08-13 09:51:26,575 [INFO] [SCREENED] 'Untitled' -> DROPPED @ ontology_concepts (dropped_ontology_score: 0.00 < 0.65)
2026-08-13 09:51:26,600 [INFO] [SCREENED] 'Untitled' -> DROPPED @ ontology_concepts (dropped_ontology_score: 0.00 < 0.65)
2026-08-13 09:51:26,621 [INFO] [SCREENED] 'Untitled' -> DROPPED @ ontology_concepts (dropped_ontology_score: 0.00 < 0.65)
2026-08-13 09:51:26,646 [INFO] [SCREENED] 'Untitled' -> DROPPED @ ontology_concepts (dropped_ontology_score: 0.00 < 0.65)
2026-08-13 09:51:26,676 [ERROR] Error processing article: name 'extract_target_ticker' is not defined
2026-08-13 09:51:26,691 [INFO] [SCREENED] 'Untitled' -> DROPPED @ ontology_concepts (dropped_ontology_score: 0.00 < 0.65)
2026-08-13 09:51:26,715 [INFO] [SCREENED] 'Untitled' -> DROPPED @ ontology_concepts (dropped_ontology_score: 0.00 < 0.65)
2026-08-13 09:51:26,741 [INFO] [SCREENED] 'Untitled' -> DROPPED @ ontology_concepts (dropped_ontology_score: 0.00 < 0.65)
2026-08-13 09:51:26,768 [INFO] [SCREENED] 'Untitled' -> DROPPED @ ontology_concepts (dropped_ontology_score: 0.00 < 0.65)
2026-08-13 09:51:26,802 [INFO] [SCREENED] 'Untitled' -> DROPPED @ ontology_concepts (dropped_ontology_score: 0.00 < 0.65)
2026-08-13 09:51:26,829 [INFO] [SCREENED] 'Untitled' -> DROPPED @ ontology_concepts (dropped_ontology_score: 0.00 < 0.65)
2026-08-13 09:51:26,856 [INFO] [SCREENED] 'Untitled' -> DROPPED @ ontology_concepts (dropped_ontology_score: 0.00 < 0.65)
2026-08-13 09:51:26,893 [ERROR] Error processing article: name 'extract_target_ticker' is not defined
2026-08-13 09:51:26,906 [INFO] [SCREENED] 'Untitled' -> DROPPED @ ontology_concepts (dropped_ontology_score: 0.00 < 0.65)
2026-08-13 09:51:26,934 [INFO] [SCREENED] 'Untitled' -> DROPPED @ ontology_concepts (dropped_ontology_score: 0.00 < 0.65)
2026-08-13 09:51:26,967 [INFO] [SCREENED] 'Untitled' -> DROPPED @ ontology_concepts (dropped_ontology_score: 0.00 < 0.65)
2026-08-13 09:51:26,995 [INFO] [SCREENED] 'Untitled' -> DROPPED @ ontology_concepts (dropped_ontology_score: 0.00 < 0.65)
2026-08-13 09:51:27,027 [INFO] [SCREENED] 'Untitled' -> DROPPED @ ontology_concepts (dropped_ontology_score: 0.00 < 0.65)
2026-08-13 09:51:27,058 [INFO] [SCREENED] 'Untitled' -> DROPPED @ ontology_concepts (dropped_ontology_score: 0.00 < 0.65)
2026-08-13 09:51:27,085 [INFO] [SCREENED] 'Untitled' -> DROPPED @ ontology_concepts (dropped_ontology_score: 0.00 < 0.65)
2026-08-13 09:51:27,110 [INFO] [SCREENED] 'Untitled' -> DROPPED @ ontology_concepts (dropped_ontology_score: 0.00 < 0.65)
2026-08-13 09:51:27,134 [INFO] [SCREENED] 'Untitled' -> DROPPED @ ontology_concepts (dropped_ontology_score: 0.00 < 0.65)
2026-08-13 09:51:27,156 [INFO] [SCREENED] 'Untitled' -> DROPPED @ ontology_concepts (dropped_ontology_score: 0.00 < 0.65)
2026-08-13 09:51:27,184 [ERROR] Error processing article: name 'extract_target_ticker' is not defined
2026-08-13 09:51:27,197 [INFO] [SCREENED] 'Untitled' -> DROPPED @ ontology_concepts (dropped_ontology_score: 0.00 < 0.65)
2026-08-13 09:51:27,224 [INFO] [SCREENED] 'Untitled' -> DROPPED @ ontology_concepts (dropped_ontology_score: 0.00 < 0.65)
2026-08-13 09:51:27,262 [INFO] [SCREENED] 'Untitled' -> DROPPED @ ontology_concepts (dropped_ontology_score: 0.00 < 0.65)
2026-08-13 09:51:27,286 [INFO] [SCREENED] 'Untitled' -> DROPPED @ ontology_concepts (dropped_ontology_score: 0.00 < 0.65)
2026-08-13 09:51:27,312 [INFO] [SCREENED] 'Untitled' -> DROPPED @ ontology_concepts (dropped_ontology_score: 0.00 < 0.65)
2026-08-13 09:51:27,338 [INFO] [SCREENED] 'Untitled' -> DROPPED @ ontology_concepts (dropped_ontology_score: 0.00 < 0.65)
2026-08-13 09:51:27,365 [ERROR] Error processing article: name 'extract_target_ticker' is not defined
2026-08-13 09:51:27,378 [INFO] [SCREENED] 'Untitled' -> DROPPED @ ontology_concepts (dropped_ontology_score: 0.00 < 0.65)
2026-08-13 09:51:27,403 [INFO] [SCREENED] 'Untitled' -> DROPPED @ ontology_concepts (dropped_ontology_score: 0.00 < 0.65)
2026-08-13 09:51:27,425 [INFO] [SCREENED] 'Untitled' -> DROPPED @ ontology_concepts (dropped_ontology_score: 0.00 < 0.65)
2026-08-13 09:51:27,452 [INFO] [SCREENED] 'Untitled' -> DROPPED @ ontology_concepts (dropped_ontology_score: 0.00 < 0.65)
2026-08-13 09:51:27,474 [INFO] [SCREENED] 'Untitled' -> DROPPED @ ontology_concepts (dropped_ontology_score: 0.00 < 0.65)
2026-08-13 09:51:27,505 [ERROR] Error processing article: name 'extract_target_ticker' is not defined
2026-08-13 09:51:27,516 [INFO] [SCREENED] 'Untitled' -> DROPPED @ ontology_concepts (dropped_ontology_score: 0.00 < 0.65)
2026-08-13 09:51:27,542 [INFO] [SCREENED] 'Untitled' -> DROPPED @ ontology_concepts (dropped_ontology_score: 0.00 < 0.65)
2026-08-13 09:51:27,571 [INFO] [SCREENED] 'Untitled' -> DROPPED @ ontology_concepts (dropped_ontology_score: 0.00 < 0.65)
2026-08-13 09:51:27,598 [ERROR] Error processing article: name 'extract_target_ticker' is not defined
2026-08-13 09:51:27,612 [INFO] [SCREENED] 'Untitled' -> DROPPED @ ontology_concepts (dropped_ontology_score: 0.00 < 0.65)
2026-08-13 09:51:27,640 [INFO] [SCREENED] 'Untitled' -> DROPPED @ ontology_concepts (dropped_ontology_score: 0.00 < 0.65)
2026-08-13 09:51:27,666 [ERROR] Error processing article: name 'extract_target_ticker' is not defined
2026-08-13 09:51:27,675 [INFO] [SCREENED] 'Untitled' -> DROPPED @ ontology_concepts (dropped_ontology_score: 0.00 < 0.65)
2026-08-13 09:51:27,700 [INFO] [SCREENED] 'Untitled' -> DROPPED @ ontology_concepts (dropped_ontology_score: 0.00 < 0.65)
2026-08-13 09:51:27,724 [INFO] [SCREENED] 'Untitled' -> DROPPED @ ontology_concepts (dropped_ontology_score: 0.00 < 0.65)
2026-08-13 09:51:27,748 [INFO] [SCREENED] 'Untitled' -> DROPPED @ ontology_concepts (dropped_ontology_score: 0.00 < 0.65)
2026-08-13 09:51:27,775 [ERROR] Error processing article: name 'extract_target_ticker' is not defined
2026-08-13 09:51:27,791 [INFO] [SCREENED] 'Untitled' -> DROPPED @ ontology_concepts (dropped_ontology_score: 0.00 < 0.65)
2026-08-13 09:51:27,821 [ERROR] Error processing article: name 'extract_target_ticker' is not defined
2026-08-13 09:51:27,834 [INFO] [SCREENED] 'Untitled' -> DROPPED @ ontology_concepts (dropped_ontology_score: 0.00 < 0.65)
2026-08-13 09:51:27,875 [INFO] [SCREENED] 'Untitled' -> DROPPED @ ontology_concepts (dropped_ontology_score: 0.00 < 0.65)
2026-08-13 09:51:27,917 [ERROR] Error processing article: name 'extract_target_ticker' is not defined
2026-08-13 09:51:27,941 [ERROR] Error processing article: name 'extract_target_ticker' is not defined
2026-08-13 09:51:27,958 [INFO] [SCREENED] 'Untitled' -> DROPPED @ ontology_concepts (dropped_ontology_score: 0.00 < 0.65)
2026-08-13 09:51:28,025 [INFO] [SCREENED] 'Untitled' -> DROPPED @ exclude_global_keywords (dropped_global_keyword: Form 4)
2026-08-13 09:51:28,059 [INFO] [SCREENED] 'Untitled' -> DROPPED @ ontology_concepts (dropped_ontology_score: 0.00 < 0.65)
2026-08-13 09:51:28,081 [INFO] [SCREENED] 'Untitled' -> DROPPED @ ontology_concepts (dropped_ontology_score: 0.00 < 0.65)
2026-08-13 09:51:28,107 [INFO] [SCREENED] 'Untitled' -> DROPPED @ ontology_concepts (dropped_ontology_score: 0.00 < 0.65)
2026-08-13 09:51:28,132 [INFO] [SCREENED] 'Untitled' -> DROPPED @ ontology_concepts (dropped_ontology_score: 0.00 < 0.65)
2026-08-13 09:51:28,164 [INFO] [SCREENED] 'Untitled' -> DROPPED @ ontology_concepts (dropped_ontology_score: 0.00 < 0.65)
2026-08-13 09:51:28,191 [ERROR] Error processing article: name 'extract_target_ticker' is not defined
2026-08-13 09:51:28,202 [INFO] [SCREENED] 'Untitled' -> DROPPED @ ontology_concepts (dropped_ontology_score: 0.00 < 0.65)
2026-08-13 09:51:28,227 [ERROR] Error processing article: name 'extract_target_ticker' is not defined
2026-08-13 09:51:28,239 [ERROR] Error processing article: name 'extract_target_ticker' is not defined
2026-08-13 09:51:28,254 [INFO] [SCREENED] 'Untitled' -> DROPPED @ ontology_concepts (dropped_ontology_score: 0.00 < 0.65)
2026-08-13 09:51:28,278 [INFO] [SCREENED] 'Untitled' -> DROPPED @ ontology_concepts (dropped_ontology_score: 0.00 < 0.65)
2026-08-13 09:51:28,313 [INFO] [SCREENED] 'Untitled' -> DROPPED @ ontology_concepts (dropped_ontology_score: 0.00 < 0.65)
2026-08-13 09:51:28,339 [ERROR] Error processing article: name 'extract_target_ticker' is not defined
2026-08-13 09:51:28,351 [INFO] [SCREENED] 'Untitled' -> DROPPED @ ontology_concepts (dropped_ontology_score: 0.00 < 0.65)
2026-08-13 09:51:28,383 [INFO] [SCREENED] 'Untitled' -> DROPPED @ ontology_concepts (dropped_ontology_score: 0.00 < 0.65)
2026-08-13 09:51:29,208 [CRITICAL] [AI CORE] Provider router exhausted all available keys.
2026-08-13 09:51:29,208 [INFO] [SCREENED] 'Untitled' -> DROPPED @ ai_confidence_gate (dropped_ai_confidence (scored 0.00 < 0.75))
2026-08-13 09:51:29,266 [INFO] [SCREENED] 'Untitled' -> DROPPED @ ontology_concepts (dropped_ontology_score: 0.00 < 0.65)
2026-08-13 09:51:29,299 [INFO] [SCREENED] 'Untitled' -> DROPPED @ ontology_concepts (dropped_ontology_score: 0.00 < 0.65)
2026-08-13 09:51:29,338 [ERROR] Error processing article: name 'extract_target_ticker' is not defined
2026-08-13 09:51:29,354 [ERROR] Error processing article: name 'extract_target_ticker' is not defined
2026-08-13 09:51:30,229 [CRITICAL] [AI CORE] Provider router exhausted all available keys.
2026-08-13 09:51:30,230 [INFO] [SCREENED] 'Untitled' -> DROPPED @ ai_confidence_gate (dropped_ai_confidence (scored 0.00 < 0.75))
2026-08-13 09:51:30,283 [ERROR] Error processing article: name 'extract_target_ticker' is not defined
2026-08-13 09:51:30,296 [ERROR] Error processing article: name 'extract_target_ticker' is not defined
2026-08-13 09:51:30,309 [INFO] [SCREENED] 'Untitled' -> DROPPED @ ontology_concepts (dropped_ontology_score: 0.00 < 0.65)
2026-08-13 09:51:30,337 [INFO] [SCREENED] 'Untitled' -> DROPPED @ ontology_concepts (dropped_ontology_score: 0.00 < 0.65)
2026-08-13 09:51:30,360 [INFO] [SCREENED] 'Untitled' -> DROPPED @ ontology_concepts (dropped_ontology_score: 0.00 < 0.65)
2026-08-13 09:51:31,278 [CRITICAL] [AI CORE] Provider router exhausted all available keys.
2026-08-13 09:51:31,278 [INFO] [SCREENED] 'Untitled' -> DROPPED @ ai_confidence_gate (dropped_ai_confidence (scored 0.00 < 0.75))
2026-08-13 09:51:31,336 [INFO] [SCREENED] 'Untitled' -> DROPPED @ ontology_concepts (dropped_ontology_score: 0.00 < 0.65)
2026-08-13 09:51:32,406 [CRITICAL] [AI CORE] Provider router exhausted all available keys.
2026-08-13 09:51:32,406 [INFO] [SCREENED] 'Untitled' -> DROPPED @ ai_confidence_gate (dropped_ai_confidence (scored 0.00 < 0.75))
2026-08-13 09:51:32,462 [INFO] [SCREENED] 'Untitled' -> DROPPED @ ontology_concepts (dropped_ontology_score: 0.00 < 0.65)
2026-08-13 09:51:32,490 [INFO] [SCREENED] 'Untitled' -> DROPPED @ ontology_concepts (dropped_ontology_score: 0.00 < 0.65)
2026-08-13 09:51:32,524 [INFO] [SCREENED] 'Untitled' -> DROPPED @ ontology_concepts (dropped_ontology_score: 0.00 < 0.65)
2026-08-13 09:51:32,553 [INFO] [SCREENED] 'Untitled' -> DROPPED @ ontology_concepts (dropped_ontology_score: 0.00 < 0.65)
2026-08-13 09:51:32,580 [ERROR] Error processing article: name 'extract_target_ticker' is not defined
2026-08-13 09:51:32,592 [INFO] [SCREENED] 'Untitled' -> DROPPED @ ontology_concepts (dropped_ontology_score: 0.00 < 0.65)
2026-08-13 09:51:32,619 [ERROR] Error processing article: name 'extract_target_ticker' is not defined
2026-08-13 09:51:32,632 [INFO] [SCREENED] 'Untitled' -> DROPPED @ ontology_concepts (dropped_ontology_score: 0.00 < 0.65)
2026-08-13 09:51:32,656 [INFO] [SCREENED] 'Untitled' -> DROPPED @ ontology_concepts (dropped_ontology_score: 0.00 < 0.65)
2026-08-13 09:51:32,683 [ERROR] Error processing article: name 'extract_target_ticker' is not defined
2026-08-13 09:51:32,695 [INFO] [SCREENED] 'Untitled' -> DROPPED @ ontology_concepts (dropped_ontology_score: 0.00 < 0.65)
2026-08-13 09:51:32,723 [INFO] [SCREENED] 'Untitled' -> DROPPED @ ontology_concepts (dropped_ontology_score: 0.00 < 0.65)
2026-08-13 09:51:32,750 [INFO] [SCREENED] 'Untitled' -> DROPPED @ ontology_concepts (dropped_ontology_score: 0.00 < 0.65)
2026-08-13 09:51:32,776 [INFO] [SCREENED] 'Untitled' -> DROPPED @ ontology_concepts (dropped_ontology_score: 0.00 < 0.65)
2026-08-13 09:51:32,806 [ERROR] Error processing article: name 'extract_target_ticker' is not defined
2026-08-13 09:51:32,834 [ERROR] Error processing article: name 'extract_target_ticker' is not defined
2026-08-13 09:51:32,850 [ERROR] Error processing article: name 'extract_target_ticker' is not defined
2026-08-13 09:51:32,861 [INFO] [SCREENED] 'Untitled' -> DROPPED @ ontology_concepts (dropped_ontology_score: 0.00 < 0.65)
2026-08-13 09:51:33,717 [CRITICAL] [AI CORE] Provider router exhausted all available keys.
2026-08-13 09:51:33,717 [INFO] [SCREENED] 'Untitled' -> DROPPED @ ai_confidence_gate (dropped_ai_confidence (scored 0.00 < 0.75))
2026-08-13 09:51:33,763 [ERROR] Error processing article: name 'extract_target_ticker' is not defined
2026-08-13 09:51:33,773 [INFO] [SCREENED] 'Untitled' -> DROPPED @ ontology_concepts (dropped_ontology_score: 0.00 < 0.65)
2026-08-13 09:51:34,578 [CRITICAL] [AI CORE] Provider router exhausted all available keys.
2026-08-13 09:51:34,579 [INFO] [SCREENED] 'Untitled' -> DROPPED @ ai_confidence_gate (dropped_ai_confidence (scored 0.00 < 0.75))
2026-08-13 09:51:34,626 [ERROR] Error processing article: name 'extract_target_ticker' is not defined
2026-08-13 09:51:34,639 [INFO] [SCREENED] 'Untitled' -> DROPPED @ ontology_concepts (dropped_ontology_score: 0.00 < 0.65)
2026-08-13 09:51:34,664 [INFO] [SCREENED] 'Untitled' -> DROPPED @ ontology_concepts (dropped_ontology_score: 0.00 < 0.65)
2026-08-13 09:51:34,689 [INFO] [SCREENED] 'Untitled' -> DROPPED @ ontology_concepts (dropped_ontology_score: 0.00 < 0.65)
2026-08-13 09:51:34,726 [INFO] [SCREENED] 'Untitled' -> DROPPED @ ontology_concepts (dropped_ontology_score: 0.00 < 0.65)
2026-08-13 09:51:35,554 [CRITICAL] [AI CORE] Provider router exhausted all available keys.
2026-08-13 09:51:35,554 [INFO] [SCREENED] 'Untitled' -> DROPPED @ ai_confidence_gate (dropped_ai_confidence (scored 0.00 < 0.75))
    [GlobeNewswire] Total unique articles fetched: 20
    [Reuters] Total unique articles fetched: 50
    [BW RSS] Global News: 6 unique articles
    [BW RSS] Global News: CHECKPOINT_NOT_REACHED — BACKFILL REQUIRED (Blocked by 403)
    [LSE.co.uk] Total unique articles fetched: 28
    [BW RSS] M&A: 28 unique articles
    [BW RSS] M&A: CHECKPOINT_NOT_REACHED — BACKFILL REQUIRED (Blocked by 403)
    [PR Newswire] Recovery Path: Checkpoint not in RSS, falling back to HTML backfill.
    [BW RSS] Earnings: 18 unique articles
    [BW RSS] Earnings: CHECKPOINT_NOT_REACHED — BACKFILL REQUIRED (Blocked by 403)
    [BW RSS] Technology: 4 unique articles
    [BW RSS] Technology: CHECKPOINT_NOT_REACHED — BACKFILL REQUIRED (Blocked by 403)
    [BW RSS] Healthcare: 26 unique articles
    [BW RSS] Healthcare: CHECKPOINT_NOT_REACHED — BACKFILL REQUIRED (Blocked by 403)
    [BW RSS] Financial Services: 21 unique articles
    [BW RSS] Financial Services: CHECKPOINT_NOT_REACHED — BACKFILL REQUIRED (Blocked by 403)
    [BW RSS] Regulatory: 7 unique articles
    [BW RSS] Regulatory: CHECKPOINT_NOT_REACHED — BACKFILL REQUIRED (Blocked by 403)
    [BW RSS] Total unique articles: 110
[LSE] Navigating to London Stock Exchange News Explorer...
[ERROR] Generic JSON Scraper failed for https://newsweb.oslobors.no/api/v1/announcements: Expecting value: line 1 column 1 (char 0)
[TSX SCRAPER] Polling Canadian exchange feeds...
[SEDAR+ SCRAPER] Polling Canadian regulatory filings...
[WARNING] ASX Scraper returned HTTP 404
    [ASX] Total unique articles fetched: 0
    [HKEX] Sleeping 3 seconds to respect rate limits...
[WARNING] HKEX Scraper returned HTTP 404
    [HKEX] Total unique articles fetched: 0
[LSE] API interception yielded no results. Parsing rendered DOM...
    [LSE] Total unique articles fetched: 0
    [PR Newswire] Total unique articles fetched: 2000
[TELEMETRY] Successfully pushed parsing metrics for 27 sources.
[ERROR] Failed to fetch 'AI Configs' after 3 attempts: APIError: [429]: Quota exceeded for quota metric 'Read requests' and limit 'Read requests per minute per user' of service 'sheets.googleapis.com' for consumer 'project_number:321503003852'.
[ERROR] Failed to fetch 'AI Prompts' after 3 attempts: APIError: [429]: Quota exceeded for quota metric 'Read requests' and limit 'Read requests per minute per user' of service 'sheets.googleapis.com' for consumer 'project_number:321503003852'.
[ERROR] Failed to fetch 'AI Configs' after 3 attempts: APIError: [429]: Quota exceeded for quota metric 'Read requests' and limit 'Read requests per minute per user' of service 'sheets.googleapis.com' for consumer 'project_number:321503003852'.
[ERROR] Failed to fetch 'AI Prompts' after 3 attempts: APIError: [429]: Quota exceeded for quota metric 'Read requests' and limit 'Read requests per minute per user' of service 'sheets.googleapis.com' for consumer 'project_number:321503003852'.
[ERROR] Failed to fetch 'AI Configs' after 3 attempts: APIError: [429]: Quota exceeded for quota metric 'Read requests' and limit 'Read requests per minute per user' of service 'sheets.googleapis.com' for consumer 'project_number:321503003852'.
[ERROR] Failed to fetch 'AI Prompts' after 3 attempts: APIError: [429]: Quota exceeded for quota metric 'Read requests' and limit 'Read requests per minute per user' of service 'sheets.googleapis.com' for consumer 'project_number:321503003852'.
[ERROR] Failed to fetch 'AI Configs' after 3 attempts: APIError: [429]: Quota exceeded for quota metric 'Read requests' and limit 'Read requests per minute per user' of service 'sheets.googleapis.com' for consumer 'project_number:321503003852'.
[ERROR] Failed to fetch 'AI Prompts' after 3 attempts: APIError: [429]: Quota exceeded for quota metric 'Read requests' and limit 'Read requests per minute per user' of service 'sheets.googleapis.com' for consumer 'project_number:321503003852'.
[ERROR] Failed to fetch 'AI Configs' after 3 attempts: APIError: [429]: Quota exceeded for quota metric 'Read requests' and limit 'Read requests per minute per user' of service 'sheets.googleapis.com' for consumer 'project_number:321503003852'.
[ERROR] Failed to fetch 'AI Prompts' after 3 attempts: APIError: [429]: Quota exceeded for quota metric 'Read requests' and limit 'Read requests per minute per user' of service 'sheets.googleapis.com' for consumer 'project_number:321503003852'.
[ERROR] Failed to fetch 'AI Prompts' after 3 attempts: APIError: [429]: Quota exceeded for quota metric 'Read requests' and limit 'Read requests per minute per user' of service 'sheets.googleapis.com' for consumer 'project_number:321503003852'.
[ERROR] Failed to fetch 'AI Configs' after 3 attempts: APIError: [429]: Quota exceeded for quota metric 'Read requests' and limit 'Read requests per minute per user' of service 'sheets.googleapis.com' for consumer 'project_number:321503003852'.
[ERROR] Failed to fetch 'AI Prompts' after 3 attempts: APIError: [429]: Quota exceeded for quota metric 'Read requests' and limit 'Read requests per minute per user' of service 'sheets.googleapis.com' for consumer 'project_number:321503003852'.
[ERROR] Failed to fetch 'AI Prompts' after 3 attempts: APIError: [429]: Quota exceeded for quota metric 'Read requests' and limit 'Read requests per minute per user' of service 'sheets.googleapis.com' for consumer 'project_number:321503003852'.
[ERROR] Failed to fetch 'AI Configs' after 3 attempts: APIError: [429]: Quota exceeded for quota metric 'Read requests' and limit 'Read requests per minute per user' of service 'sheets.googleapis.com' for consumer 'project_number:321503003852'.
[ERROR] Failed to fetch 'AI Prompts' after 3 attempts: APIError: [429]: Quota exceeded for quota metric 'Read requests' and limit 'Read requests per minute per user' of service 'sheets.googleapis.com' for consumer 'project_number:321503003852'.
[ERROR] Failed to fetch 'AI Configs' after 3 attempts: APIError: [429]: Quota exceeded for quota metric 'Read requests' and limit 'Read requests per minute per user' of service 'sheets.googleapis.com' for consumer 'project_number:321503003852'.
[ERROR] Failed to fetch 'AI Prompts' after 3 attempts: APIError: [429]: Quota exceeded for quota metric 'Read requests' and limit 'Read requests per minute per user' of service 'sheets.googleapis.com' for consumer 'project_number:321503003852'.
[ERROR] Failed to fetch 'AI Configs' after 3 attempts: APIError: [429]: Quota exceeded for quota metric 'Read requests' and limit 'Read requests per minute per user' of service 'sheets.googleapis.com' for consumer 'project_number:321503003852'.
[ERROR] Failed to fetch 'AI Prompts' after 3 attempts: APIError: [429]: Quota exceeded for quota metric 'Read requests' and limit 'Read requests per minute per user' of service 'sheets.googleapis.com' for consumer 'project_number:321503003852'.
[ERROR] Failed to fetch 'AI Prompts' after 3 attempts: APIError: [429]: Quota exceeded for quota metric 'Read requests' and limit 'Read requests per minute per user' of service 'sheets.googleapis.com' for consumer 'project_number:321503003852'.
[ERROR] Failed to fetch 'AI Configs' after 3 attempts: APIError: [429]: Quota exceeded for quota metric 'Read requests' and limit 'Read requests per minute per user' of service 'sheets.googleapis.com' for consumer 'project_number:321503003852'.
[ERROR] Failed to fetch 'AI Prompts' after 3 attempts: APIError: [429]: Quota exceeded for quota metric 'Read requests' and limit 'Read requests per minute per user' of service 'sheets.googleapis.com' for consumer 'project_number:321503003852'.
[ERROR] Failed to fetch 'AI Configs' after 3 attempts: APIError: [429]: Quota exceeded for quota metric 'Read requests' and limit 'Read requests per minute per user' of service 'sheets.googleapis.com' for consumer 'project_number:321503003852'.
[ERROR] Failed to fetch 'AI Prompts' after 3 attempts: APIError: [429]: Quota exceeded for quota metric 'Read requests' and limit 'Read requests per minute per user' of service 'sheets.googleapis.com' for consumer 'project_number:321503003852'.
[ERROR] Failed to fetch 'AI Configs' after 3 attempts: APIError: [429]: Quota exceeded for quota metric 'Read requests' and limit 'Read requests per minute per user' of service 'sheets.googleapis.com' for consumer 'project_number:321503003852'.2026-08-13 09:51:48,975 [CRITICAL] [AI CORE] Provider router exhausted all available keys.
2026-08-13 09:51:48,975 [INFO] [SCREENED] 'Untitled' -> DROPPED @ ai_confidence_gate (dropped_ai_confidence (scored 0.00 < 0.75))
2026-08-13 13:03:26,766 [CRITICAL] [AI CORE] Provider router exhausted all available keys.
2026-08-13 13:03:26,768 [INFO] [SCREENED] 'Untitled' -> DROPPED @ ai_confidence_gate (dropped_ai_confidence (scored 0.00 < 0.75))
2026-08-13 13:03:26,825 [INFO] [SCREENED] 'Untitled' -> DROPPED @ ontology_concepts (dropped_ontology_score: 0.00 < 0.65)
2026-08-13 13:03:26,862 [ERROR] Error processing article: name 'extract_target_ticker' is not defined
2026-08-13 13:03:28,411 [CRITICAL] [AI CORE] Provider router exhausted all available keys.
2026-08-13 13:03:28,411 [INFO] [SCREENED] 'Untitled' -> DROPPED @ ai_confidence_gate (dropped_ai_confidence (scored 0.00 < 0.75))
2026-08-13 13:03:28,471 [INFO] [SCREENED] 'Untitled' -> DROPPED @ ontology_concepts (dropped_ontology_score: 0.00 < 0.65)
2026-08-13 13:03:28,498 [INFO] [SCREENED] 'Untitled' -> DROPPED @ ontology_concepts (dropped_ontology_score: 0.00 < 0.65)
2026-08-13 13:03:28,522 [INFO] [SCREENED] 'Untitled' -> DROPPED @ ontology_concepts (dropped_ontology_score: 0.00 < 0.65)
2026-08-13 13:03:28,548 [INFO] [SCREENED] 'Untitled' -> DROPPED @ ontology_concepts (dropped_ontology_score: 0.00 < 0.65)
2026-08-13 13:03:28,587 [ERROR] Error processing article: name 'extract_target_ticker' is not defined
2026-08-13 13:03:28,601 [INFO] [SCREENED] 'Untitled' -> DROPPED @ ontology_concepts (dropped_ontology_score: 0.00 < 0.65)
2026-08-13 13:03:28,637 [ERROR] Error processing article: name 'extract_target_ticker' is not defined
2026-08-13 13:03:28,652 [INFO] [SCREENED] 'Untitled' -> DROPPED @ ontology_concepts (dropped_ontology_score: 0.00 < 0.65)
2026-08-13 13:03:28,679 [INFO] [SCREENED] 'Untitled' -> DROPPED @ ontology_concepts (dropped_ontology_score: 0.00 < 0.65)
2026-08-13 13:03:31,067 [CRITICAL] [AI CORE] Provider router exhausted all available keys.
2026-08-13 13:03:31,067 [INFO] [SCREENED] 'Untitled' -> DROPPED @ ai_confidence_gate (dropped_ai_confidence (scored 0.00 < 0.75))
2026-08-13 13:03:31,130 [INFO] [SCREENED] 'Untitled' -> DROPPED @ ontology_concepts (dropped_ontology_score: 0.00 < 0.65)
2026-08-13 13:03:31,179 [INFO] [SCREENED] 'Untitled' -> DROPPED @ ontology_concepts (dropped_ontology_score: 0.00 < 0.65)
2026-08-13 13:03:31,208 [ERROR] Error processing article: name 'extract_target_ticker' is not defined
2026-08-13 13:03:33,026 [CRITICAL] [AI CORE] Provider router exhausted all available keys.
2026-08-13 13:03:33,026 [INFO] [SCREENED] 'Untitled' -> DROPPED @ ai_confidence_gate (dropped_ai_confidence (scored 0.00 < 0.75))
2026-08-13 13:03:33,076 [INFO] [SCREENED] 'Untitled' -> DROPPED @ ontology_concepts (dropped_ontology_score: 0.00 < 0.65)
2026-08-13 13:03:33,105 [INFO] [SCREENED] 'Untitled' -> DROPPED @ ontology_concepts (dropped_ontology_score: 0.00 < 0.65)
2026-08-13 13:03:33,137 [ERROR] Error processing article: name 'extract_target_ticker' is not defined
2026-08-13 13:03:33,145 [INFO] [SCREENED] 'Untitled' -> DROPPED @ ontology_concepts (dropped_ontology_score: 0.00 < 0.65)
2026-08-13 13:03:33,178 [INFO] [SCREENED] 'Untitled' -> DROPPED @ ontology_concepts (dropped_ontology_score: 0.00 < 0.65)
2026-08-13 13:03:33,211 [ERROR] Error processing article: name 'extract_target_ticker' is not defined
2026-08-13 13:03:33,225 [INFO] [SCREENED] 'Untitled' -> DROPPED @ ontology_concepts (dropped_ontology_score: 0.00 < 0.65)
2026-08-13 13:03:33,254 [INFO] [SCREENED] 'Untitled' -> DROPPED @ ontology_concepts (dropped_ontology_score: 0.00 < 0.65)
2026-08-13 13:03:33,292 [ERROR] Error processing article: name 'extract_target_ticker' is not defined
2026-08-13 13:03:33,307 [INFO] [SCREENED] 'Untitled' -> DROPPED @ ontology_concepts (dropped_ontology_score: 0.00 < 0.65)
2026-08-13 13:03:33,333 [INFO] [SCREENED] 'Untitled' -> DROPPED @ ontology_concepts (dropped_ontology_score: 0.00 < 0.65)
2026-08-13 13:03:33,368 [INFO] [SCREENED] 'Untitled' -> DROPPED @ ontology_concepts (dropped_ontology_score: 0.00 < 0.65)
2026-08-13 13:03:33,421 [INFO] [SCREENED] 'Untitled' -> DROPPED @ ontology_concepts (dropped_ontology_score: 0.00 < 0.65)
2026-08-13 13:03:33,454 [ERROR] Error processing article: name 'extract_target_ticker' is not defined
2026-08-13 13:03:33,466 [INFO] [SCREENED] 'Untitled' -> DROPPED @ ontology_concepts (dropped_ontology_score: 0.00 < 0.65)
2026-08-13 13:03:33,509 [INFO] [SCREENED] 'Untitled' -> DROPPED @ ontology_concepts (dropped_ontology_score: 0.00 < 0.65)
2026-08-13 13:03:33,539 [ERROR] Error processing article: name 'extract_target_ticker' is not defined
2026-08-13 13:03:33,553 [INFO] [SCREENED] 'Untitled' -> DROPPED @ ontology_concepts (dropped_ontology_score: 0.00 < 0.65)
2026-08-13 13:03:33,587 [INFO] [SCREENED] 'Untitled' -> DROPPED @ ontology_concepts (dropped_ontology_score: 0.00 < 0.65)
2026-08-13 13:03:33,617 [ERROR] Error processing article: name 'extract_target_ticker' is not defined
2026-08-13 13:03:33,629 [INFO] [SCREENED] 'Untitled' -> DROPPED @ ontology_concepts (dropped_ontology_score: 0.00 < 0.65)
2026-08-13 13:03:33,661 [INFO] [SCREENED] 'Untitled' -> DROPPED @ ontology_concepts (dropped_ontology_score: 0.00 < 0.65)
2026-08-13 13:03:33,689 [INFO] [SCREENED] 'Untitled' -> DROPPED @ ontology_concepts (dropped_ontology_score: 0.00 < 0.65)
2026-08-13 13:03:33,718 [ERROR] Error processing article: name 'extract_target_ticker' is not defined
2026-08-13 13:03:33,731 [ERROR] Error processing article: name 'extract_target_ticker' is not defined
2026-08-13 13:03:33,743 [INFO] [SCREENED] 'Untitled' -> DROPPED @ ontology_concepts (dropped_ontology_score: 0.00 < 0.65)
2026-08-13 13:03:33,771 [INFO] [SCREENED] 'Untitled' -> DROPPED @ ontology_concepts (dropped_ontology_score: 0.00 < 0.65)
2026-08-13 13:03:33,798 [INFO] [SCREENED] 'Untitled' -> DROPPED @ ontology_concepts (dropped_ontology_score: 0.00 < 0.65)
2026-08-13 13:03:33,829 [ERROR] Error processing article: name 'extract_target_ticker' is not defined
2026-08-13 13:03:33,842 [INFO] [SCREENED] 'Untitled' -> DROPPED @ ontology_concepts (dropped_ontology_score: 0.00 < 0.65)
2026-08-13 13:03:33,870 [ERROR] Error processing article: name 'extract_target_ticker' is not defined
2026-08-13 13:03:33,883 [INFO] [SCREENED] 'Untitled' -> DROPPED @ ontology_concepts (dropped_ontology_score: 0.00 < 0.65)
2026-08-13 13:03:33,920 [INFO] [SCREENED] 'Untitled' -> DROPPED @ ontology_concepts (dropped_ontology_score: 0.00 < 0.65)
2026-08-13 13:03:33,949 [INFO] [SCREENED] 'Untitled' -> DROPPED @ ontology_concepts (dropped_ontology_score: 0.00 < 0.65)
2026-08-13 13:03:33,988 [INFO] [SCREENED] 'Untitled' -> DROPPED @ ontology_concepts (dropped_ontology_score: 0.00 < 0.65)
2026-08-13 13:03:34,021 [INFO] [SCREENED] 'Untitled' -> DROPPED @ ontology_concepts (dropped_ontology_score: 0.00 < 0.65)
2026-08-13 13:03:34,048 [INFO] [SCREENED] 'Untitled' -> DROPPED @ ontology_concepts (dropped_ontology_score: 0.00 < 0.65)
2026-08-13 13:03:34,074 [ERROR] Error processing article: name 'extract_target_ticker' is not defined
2026-08-13 13:03:34,088 [INFO] [SCREENED] 'Untitled' -> DROPPED @ ontology_concepts (dropped_ontology_score: 0.00 < 0.65)
2026-08-13 13:03:34,116 [INFO] [SCREENED] 'Untitled' -> DROPPED @ ontology_concepts (dropped_ontology_score: 0.00 < 0.65)
2026-08-13 13:03:34,147 [INFO] [SCREENED] 'Untitled' -> DROPPED @ ontology_concepts (dropped_ontology_score: 0.00 < 0.65)
2026-08-13 13:03:34,175 [INFO] [SCREENED] 'Untitled' -> DROPPED @ ontology_concepts (dropped_ontology_score: 0.00 < 0.65)
2026-08-13 13:03:34,234 [ERROR] Error processing article: name 'extract_target_ticker' is not defined
2026-08-13 13:03:34,245 [INFO] [SCREENED] 'Untitled' -> DROPPED @ ontology_concepts (dropped_ontology_score: 0.00 < 0.65)
2026-08-13 13:03:34,305 [ERROR] Error processing article: name 'extract_target_ticker' is not defined
2026-08-13 13:03:34,325 [INFO] [SCREENED] 'Untitled' -> DROPPED @ ontology_concepts (dropped_ontology_score: 0.00 < 0.65)
2026-08-13 13:03:34,364 [INFO] [SCREENED] 'Untitled' -> DROPPED @ ontology_concepts (dropped_ontology_score: 0.00 < 0.65)
2026-08-13 13:03:34,389 [ERROR] Error processing article: name 'extract_target_ticker' is not defined
2026-08-13 13:03:34,404 [INFO] [SCREENED] 'Untitled' -> DROPPED @ ontology_concepts (dropped_ontology_score: 0.00 < 0.65)
2026-08-13 13:03:34,430 [INFO] [SCREENED] 'Untitled' -> DROPPED @ ontology_concepts (dropped_ontology_score: 0.00 < 0.65)
2026-08-13 13:03:34,459 [INFO] [SCREENED] 'Untitled' -> DROPPED @ ontology_concepts (dropped_ontology_score: 0.00 < 0.65)
2026-08-13 13:03:34,486 [INFO] [SCREENED] 'Untitled' -> DROPPED @ ontology_concepts (dropped_ontology_score: 0.00 < 0.65)
2026-08-13 13:03:34,512 [INFO] [SCREENED] 'Untitled' -> DROPPED @ ontology_concepts (dropped_ontology_score: 0.00 < 0.65)
2026-08-13 13:03:34,545 [INFO] [SCREENED] 'Untitled' -> DROPPED @ ontology_concepts (dropped_ontology_score: 0.00 < 0.65)
2026-08-13 13:03:34,577 [INFO] [SCREENED] 'Untitled' -> DROPPED @ ontology_concepts (dropped_ontology_score: 0.00 < 0.65)
2026-08-13 13:03:34,609 [ERROR] Error processing article: name 'extract_target_ticker' is not defined
2026-08-13 13:03:34,622 [INFO] [SCREENED] 'Untitled' -> DROPPED @ ontology_concepts (dropped_ontology_score: 0.00 < 0.65)
2026-08-13 13:03:34,659 [ERROR] Error processing article: name 'extract_target_ticker' is not defined
2026-08-13 13:03:34,674 [INFO] [SCREENED] 'Untitled' -> DROPPED @ ontology_concepts (dropped_ontology_score: 0.00 < 0.65)
2026-08-13 13:03:34,708 [INFO] [SCREENED] 'Untitled' -> DROPPED @ ontology_concepts (dropped_ontology_score: 0.00 < 0.65)
2026-08-13 13:03:34,736 [INFO] [SCREENED] 'Untitled' -> DROPPED @ ontology_concepts (dropped_ontology_score: 0.00 < 0.65)
2026-08-13 13:03:34,763 [INFO] [SCREENED] 'Untitled' -> DROPPED @ ontology_concepts (dropped_ontology_score: 0.00 < 0.65)
2026-08-13 13:03:34,790 [INFO] [SCREENED] 'Untitled' -> DROPPED @ ontology_concepts (dropped_ontology_score: 0.00 < 0.65)
2026-08-13 13:03:34,886 [ERROR] Error processing article: name 'extract_target_ticker' is not defined
2026-08-13 13:03:34,900 [INFO] [SCREENED] 'Untitled' -> DROPPED @ ontology_concepts (dropped_ontology_score: 0.00 < 0.65)
2026-08-13 13:03:34,932 [INFO] [SCREENED] 'Untitled' -> DROPPED @ ontology_concepts (dropped_ontology_score: 0.00 < 0.65)
2026-08-13 13:03:34,961 [INFO] [SCREENED] 'Untitled' -> DROPPED @ ontology_concepts (dropped_ontology_score: 0.00 < 0.65)
2026-08-13 13:03:34,996 [INFO] [SCREENED] 'Untitled' -> DROPPED @ ontology_concepts (dropped_ontology_score: 0.00 < 0.65)
2026-08-13 13:03:35,022 [INFO] [SCREENED] 'Untitled' -> DROPPED @ ontology_concepts (dropped_ontology_score: 0.00 < 0.65)
2026-08-13 13:03:35,050 [INFO] [SCREENED] 'Untitled' -> DROPPED @ ontology_concepts (dropped_ontology_score: 0.00 < 0.65)
2026-08-13 13:03:35,075 [INFO] [SCREENED] 'Untitled' -> DROPPED @ ontology_concepts (dropped_ontology_score: 0.00 < 0.65)
2026-08-13 13:03:35,105 [INFO] [SCREENED] 'Untitled' -> DROPPED @ ontology_concepts (dropped_ontology_score: 0.00 < 0.65)
2026-08-13 13:03:35,139 [INFO] [SCREENED] 'Untitled' -> DROPPED @ ontology_concepts (dropped_ontology_score: 0.00 < 0.65)
2026-08-13 13:03:35,171 [ERROR] Error processing article: name 'extract_target_ticker' is not defined
2026-08-13 13:03:35,186 [INFO] [SCREENED] 'Untitled' -> DROPPED @ ontology_concepts (dropped_ontology_score: 0.00 < 0.65)
2026-08-13 13:03:35,215 [ERROR] Error processing article: name 'extract_target_ticker' is not defined
2026-08-13 13:03:35,225 [INFO] [SCREENED] 'Untitled' -> DROPPED @ ontology_concepts (dropped_ontology_score: 0.00 < 0.65)
2026-08-13 13:03:35,259 [INFO] [SCREENED] 'Untitled' -> DROPPED @ ontology_concepts (dropped_ontology_score: 0.00 < 0.65)
2026-08-13 13:03:35,288 [INFO] [SCREENED] 'Untitled' -> DROPPED @ ontology_concepts (dropped_ontology_score: 0.00 < 0.65)
2026-08-13 13:03:35,315 [INFO] [SCREENED] 'Untitled' -> DROPPED @ ontology_concepts (dropped_ontology_score: 0.00 < 0.65)
2026-08-13 13:03:35,344 [INFO] [SCREENED] 'Untitled' -> DROPPED @ ontology_concepts (dropped_ontology_score: 0.00 < 0.65)
2026-08-13 13:03:35,370 [INFO] [SCREENED] 'Untitled' -> DROPPED @ ontology_concepts (dropped_ontology_score: 0.00 < 0.65)
2026-08-13 13:03:35,397 [INFO] [SCREENED] 'Untitled' -> DROPPED @ ontology_concepts (dropped_ontology_score: 0.00 < 0.65)
2026-08-13 13:03:35,426 [INFO] [SCREENED] 'Untitled' -> DROPPED @ ontology_concepts (dropped_ontology_score: 0.00 < 0.65)
2026-08-13 13:03:35,456 [ERROR] Error processing article: name 'extract_target_ticker' is not defined
2026-08-13 13:03:35,467 [INFO] [SCREENED] 'Untitled' -> DROPPED @ ontology_concepts (dropped_ontology_score: 0.00 < 0.65)
2026-08-13 13:03:35,502 [INFO] [SCREENED] 'Untitled' -> DROPPED @ ontology_concepts (dropped_ontology_score: 0.00 < 0.65)
2026-08-13 13:03:35,531 [INFO] [SCREENED] 'Untitled' -> DROPPED @ ontology_concepts (dropped_ontology_score: 0.00 < 0.65)
2026-08-13 13:03:35,567 [INFO] [SCREENED] 'Untitled' -> DROPPED @ ontology_concepts (dropped_ontology_score: 0.00 < 0.65)
2026-08-13 13:03:35,630 [INFO] [SCREENED] 'Untitled' -> DROPPED @ ontology_concepts (dropped_ontology_score: 0.00 < 0.65)
2026-08-13 13:03:35,651 [INFO] [SCREENED] 'Untitled' -> DROPPED @ ontology_concepts (dropped_ontology_score: 0.00 < 0.65)
2026-08-13 13:03:35,672 [INFO] [SCREENED] 'Untitled' -> DROPPED @ ontology_concepts (dropped_ontology_score: 0.00 < 0.65)
2026-08-13 13:03:35,700 [INFO] [SCREENED] 'Untitled' -> DROPPED @ ontology_concepts (dropped_ontology_score: 0.00 < 0.65)
2026-08-13 13:03:35,722 [INFO] [SCREENED] 'Untitled' -> DROPPED @ ontology_concepts (dropped_ontology_score: 0.00 < 0.65)
2026-08-13 13:03:35,743 [INFO] [SCREENED] 'Untitled' -> DROPPED @ ontology_concepts (dropped_ontology_score: 0.00 < 0.65)
2026-08-13 13:03:35,768 [INFO] [SCREENED] 'Untitled' -> DROPPED @ ontology_concepts (dropped_ontology_score: 0.00 < 0.65)
2026-08-13 13:03:35,791 [INFO] [SCREENED] 'Untitled' -> DROPPED @ ontology_concepts (dropped_ontology_score: 0.00 < 0.65)
2026-08-13 13:03:35,814 [INFO] [SCREENED] 'Untitled' -> DROPPED @ ontology_concepts (dropped_ontology_score: 0.00 < 0.65)
2026-08-13 13:03:35,839 [ERROR] Error processing article: name 'extract_target_ticker' is not defined
2026-08-13 13:03:38,231 [CRITICAL] [AI CORE] Provider router exhausted all available keys.
2026-08-13 13:03:38,232 [INFO] [SCREENED] 'Untitled' -> DROPPED @ ai_confidence_gate (dropped_ai_confidence (scored 0.00 < 0.75))
2026-08-13 13:03:38,299 [INFO] [SCREENED] 'Untitled' -> DROPPED @ ontology_concepts (dropped_ontology_score: 0.00 < 0.65)
2026-08-13 13:03:38,348 [INFO] [SCREENED] 'Untitled' -> DROPPED @ ontology_concepts (dropped_ontology_score: 0.00 < 0.65)
2026-08-13 13:03:38,378 [ERROR] Error processing article: name 'extract_target_ticker' is not defined
2026-08-13 13:03:38,392 [ERROR] Error processing article: name 'extract_target_ticker' is not defined
2026-08-13 13:03:38,409 [INFO] [SCREENED] 'Untitled' -> DROPPED @ ontology_concepts (dropped_ontology_score: 0.00 < 0.65)
2026-08-13 13:03:38,447 [INFO] [SCREENED] 'Untitled' -> DROPPED @ ontology_concepts (dropped_ontology_score: 0.00 < 0.65)
2026-08-13 13:03:38,476 [INFO] [SCREENED] 'Untitled' -> DROPPED @ ontology_concepts (dropped_ontology_score: 0.00 < 0.65)
2026-08-13 13:03:38,505 [INFO] [SCREENED] 'Untitled' -> DROPPED @ ontology_concepts (dropped_ontology_score: 0.00 < 0.65)
2026-08-13 13:03:38,535 [INFO] [SCREENED] 'Untitled' -> DROPPED @ ontology_concepts (dropped_ontology_score: 0.00 < 0.65)
2026-08-13 13:03:38,565 [INFO] [SCREENED] 'Untitled' -> DROPPED @ ontology_concepts (dropped_ontology_score: 0.00 < 0.65)
2026-08-13 13:03:38,597 [INFO] [SCREENED] 'Untitled' -> DROPPED @ ontology_concepts (dropped_ontology_score: 0.00 < 0.65)
2026-08-13 13:03:38,625 [ERROR] Error processing article: name 'extract_target_ticker' is not defined
2026-08-13 13:03:38,638 [ERROR] Error processing article: name 'extract_target_ticker' is not defined
2026-08-13 13:03:38,650 [INFO] [SCREENED] 'Untitled' -> DROPPED @ ontology_concepts (dropped_ontology_score: 0.00 < 0.65)
2026-08-13 13:03:38,676 [INFO] [SCREENED] 'Untitled' -> DROPPED @ ontology_concepts (dropped_ontology_score: 0.00 < 0.65)
2026-08-13 13:03:38,707 [INFO] [SCREENED] 'Untitled' -> DROPPED @ ontology_concepts (dropped_ontology_score: 0.00 < 0.65)
2026-08-13 13:03:38,736 [INFO] [SCREENED] 'Untitled' -> DROPPED @ ontology_concepts (dropped_ontology_score: 0.00 < 0.65)
2026-08-13 13:03:38,760 [INFO] [SCREENED] 'Untitled' -> DROPPED @ ontology_concepts (dropped_ontology_score: 0.00 < 0.65)
2026-08-13 13:03:38,787 [INFO] [SCREENED] 'Untitled' -> DROPPED @ ontology_concepts (dropped_ontology_score: 0.00 < 0.65)
2026-08-13 13:03:38,812 [INFO] [SCREENED] 'Untitled' -> DROPPED @ ontology_concepts (dropped_ontology_score: 0.00 < 0.65)
2026-08-13 13:03:38,837 [INFO] [SCREENED] 'Untitled' -> DROPPED @ ontology_concepts (dropped_ontology_score: 0.00 < 0.65)
2026-08-13 13:03:38,867 [INFO] [SCREENED] 'Untitled' -> DROPPED @ ontology_concepts (dropped_ontology_score: 0.00 < 0.65)
2026-08-13 13:03:38,893 [INFO] [SCREENED] 'Untitled' -> DROPPED @ ontology_concepts (dropped_ontology_score: 0.00 < 0.65)
2026-08-13 13:03:38,923 [INFO] [SCREENED] 'Untitled' -> DROPPED @ ontology_concepts (dropped_ontology_score: 0.00 < 0.65)
2026-08-13 13:03:38,960 [INFO] [SCREENED] 'Untitled' -> DROPPED @ ontology_concepts (dropped_ontology_score: 0.00 < 0.65)
2026-08-13 13:03:39,002 [INFO] [SCREENED] 'Untitled' -> DROPPED @ ontology_concepts (dropped_ontology_score: 0.00 < 0.65)
2026-08-13 13:03:39,036 [INFO] [SCREENED] 'Untitled' -> DROPPED @ ontology_concepts (dropped_ontology_score: 0.00 < 0.65)
2026-08-13 13:03:39,068 [INFO] [SCREENED] 'Untitled' -> DROPPED @ ontology_concepts (dropped_ontology_score: 0.00 < 0.65)
2026-08-13 13:03:39,097 [INFO] [SCREENED] 'Untitled' -> DROPPED @ ontology_concepts (dropped_ontology_score: 0.00 < 0.65)
2026-08-13 13:03:39,122 [INFO] [SCREENED] 'Untitled' -> DROPPED @ ontology_concepts (dropped_ontology_score: 0.00 < 0.65)
2026-08-13 13:03:39,152 [INFO] [SCREENED] 'Untitled' -> DROPPED @ ontology_concepts (dropped_ontology_score: 0.00 < 0.65)
2026-08-13 13:03:39,184 [INFO] [SCREENED] 'Untitled' -> DROPPED @ ontology_concepts (dropped_ontology_score: 0.00 < 0.65)
2026-08-13 13:03:39,227 [INFO] [SCREENED] 'Untitled' -> DROPPED @ ontology_concepts (dropped_ontology_score: 0.00 < 0.65)
2026-08-13 13:03:39,257 [INFO] [SCREENED] 'Untitled' -> DROPPED @ ontology_concepts (dropped_ontology_score: 0.00 < 0.65)
2026-08-13 13:03:39,285 [ERROR] Error processing article: name 'extract_target_ticker' is not defined
2026-08-13 13:03:39,299 [ERROR] Error processing article: name 'extract_target_ticker' is not defined
2026-08-13 13:03:39,311 [INFO] [SCREENED] 'Untitled' -> DROPPED @ ontology_concepts (dropped_ontology_score: 0.00 < 0.65)
2026-08-13 13:03:39,361 [INFO] [SCREENED] 'Untitled' -> DROPPED @ ontology_concepts (dropped_ontology_score: 0.00 < 0.65)
2026-08-13 13:03:39,386 [INFO] [SCREENED] 'Untitled' -> DROPPED @ ontology_concepts (dropped_ontology_score: 0.00 < 0.65)
2026-08-13 13:03:39,412 [INFO] [SCREENED] 'Untitled' -> DROPPED @ ontology_concepts (dropped_ontology_score: 0.00 < 0.65)
2026-08-13 13:03:39,440 [ERROR] Error processing article: name 'extract_target_ticker' is not defined
2026-08-13 13:03:39,453 [ERROR] Error processing article: name 'extract_target_ticker' is not defined
2026-08-13 13:03:39,466 [INFO] [SCREENED] 'Untitled' -> DROPPED @ ontology_concepts (dropped_ontology_score: 0.00 < 0.65)
2026-08-13 13:03:39,489 [INFO] [SCREENED] 'Untitled' -> DROPPED @ ontology_concepts (dropped_ontology_score: 0.00 < 0.65)
2026-08-13 13:03:39,528 [INFO] [SCREENED] 'Untitled' -> DROPPED @ ontology_concepts (dropped_ontology_score: 0.00 < 0.65)
2026-08-13 13:03:39,553 [INFO] [SCREENED] 'Untitled' -> DROPPED @ ontology_concepts (dropped_ontology_score: 0.00 < 0.65)
2026-08-13 13:03:39,577 [INFO] [SCREENED] 'Untitled' -> DROPPED @ ontology_concepts (dropped_ontology_score: 0.00 < 0.65)
2026-08-13 13:03:39,605 [INFO] [SCREENED] 'Untitled' -> DROPPED @ ontology_concepts (dropped_ontology_score: 0.00 < 0.65)
2026-08-13 13:03:39,633 [INFO] [SCREENED] 'Untitled' -> DROPPED @ ontology_concepts (dropped_ontology_score: 0.00 < 0.65)
2026-08-13 13:03:39,668 [ERROR] Error processing article: name 'extract_target_ticker' is not defined
2026-08-13 13:03:39,681 [INFO] [SCREENED] 'Untitled' -> DROPPED @ ontology_concepts (dropped_ontology_score: 0.00 < 0.65)
2026-08-13 13:03:39,710 [INFO] [SCREENED] 'Untitled' -> DROPPED @ ontology_concepts (dropped_ontology_score: 0.00 < 0.65)
2026-08-13 13:03:39,739 [INFO] [SCREENED] 'Untitled' -> DROPPED @ ontology_concepts (dropped_ontology_score: 0.00 < 0.65)
2026-08-13 13:03:39,776 [INFO] [SCREENED] 'Untitled' -> DROPPED @ ontology_concepts (dropped_ontology_score: 0.00 < 0.65)
2026-08-13 13:03:39,810 [INFO] [SCREENED] 'Untitled' -> DROPPED @ ontology_concepts (dropped_ontology_score: 0.00 < 0.65)
2026-08-13 13:03:39,839 [INFO] [SCREENED] 'Untitled' -> DROPPED @ ontology_concepts (dropped_ontology_score: 0.00 < 0.65)
2026-08-13 13:03:39,875 [INFO] [SCREENED] 'Untitled' -> DROPPED @ ontology_concepts (dropped_ontology_score: 0.00 < 0.65)
2026-08-13 13:03:39,899 [ERROR] Error processing article: name 'extract_target_ticker' is not defined
2026-08-13 13:03:39,912 [INFO] [SCREENED] 'Untitled' -> DROPPED @ ontology_concepts (dropped_ontology_score: 0.00 < 0.65)
2026-08-13 13:03:39,936 [INFO] [SCREENED] 'Untitled' -> DROPPED @ ontology_concepts (dropped_ontology_score: 0.00 < 0.65)
2026-08-13 13:03:39,963 [ERROR] Error processing article: name 'extract_target_ticker' is not defined
2026-08-13 13:03:39,978 [INFO] [SCREENED] 'Untitled' -> DROPPED @ ontology_concepts (dropped_ontology_score: 0.00 < 0.65)
2026-08-13 13:03:40,013 [INFO] [SCREENED] 'Untitled' -> DROPPED @ ontology_concepts (dropped_ontology_score: 0.00 < 0.65)
2026-08-13 13:03:40,041 [INFO] [SCREENED] 'Untitled' -> DROPPED @ ontology_concepts (dropped_ontology_score: 0.00 < 0.65)
2026-08-13 13:03:40,070 [INFO] [SCREENED] 'Untitled' -> DROPPED @ ontology_concepts (dropped_ontology_score: 0.00 < 0.65)
2026-08-13 13:03:40,098 [INFO] [SCREENED] 'Untitled' -> DROPPED @ ontology_concepts (dropped_ontology_score: 0.00 < 0.65)
2026-08-13 13:03:40,125 [INFO] [SCREENED] 'Untitled' -> DROPPED @ ontology_concepts (dropped_ontology_score: 0.00 < 0.65)
2026-08-13 13:03:40,157 [INFO] [SCREENED] 'Untitled' -> DROPPED @ ontology_concepts (dropped_ontology_score: 0.00 < 0.65)
2026-08-13 13:03:40,987 [CRITICAL] [AI CORE] Provider router exhausted all available keys.
2026-08-13 13:03:40,987 [INFO] [SCREENED] 'Untitled' -> DROPPED @ ai_confidence_gate (dropped_ai_confidence (scored 0.00 < 0.75))
2026-08-13 13:03:41,047 [INFO] [SCREENED] 'Untitled' -> DROPPED @ ontology_concepts (dropped_ontology_score: 0.00 < 0.65)
2026-08-13 13:03:41,088 [INFO] [SCREENED] 'Untitled' -> DROPPED @ ontology_concepts (dropped_ontology_score: 0.00 < 0.65)
2026-08-13 13:03:41,116 [INFO] [SCREENED] 'Untitled' -> DROPPED @ ontology_concepts (dropped_ontology_score: 0.00 < 0.65)
2026-08-13 13:03:41,145 [INFO] [SCREENED] 'Untitled' -> DROPPED @ ontology_concepts (dropped_ontology_score: 0.00 < 0.65)
2026-08-13 13:03:41,176 [INFO] [SCREENED] 'Untitled' -> DROPPED @ ontology_concepts (dropped_ontology_score: 0.00 < 0.65)
2026-08-13 13:03:41,201 [ERROR] Error processing article: name 'extract_target_ticker' is not defined
2026-08-13 13:03:41,214 [INFO] [SCREENED] 'Untitled' -> DROPPED @ ontology_concepts (dropped_ontology_score: 0.00 < 0.65)
2026-08-13 13:03:41,245 [ERROR] Error processing article: name 'extract_target_ticker' is not defined
2026-08-13 13:03:41,260 [ERROR] Error processing article: name 'extract_target_ticker' is not defined
2026-08-13 13:03:41,271 [INFO] [SCREENED] 'Untitled' -> DROPPED @ ontology_concepts (dropped_ontology_score: 0.00 < 0.65)
2026-08-13 13:03:41,316 [INFO] [SCREENED] 'Untitled' -> DROPPED @ ontology_concepts (dropped_ontology_score: 0.00 < 0.65)
2026-08-13 13:03:44,639 [CRITICAL] [AI CORE] Provider router exhausted all available keys.
2026-08-13 13:03:44,639 [INFO] [SCREENED] 'Untitled' -> DROPPED @ ai_confidence_gate (dropped_ai_confidence (scored 0.00 < 0.75))
2026-08-13 13:03:44,703 [ERROR] Error processing article: name 'extract_target_ticker' is not defined
2026-08-13 13:03:44,721 [INFO] [SCREENED] 'Untitled' -> DROPPED @ ontology_concepts (dropped_ontology_score: 0.00 < 0.65)
2026-08-13 13:03:44,751 [INFO] [SCREENED] 'Untitled' -> DROPPED @ ontology_concepts (dropped_ontology_score: 0.00 < 0.65)
2026-08-13 13:03:44,787 [INFO] [SCREENED] 'Untitled' -> DROPPED @ ontology_concepts (dropped_ontology_score: 0.00 < 0.65)
2026-08-13 13:03:44,820 [ERROR] Error processing article: name 'extract_target_ticker' is not defined
2026-08-13 13:03:44,829 [INFO] [SCREENED] 'Untitled' -> DROPPED @ ontology_concepts (dropped_ontology_score: 0.00 < 0.65)
2026-08-13 13:03:44,854 [ERROR] Error processing article: name 'extract_target_ticker' is not defined
2026-08-13 13:03:44,865 [INFO] [SCREENED] 'Untitled' -> DROPPED @ ontology_concepts (dropped_ontology_score: 0.00 < 0.65)
2026-08-13 13:03:44,893 [ERROR] Error processing article: name 'extract_target_ticker' is not defined
2026-08-13 13:03:44,905 [INFO] [SCREENED] 'Untitled' -> DROPPED @ ontology_concepts (dropped_ontology_score: 0.00 < 0.65)
2026-08-13 13:03:44,930 [INFO] [SCREENED] 'Untitled' -> DROPPED @ ontology_concepts (dropped_ontology_score: 0.00 < 0.65)
2026-08-13 13:03:44,955 [INFO] [SCREENED] 'Untitled' -> DROPPED @ ontology_concepts (dropped_ontology_score: 0.00 < 0.65)
2026-08-13 13:03:45,045 [ERROR] Error processing article: name 'extract_target_ticker' is not defined
2026-08-13 13:03:45,055 [INFO] [SCREENED] 'Untitled' -> DROPPED @ ontology_concepts (dropped_ontology_score: 0.00 < 0.65)
2026-08-13 13:03:45,077 [INFO] [SCREENED] 'Untitled' -> DROPPED @ ontology_concepts (dropped_ontology_score: 0.00 < 0.65)
2026-08-13 13:03:45,104 [ERROR] Error processing article: name 'extract_target_ticker' is not defined
2026-08-13 13:03:45,118 [INFO] [SCREENED] 'Untitled' -> DROPPED @ ontology_concepts (dropped_ontology_score: 0.00 < 0.65)
2026-08-13 13:03:45,145 [ERROR] Error processing article: name 'extract_target_ticker' is not defined
2026-08-13 13:03:45,156 [INFO] [SCREENED] 'Untitled' -> DROPPED @ ontology_concepts (dropped_ontology_score: 0.00 < 0.65)
2026-08-13 13:03:45,183 [ERROR] Error processing article: name 'extract_target_ticker' is not defined
2026-08-13 13:03:45,200 [INFO] [SCREENED] 'Untitled' -> DROPPED @ ontology_concepts (dropped_ontology_score: 0.00 < 0.65)
2026-08-13 13:03:45,226 [INFO] [SCREENED] 'Untitled' -> DROPPED @ ontology_concepts (dropped_ontology_score: 0.00 < 0.65)
2026-08-13 13:03:45,252 [INFO] [SCREENED] 'Untitled' -> DROPPED @ ontology_concepts (dropped_ontology_score: 0.00 < 0.65)
2026-08-13 13:03:45,282 [INFO] [SCREENED] 'Untitled' -> DROPPED @ ontology_concepts (dropped_ontology_score: 0.00 < 0.65)
2026-08-13 13:03:45,306 [INFO] [SCREENED] 'Untitled' -> DROPPED @ ontology_concepts (dropped_ontology_score: 0.00 < 0.65)
2026-08-13 13:03:45,340 [ERROR] Error processing article: name 'extract_target_ticker' is not defined
2026-08-13 13:03:45,353 [INFO] [SCREENED] 'Untitled' -> DROPPED @ ontology_concepts (dropped_ontology_score: 0.00 < 0.65)
2026-08-13 13:03:45,379 [INFO] [SCREENED] 'Untitled' -> DROPPED @ ontology_concepts (dropped_ontology_score: 0.00 < 0.65)
2026-08-13 13:03:45,409 [INFO] [SCREENED] 'Untitled' -> DROPPED @ ontology_concepts (dropped_ontology_score: 0.00 < 0.65)
2026-08-13 13:03:45,449 [INFO] [SCREENED] 'Untitled' -> DROPPED @ ontology_concepts (dropped_ontology_score: 0.00 < 0.65)
2026-08-13 13:03:45,483 [INFO] [SCREENED] 'Untitled' -> DROPPED @ ontology_concepts (dropped_ontology_score: 0.00 < 0.65)
2026-08-13 13:03:45,507 [INFO] [SCREENED] 'Untitled' -> DROPPED @ ontology_concepts (dropped_ontology_score: 0.00 < 0.65)
2026-08-13 13:03:45,544 [ERROR] Error processing article: name 'extract_target_ticker' is not defined
2026-08-13 13:03:45,558 [INFO] [SCREENED] 'Untitled' -> DROPPED @ ontology_concepts (dropped_ontology_score: 0.00 < 0.65)
2026-08-13 13:03:45,584 [INFO] [SCREENED] 'Untitled' -> DROPPED @ ontology_concepts (dropped_ontology_score: 0.00 < 0.65)
2026-08-13 13:03:45,611 [INFO] [SCREENED] 'Untitled' -> DROPPED @ ontology_concepts (dropped_ontology_score: 0.00 < 0.65)
2026-08-13 13:03:45,641 [INFO] [SCREENED] 'Untitled' -> DROPPED @ ontology_concepts (dropped_ontology_score: 0.00 < 0.65)
2026-08-13 13:03:45,671 [INFO] [SCREENED] 'Untitled' -> DROPPED @ ontology_concepts (dropped_ontology_score: 0.00 < 0.65)
2026-08-13 13:03:45,703 [ERROR] Error processing article: name 'extract_target_ticker' is not defined
2026-08-13 13:03:45,716 [INFO] [SCREENED] 'Untitled' -> DROPPED @ ontology_concepts (dropped_ontology_score: 0.00 < 0.65)
2026-08-13 13:03:46,780 [CRITICAL] [AI CORE] Provider router exhausted all available keys.
2026-08-13 13:03:46,780 [INFO] [SCREENED] 'Untitled' -> DROPPED @ ai_confidence_gate (dropped_ai_confidence (scored 0.00 < 0.75))
2026-08-13 13:03:47,616 [CRITICAL] [AI CORE] Provider router exhausted all available keys.
2026-08-13 13:03:47,617 [INFO] [SCREENED] 'Untitled' -> DROPPED @ ai_confidence_gate (dropped_ai_confidence (scored 0.00 < 0.75))
2026-08-13 13:03:47,673 [INFO] [SCREENED] 'Untitled' -> DROPPED @ ontology_concepts (dropped_ontology_score: 0.00 < 0.65)
2026-08-13 13:03:47,704 [ERROR] Error processing article: name 'extract_target_ticker' is not defined
2026-08-13 13:03:47,720 [INFO] [SCREENED] 'Untitled' -> DROPPED @ ontology_concepts (dropped_ontology_score: 0.00 < 0.65)
2026-08-13 13:03:47,753 [INFO] [SCREENED] 'Untitled' -> DROPPED @ ontology_concepts (dropped_ontology_score: 0.00 < 0.65)
2026-08-13 13:03:47,785 [INFO] [SCREENED] 'Untitled' -> DROPPED @ ontology_concepts (dropped_ontology_score: 0.00 < 0.65)
2026-08-13 13:03:47,820 [INFO] [SCREENED] 'Untitled' -> DROPPED @ ontology_concepts (dropped_ontology_score: 0.00 < 0.65)
2026-08-13 13:03:47,851 [INFO] [SCREENED] 'Untitled' -> DROPPED @ ontology_concepts (dropped_ontology_score: 0.00 < 0.65)
2026-08-13 13:03:47,881 [INFO] [SCREENED] 'Untitled' -> DROPPED @ ontology_concepts (dropped_ontology_score: 0.00 < 0.65)
2026-08-13 13:03:47,916 [INFO] [SCREENED] 'Untitled' -> DROPPED @ ontology_concepts (dropped_ontology_score: 0.00 < 0.65)
2026-08-13 13:03:47,946 [ERROR] Error processing article: name 'extract_target_ticker' is not defined
2026-08-13 13:03:47,958 [ERROR] Error processing article: name 'extract_target_ticker' is not defined
2026-08-13 13:03:47,973 [ERROR] Error processing article: name 'extract_target_ticker' is not defined
2026-08-13 13:03:47,985 [ERROR] Error processing article: name 'extract_target_ticker' is not defined
2026-08-13 13:03:47,996 [INFO] [SCREENED] 'Untitled' -> DROPPED @ ontology_concepts (dropped_ontology_score: 0.00 < 0.65)
2026-08-13 13:03:48,027 [INFO] [SCREENED] 'Untitled' -> DROPPED @ ontology_concepts (dropped_ontology_score: 0.00 < 0.65)
2026-08-13 13:03:48,056 [INFO] [SCREENED] 'Untitled' -> DROPPED @ ontology_concepts (dropped_ontology_score: 0.00 < 0.65)
2026-08-13 13:03:48,087 [INFO] [SCREENED] 'Untitled' -> DROPPED @ ontology_concepts (dropped_ontology_score: 0.00 < 0.65)
2026-08-13 13:03:48,117 [INFO] [SCREENED] 'Untitled' -> DROPPED @ ontology_concepts (dropped_ontology_score: 0.00 < 0.65)
2026-08-13 13:03:48,148 [ERROR] Error processing article: name 'extract_target_ticker' is not defined
2026-08-13 13:03:48,158 [INFO] [SCREENED] 'Untitled' -> DROPPED @ ontology_concepts (dropped_ontology_score: 0.00 < 0.65)
2026-08-13 13:03:48,185 [INFO] [SCREENED] 'Untitled' -> DROPPED @ ontology_concepts (dropped_ontology_score: 0.00 < 0.65)
2026-08-13 13:03:48,211 [ERROR] Error processing article: name 'extract_target_ticker' is not defined
2026-08-13 13:03:48,221 [INFO] [SCREENED] 'Untitled' -> DROPPED @ ontology_concepts (dropped_ontology_score: 0.00 < 0.65)
2026-08-13 13:03:48,249 [ERROR] Error processing article: name 'extract_target_ticker' is not defined
2026-08-13 13:03:48,261 [INFO] [SCREENED] 'Untitled' -> DROPPED @ ontology_concepts (dropped_ontology_score: 0.00 < 0.65)
2026-08-13 13:03:48,291 [ERROR] Error processing article: name 'extract_target_ticker' is not defined
2026-08-13 13:03:48,304 [INFO] [SCREENED] 'Untitled' -> DROPPED @ ontology_concepts (dropped_ontology_score: 0.00 < 0.65)
2026-08-13 13:03:48,334 [ERROR] Error processing article: name 'extract_target_ticker' is not defined
2026-08-13 13:03:48,349 [ERROR] Error processing article: name 'extract_target_ticker' is not defined
2026-08-13 13:03:48,362 [INFO] [SCREENED] 'Untitled' -> DROPPED @ ontology_concepts (dropped_ontology_score: 0.00 < 0.65)
2026-08-13 13:03:48,403 [INFO] [SCREENED] 'Untitled' -> DROPPED @ ontology_concepts (dropped_ontology_score: 0.00 < 0.65)
2026-08-13 13:03:48,435 [INFO] [SCREENED] 'Untitled' -> DROPPED @ ontology_concepts (dropped_ontology_score: 0.00 < 0.65)
2026-08-13 13:03:48,462 [ERROR] Error processing article: name 'extract_target_ticker' is not defined
2026-08-13 13:03:48,477 [INFO] [SCREENED] 'Untitled' -> DROPPED @ ontology_concepts (dropped_ontology_score: 0.00 < 0.65)
2026-08-13 13:03:48,522 [INFO] [SCREENED] 'Untitled' -> DROPPED @ ontology_concepts (dropped_ontology_score: 0.00 < 0.65)
2026-08-13 13:03:48,552 [INFO] [SCREENED] 'Untitled' -> DROPPED @ ontology_concepts (dropped_ontology_score: 0.00 < 0.65)
2026-08-13 13:03:48,581 [INFO] [SCREENED] 'Untitled' -> DROPPED @ ontology_concepts (dropped_ontology_score: 0.00 < 0.65)
2026-08-13 13:03:48,612 [INFO] [SCREENED] 'Untitled' -> DROPPED @ ontology_concepts (dropped_ontology_score: 0.00 < 0.65)
2026-08-13 13:03:48,644 [ERROR] Error processing article: name 'extract_target_ticker' is not defined
2026-08-13 13:03:48,656 [INFO] [SCREENED] 'Untitled' -> DROPPED @ ontology_concepts (dropped_ontology_score: 0.00 < 0.65)
2026-08-13 13:03:48,690 [INFO] [SCREENED] 'Untitled' -> DROPPED @ ontology_concepts (dropped_ontology_score: 0.00 < 0.65)
2026-08-13 13:03:48,723 [INFO] [SCREENED] 'Untitled' -> DROPPED @ ontology_concepts (dropped_ontology_score: 0.00 < 0.65)
2026-08-13 13:03:48,772 [INFO] [SCREENED] 'Untitled' -> DROPPED @ ontology_concepts (dropped_ontology_score: 0.00 < 0.65)
2026-08-13 13:03:48,800 [INFO] [SCREENED] 'Untitled' -> DROPPED @ ontology_concepts (dropped_ontology_score: 0.00 < 0.65)
2026-08-13 13:03:49,643 [CRITICAL] [AI CORE] Provider router exhausted all available keys.
2026-08-13 13:03:49,643 [INFO] [SCREENED] 'Untitled' -> DROPPED @ ai_confidence_gate (dropped_ai_confidence (scored 0.00 < 0.75))
2026-08-13 13:03:49,676 [INFO] [SCREENED] 'Untitled' -> DROPPED @ ontology_concepts (dropped_ontology_score: 0.00 < 0.65)
2026-08-13 13:03:50,491 [CRITICAL] [AI CORE] Provider router exhausted all available keys.
2026-08-13 13:03:50,491 [INFO] [SCREENED] 'Untitled' -> DROPPED @ ai_confidence_gate (dropped_ai_confidence (scored 0.00 < 0.75))
2026-08-13 13:03:50,530 [INFO] [SCREENED] 'Untitled' -> DROPPED @ ontology_concepts (dropped_ontology_score: 0.00 < 0.65)
2026-08-13 13:03:50,557 [INFO] [SCREENED] 'Untitled' -> DROPPED @ ontology_concepts (dropped_ontology_score: 0.00 < 0.65)
2026-08-13 13:03:50,581 [INFO] [SCREENED] 'Untitled' -> DROPPED @ ontology_concepts (dropped_ontology_score: 0.00 < 0.65)
2026-08-13 13:03:50,608 [INFO] [SCREENED] 'Untitled' -> DROPPED @ ontology_concepts (dropped_ontology_score: 0.00 < 0.65)
2026-08-13 13:03:50,636 [ERROR] Error processing article: name 'extract_target_ticker' is not defined
2026-08-13 13:03:50,646 [INFO] [SCREENED] 'Untitled' -> DROPPED @ ontology_concepts (dropped_ontology_score: 0.00 < 0.65)
2026-08-13 13:03:50,679 [INFO] [SCREENED] 'Untitled' -> DROPPED @ ontology_concepts (dropped_ontology_score: 0.00 < 0.65)
2026-08-13 13:03:50,709 [INFO] [SCREENED] 'Untitled' -> DROPPED @ ontology_concepts (dropped_ontology_score: 0.00 < 0.65)
2026-08-13 13:03:50,735 [ERROR] Error processing article: name 'extract_target_ticker' is not defined
2026-08-13 13:03:50,745 [ERROR] Error processing article: name 'extract_target_ticker' is not defined
2026-08-13 13:03:50,755 [INFO] [SCREENED] 'Untitled' -> DROPPED @ ontology_concepts (dropped_ontology_score: 0.00 < 0.65)
2026-08-13 13:03:50,786 [INFO] [SCREENED] 'Untitled' -> DROPPED @ ontology_concepts (dropped_ontology_score: 0.00 < 0.65)
2026-08-13 13:03:50,820 [INFO] [SCREENED] 'Untitled' -> DROPPED @ ontology_concepts (dropped_ontology_score: 0.00 < 0.65)
2026-08-13 13:03:50,858 [INFO] [SCREENED] 'Untitled' -> DROPPED @ ontology_concepts (dropped_ontology_score: 0.00 < 0.65)
2026-08-13 13:03:50,888 [INFO] [SCREENED] 'Untitled' -> DROPPED @ ontology_concepts (dropped_ontology_score: 0.00 < 0.65)
2026-08-13 13:03:50,915 [INFO] [SCREENED] 'Untitled' -> DROPPED @ ontology_concepts (dropped_ontology_score: 0.00 < 0.65)
2026-08-13 13:03:50,945 [INFO] [SCREENED] 'Untitled' -> DROPPED @ ontology_concepts (dropped_ontology_score: 0.00 < 0.65)
2026-08-13 13:03:50,974 [INFO] [SCREENED] 'Untitled' -> DROPPED @ ontology_concepts (dropped_ontology_score: 0.00 < 0.65)
2026-08-13 13:03:51,006 [INFO] [SCREENED] 'Untitled' -> DROPPED @ ontology_concepts (dropped_ontology_score: 0.00 < 0.65)
2026-08-13 13:03:51,038 [INFO] [SCREENED] 'Untitled' -> DROPPED @ ontology_concepts (dropped_ontology_score: 0.00 < 0.65)
2026-08-13 13:03:51,068 [INFO] [SCREENED] 'Untitled' -> DROPPED @ ontology_concepts (dropped_ontology_score: 0.00 < 0.65)
2026-08-13 13:03:51,100 [INFO] [SCREENED] 'Untitled' -> DROPPED @ ontology_concepts (dropped_ontology_score: 0.00 < 0.65)
2026-08-13 13:03:51,140 [ERROR] Error processing article: name 'extract_target_ticker' is not defined
2026-08-13 13:03:51,158 [INFO] [SCREENED] 'Untitled' -> DROPPED @ ontology_concepts (dropped_ontology_score: 0.00 < 0.65)
2026-08-13 13:03:51,200 [INFO] [SCREENED] 'Untitled' -> DROPPED @ ontology_concepts (dropped_ontology_score: 0.00 < 0.65)
2026-08-13 13:03:51,232 [INFO] [SCREENED] 'Untitled' -> DROPPED @ ontology_concepts (dropped_ontology_score: 0.00 < 0.65)
2026-08-13 13:03:51,265 [INFO] [SCREENED] 'Untitled' -> DROPPED @ ontology_concepts (dropped_ontology_score: 0.00 < 0.65)
2026-08-13 13:03:51,299 [ERROR] Error processing article: name 'extract_target_ticker' is not defined
2026-08-13 13:03:52,097 [CRITICAL] [AI CORE] Provider router exhausted all available keys.
2026-08-13 13:03:52,097 [INFO] [SCREENED] 'Untitled' -> DROPPED @ ai_confidence_gate (dropped_ai_confidence (scored 0.00 < 0.75))
2026-08-13 13:03:52,139 [ERROR] Error processing article: name 'extract_target_ticker' is not defined
2026-08-13 13:03:52,157 [INFO] [SCREENED] 'Untitled' -> DROPPED @ ontology_concepts (dropped_ontology_score: 0.00 < 0.65)
2026-08-13 13:03:52,189 [ERROR] Error processing article: name 'extract_target_ticker' is not defined
2026-08-13 13:03:52,203 [INFO] [SCREENED] 'Untitled' -> DROPPED @ ontology_concepts (dropped_ontology_score: 0.00 < 0.65)
2026-08-13 13:03:52,280 [ERROR] Error processing article: name 'extract_target_ticker' is not defined
2026-08-13 13:03:52,304 [ERROR] Error processing article: name 'extract_target_ticker' is not defined
2026-08-13 13:03:52,318 [INFO] [SCREENED] 'Untitled' -> DROPPED @ ontology_concepts (dropped_ontology_score: 0.00 < 0.65)
2026-08-13 13:03:53,965 [CRITICAL] [AI CORE] Provider router exhausted all available keys.
2026-08-13 13:03:53,966 [INFO] [SCREENED] 'Untitled' -> DROPPED @ ai_confidence_gate (dropped_ai_confidence (scored 0.00 < 0.75))
2026-08-13 13:03:54,012 [INFO] [SCREENED] 'Untitled' -> DROPPED @ ontology_concepts (dropped_ontology_score: 0.00 < 0.65)
2026-08-13 13:03:54,035 [INFO] [SCREENED] 'Untitled' -> DROPPED @ ontology_concepts (dropped_ontology_score: 0.00 < 0.65)
2026-08-13 13:03:54,063 [INFO] [SCREENED] 'Untitled' -> DROPPED @ ontology_concepts (dropped_ontology_score: 0.00 < 0.65)
2026-08-13 13:03:54,089 [INFO] [SCREENED] 'Untitled' -> DROPPED @ ontology_concepts (dropped_ontology_score: 0.00 < 0.65)
2026-08-13 13:03:54,114 [INFO] [SCREENED] 'Untitled' -> DROPPED @ ontology_concepts (dropped_ontology_score: 0.00 < 0.65)
2026-08-13 13:03:54,139 [ERROR] Error processing article: name 'extract_target_ticker' is not defined
2026-08-13 13:03:54,150 [INFO] [SCREENED] 'Untitled' -> DROPPED @ ontology_concepts (dropped_ontology_score: 0.00 < 0.65)
2026-08-13 13:03:54,177 [INFO] [SCREENED] 'Untitled' -> DROPPED @ ontology_concepts (dropped_ontology_score: 0.00 < 0.65)
2026-08-13 13:03:54,203 [INFO] [SCREENED] 'Untitled' -> DROPPED @ ontology_concepts (dropped_ontology_score: 0.00 < 0.65)
2026-08-13 13:03:54,234 [ERROR] Error processing article: name 'extract_target_ticker' is not defined
2026-08-13 13:03:55,054 [CRITICAL] [AI CORE] Provider router exhausted all available keys.
2026-08-13 13:03:55,055 [INFO] [SCREENED] 'Untitled' -> DROPPED @ ai_confidence_gate (dropped_ai_confidence (scored 0.00 < 0.75))
2026-08-13 13:03:55,086 [ERROR] Error processing article: name 'extract_target_ticker' is not defined
2026-08-13 13:03:55,097 [ERROR] Error processing article: name 'extract_target_ticker' is not defined
2026-08-13 13:03:55,107 [INFO] [SCREENED] 'Untitled' -> DROPPED @ ontology_concepts (dropped_ontology_score: 0.00 < 0.65)
2026-08-13 13:03:55,133 [INFO] [SCREENED] 'Untitled' -> DROPPED @ ontology_concepts (dropped_ontology_score: 0.00 < 0.65)
2026-08-13 13:03:55,161 [INFO] [SCREENED] 'Untitled' -> DROPPED @ ontology_concepts (dropped_ontology_score: 0.00 < 0.65)
2026-08-13 13:03:55,186 [INFO] [SCREENED] 'Untitled' -> DROPPED @ ontology_concepts (dropped_ontology_score: 0.00 < 0.65)
2026-08-13 13:03:55,209 [INFO] [SCREENED] 'Untitled' -> DROPPED @ ontology_concepts (dropped_ontology_score: 0.00 < 0.65)
2026-08-13 13:03:55,231 [INFO] [SCREENED] 'Untitled' -> DROPPED @ ontology_concepts (dropped_ontology_score: 0.00 < 0.65)
2026-08-13 13:03:55,255 [INFO] [SCREENED] 'Untitled' -> DROPPED @ ontology_concepts (dropped_ontology_score: 0.00 < 0.65)
2026-08-13 13:03:55,277 [INFO] [SCREENED] 'Untitled' -> DROPPED @ ontology_concepts (dropped_ontology_score: 0.00 < 0.65)
2026-08-13 13:03:56,511 [CRITICAL] [AI CORE] Provider router exhausted all available keys.
2026-08-13 13:03:56,511 [INFO] [SCREENED] 'Untitled' -> DROPPED @ ai_confidence_gate (dropped_ai_confidence (scored 0.00 < 0.75))
2026-08-13 13:03:56,545 [ERROR] Error processing article: name 'extract_target_ticker' is not defined
2026-08-13 13:03:56,558 [ERROR] Error processing article: name 'extract_target_ticker' is not defined
2026-08-13 13:03:56,568 [INFO] [SCREENED] 'Untitled' -> DROPPED @ ontology_concepts (dropped_ontology_score: 0.00 < 0.65)
2026-08-13 13:03:57,591 [CRITICAL] [AI CORE] Provider router exhausted all available keys.
2026-08-13 13:03:57,591 [INFO] [SCREENED] 'Untitled' -> DROPPED @ ai_confidence_gate (dropped_ai_confidence (scored 0.00 < 0.75))
2026-08-13 13:03:57,631 [INFO] [SCREENED] 'Untitled' -> DROPPED @ ontology_concepts (dropped_ontology_score: 0.00 < 0.65)
2026-08-13 13:03:58,581 [CRITICAL] [AI CORE] Provider router exhausted all available keys.
2026-08-13 13:03:58,581 [INFO] [SCREENED] 'Untitled' -> DROPPED @ ai_confidence_gate (dropped_ai_confidence (scored 0.00 < 0.75))
2026-08-13 13:03:58,641 [INFO] [SCREENED] 'Untitled' -> DROPPED @ ontology_concepts (dropped_ontology_score: 0.00 < 0.65)
2026-08-13 13:03:59,679 [CRITICAL] [AI CORE] Provider router exhausted all available keys.
2026-08-13 13:03:59,679 [INFO] [SCREENED] 'Untitled' -> DROPPED @ ai_confidence_gate (dropped_ai_confidence (scored 0.00 < 0.75))
2026-08-13 13:03:59,708 [INFO] [SCREENED] 'Untitled' -> DROPPED @ ontology_concepts (dropped_ontology_score: 0.00 < 0.65)
2026-08-13 13:03:59,735 [INFO] [SCREENED] 'Untitled' -> DROPPED @ ontology_concepts (dropped_ontology_score: 0.00 < 0.65)
2026-08-13 13:03:59,768 [INFO] [SCREENED] 'Untitled' -> DROPPED @ ontology_concepts (dropped_ontology_score: 0.00 < 0.65)
2026-08-13 13:03:59,817 [INFO] [SCREENED] 'Untitled' -> DROPPED @ ontology_concepts (dropped_ontology_score: 0.00 < 0.65)
2026-08-13 13:03:59,850 [INFO] [SCREENED] 'Untitled' -> DROPPED @ ontology_concepts (dropped_ontology_score: 0.00 < 0.65)
2026-08-13 13:03:59,883 [ERROR] Error processing article: name 'extract_target_ticker' is not defined
2026-08-13 13:03:59,903 [INFO] [SCREENED] 'Untitled' -> DROPPED @ ontology_concepts (dropped_ontology_score: 0.00 < 0.65)
2026-08-13 13:03:59,932 [INFO] [SCREENED] 'Untitled' -> DROPPED @ ontology_concepts (dropped_ontology_score: 0.00 < 0.65)
2026-08-13 13:03:59,964 [INFO] [SCREENED] 'Untitled' -> DROPPED @ ontology_concepts (dropped_ontology_score: 0.00 < 0.65)
2026-08-13 13:03:59,994 [INFO] [SCREENED] 'Untitled' -> DROPPED @ ontology_concepts (dropped_ontology_score: 0.00 < 0.65)
2026-08-13 13:04:01,014 [CRITICAL] [AI CORE] Provider router exhausted all available keys.
2026-08-13 13:04:01,014 [INFO] [SCREENED] 'Untitled' -> DROPPED @ ai_confidence_gate (dropped_ai_confidence (scored 0.00 < 0.75))
2026-08-13 13:04:01,050 [INFO] [SCREENED] 'Untitled' -> DROPPED @ ontology_concepts (dropped_ontology_score: 0.00 < 0.65)
2026-08-13 13:04:01,087 [INFO] [SCREENED] 'Untitled' -> DROPPED @ ontology_concepts (dropped_ontology_score: 0.00 < 0.65)
2026-08-13 13:04:01,111 [INFO] [SCREENED] 'Untitled' -> DROPPED @ ontology_concepts (dropped_ontology_score: 0.00 < 0.65)
2026-08-13 13:04:01,137 [INFO] [SCREENED] 'Untitled' -> DROPPED @ ontology_concepts (dropped_ontology_score: 0.00 < 0.65)
2026-08-13 13:04:01,163 [INFO] [SCREENED] 'Untitled' -> DROPPED @ ontology_concepts (dropped_ontology_score: 0.00 < 0.65)
2026-08-13 13:04:01,188 [INFO] [SCREENED] 'Untitled' -> DROPPED @ ontology_concepts (dropped_ontology_score: 0.00 < 0.65)
2026-08-13 13:04:01,216 [ERROR] Error processing article: name 'extract_target_ticker' is not defined
2026-08-13 13:04:01,230 [INFO] [SCREENED] 'Untitled' -> DROPPED @ ontology_concepts (dropped_ontology_score: 0.00 < 0.65)
2026-08-13 13:04:01,259 [ERROR] Error processing article: name 'extract_target_ticker' is not defined
2026-08-13 13:04:01,269 [INFO] [SCREENED] 'Untitled' -> DROPPED @ ontology_concepts (dropped_ontology_score: 0.00 < 0.65)
2026-08-13 13:04:01,296 [INFO] [SCREENED] 'Untitled' -> DROPPED @ ontology_concepts (dropped_ontology_score: 0.00 < 0.65)
2026-08-13 13:04:01,326 [ERROR] Error processing article: name 'extract_target_ticker' is not defined
2026-08-13 13:04:01,341 [INFO] [SCREENED] 'Untitled' -> DROPPED @ ontology_concepts (dropped_ontology_score: 0.00 < 0.65)
2026-08-13 13:04:01,375 [ERROR] Error processing article: name 'extract_target_ticker' is not defined
2026-08-13 13:04:02,345 [CRITICAL] [AI CORE] Provider router exhausted all available keys.
2026-08-13 13:04:02,346 [INFO] [SCREENED] 'Untitled' -> DROPPED @ ai_confidence_gate (dropped_ai_confidence (scored 0.00 < 0.75))
2026-08-13 13:04:02,395 [ERROR] Error processing article: name 'extract_target_ticker' is not defined
2026-08-13 13:04:02,408 [ERROR] Error processing article: name 'extract_target_ticker' is not defined
2026-08-13 13:04:02,420 [INFO] [SCREENED] 'Untitled' -> DROPPED @ ontology_concepts (dropped_ontology_score: 0.00 < 0.65)
2026-08-13 13:04:02,444 [INFO] [SCREENED] 'Untitled' -> DROPPED @ ontology_concepts (dropped_ontology_score: 0.00 < 0.65)
2026-08-13 13:04:02,478 [INFO] [SCREENED] 'Untitled' -> DROPPED @ ontology_concepts (dropped_ontology_score: 0.00 < 0.65)
2026-08-13 13:04:02,507 [INFO] [SCREENED] 'Untitled' -> DROPPED @ ontology_concepts (dropped_ontology_score: 0.00 < 0.65)
2026-08-13 13:04:02,545 [INFO] [SCREENED] 'Untitled' -> DROPPED @ ontology_concepts (dropped_ontology_score: 0.00 < 0.65)
2026-08-13 13:04:02,577 [INFO] [SCREENED] 'Untitled' -> DROPPED @ ontology_concepts (dropped_ontology_score: 0.00 < 0.65)
2026-08-13 13:04:02,617 [INFO] [SCREENED] 'Untitled' -> DROPPED @ ontology_concepts (dropped_ontology_score: 0.00 < 0.65)
2026-08-13 13:04:02,658 [ERROR] Error processing article: name 'extract_target_ticker' is not defined
2026-08-13 13:04:02,670 [INFO] [SCREENED] 'Untitled' -> DROPPED @ ontology_concepts (dropped_ontology_score: 0.00 < 0.65)
2026-08-13 13:04:02,697 [INFO] [SCREENED] 'Untitled' -> DROPPED @ ontology_concepts (dropped_ontology_score: 0.00 < 0.65)
2026-08-13 13:04:02,725 [ERROR] Error processing article: name 'extract_target_ticker' is not defined
2026-08-13 13:04:02,738 [INFO] [SCREENED] 'Untitled' -> DROPPED @ ontology_concepts (dropped_ontology_score: 0.00 < 0.65)
2026-08-13 13:04:02,767 [ERROR] Error processing article: name 'extract_target_ticker' is not defined
2026-08-13 13:04:02,777 [INFO] [SCREENED] 'Untitled' -> DROPPED @ ontology_concepts (dropped_ontology_score: 0.00 < 0.65)
2026-08-13 13:04:02,804 [INFO] [SCREENED] 'Untitled' -> DROPPED @ ontology_concepts (dropped_ontology_score: 0.00 < 0.65)
2026-08-13 13:04:02,847 [ERROR] Error processing article: name 'extract_target_ticker' is not defined
2026-08-13 13:04:02,859 [INFO] [SCREENED] 'Untitled' -> DROPPED @ ontology_concepts (dropped_ontology_score: 0.00 < 0.65)
2026-08-13 13:04:02,883 [INFO] [SCREENED] 'Untitled' -> DROPPED @ ontology_concepts (dropped_ontology_score: 0.00 < 0.65)
2026-08-13 13:04:02,910 [ERROR] Error processing article: name 'extract_target_ticker' is not defined
2026-08-13 13:04:02,921 [INFO] [SCREENED] 'Untitled' -> DROPPED @ ontology_concepts (dropped_ontology_score: 0.00 < 0.65)
2026-08-13 13:04:03,909 [CRITICAL] [AI CORE] Provider router exhausted all available keys.
2026-08-13 13:04:03,910 [INFO] [SCREENED] 'Untitled' -> DROPPED @ ai_confidence_gate (dropped_ai_confidence (scored 0.00 < 0.75))
2026-08-13 13:04:03,970 [INFO] [SCREENED] 'Untitled' -> DROPPED @ ontology_concepts (dropped_ontology_score: 0.00 < 0.65)
2026-08-13 13:04:03,999 [INFO] [SCREENED] 'Untitled' -> DROPPED @ ontology_concepts (dropped_ontology_score: 0.00 < 0.65)
2026-08-13 13:04:04,032 [ERROR] Error processing article: name 'extract_target_ticker' is not defined
2026-08-13 13:04:04,045 [ERROR] Error processing article: name 'extract_target_ticker' is not defined
2026-08-13 13:04:04,058 [ERROR] Error processing article: name 'extract_target_ticker' is not defined
2026-08-13 13:04:04,068 [INFO] [SCREENED] 'Untitled' -> DROPPED @ ontology_concepts (dropped_ontology_score: 0.00 < 0.65)
2026-08-13 13:04:04,101 [ERROR] Error processing article: name 'extract_target_ticker' is not defined
2026-08-13 13:04:04,116 [INFO] [SCREENED] 'Untitled' -> DROPPED @ ontology_concepts (dropped_ontology_score: 0.00 < 0.65)
2026-08-13 13:04:04,150 [ERROR] Error processing article: name 'extract_target_ticker' is not defined
2026-08-13 13:04:04,163 [INFO] [SCREENED] 'Untitled' -> DROPPED @ ontology_concepts (dropped_ontology_score: 0.00 < 0.65)
2026-08-13 13:04:04,226 [INFO] [SCREENED] 'Untitled' -> DROPPED @ ontology_concepts (dropped_ontology_score: 0.00 < 0.65)
2026-08-13 13:04:04,254 [INFO] [SCREENED] 'Untitled' -> DROPPED @ ontology_concepts (dropped_ontology_score: 0.00 < 0.65)
2026-08-13 13:04:05,368 [CRITICAL] [AI CORE] Provider router exhausted all available keys.
2026-08-13 13:04:05,368 [INFO] [SCREENED] 'Untitled' -> DROPPED @ ai_confidence_gate (dropped_ai_confidence (scored 0.00 < 0.75))
2026-08-13 13:04:05,423 [ERROR] Error processing article: name 'extract_target_ticker' is not defined
2026-08-13 13:04:05,433 [ERROR] Error processing article: name 'extract_target_ticker' is not defined
2026-08-13 13:04:05,441 [INFO] [SCREENED] 'Untitled' -> DROPPED @ ontology_concepts (dropped_ontology_score: 0.00 < 0.65)
2026-08-13 13:04:05,461 [INFO] [SCREENED] 'Untitled' -> DROPPED @ ontology_concepts (dropped_ontology_score: 0.00 < 0.65)
2026-08-13 13:04:05,484 [INFO] [SCREENED] 'Untitled' -> DROPPED @ ontology_concepts (dropped_ontology_score: 0.00 < 0.65)
2026-08-13 13:04:06,383 [CRITICAL] [AI CORE] Provider router exhausted all available keys.
2026-08-13 13:04:06,384 [INFO] [SCREENED] 'Untitled' -> DROPPED @ ai_confidence_gate (dropped_ai_confidence (scored 0.00 < 0.75))
2026-08-13 13:04:06,435 [ERROR] Error processing article: name 'extract_target_ticker' is not defined
2026-08-13 13:04:06,450 [ERROR] Error processing article: name 'extract_target_ticker' is not defined
2026-08-13 13:04:06,463 [INFO] [SCREENED] 'Untitled' -> DROPPED @ ontology_concepts (dropped_ontology_score: 0.00 < 0.65)
2026-08-13 13:04:18,588 [CRITICAL] [AI CORE] Provider router exhausted all available keys.
2026-08-13 13:04:18,588 [INFO] [SCREENED] 'Untitled' -> DROPPED @ ai_confidence_gate (dropped_ai_confidence (scored 0.00 < 0.75))
2026-08-13 13:04:32,178 [CRITICAL] [AI CORE] Provider router exhausted all available keys.
2026-08-13 13:04:32,178 [INFO] [SCREENED] 'Untitled' -> DROPPED @ ai_confidence_gate (dropped_ai_confidence (scored 0.00 < 0.75))
2026-08-13 13:04:32,208 [INFO] [SCREENED] 'Untitled' -> DROPPED @ ontology_concepts (dropped_ontology_score: 0.00 < 0.65)
2026-08-13 13:04:32,239 [INFO] [SCREENED] 'Untitled' -> DROPPED @ ontology_concepts (dropped_ontology_score: 0.00 < 0.65)
2026-08-13 13:04:32,264 [INFO] [SCREENED] 'Untitled' -> DROPPED @ ontology_concepts (dropped_ontology_score: 0.00 < 0.65)
2026-08-13 13:04:32,287 [INFO] [SCREENED] 'Untitled' -> DROPPED @ ontology_concepts (dropped_ontology_score: 0.00 < 0.65)
2026-08-13 13:04:32,318 [INFO] [SCREENED] 'Untitled' -> DROPPED @ ontology_concepts (dropped_ontology_score: 0.00 < 0.65)
2026-08-13 13:04:32,348 [INFO] [SCREENED] 'Untitled' -> DROPPED @ ontology_concepts (dropped_ontology_score: 0.00 < 0.65)
2026-08-13 13:04:32,378 [INFO] [SCREENED] 'Untitled' -> DROPPED @ ontology_concepts (dropped_ontology_score: 0.00 < 0.65)
2026-08-13 13:04:32,410 [INFO] [SCREENED] 'Untitled' -> DROPPED @ ontology_concepts (dropped_ontology_score: 0.00 < 0.65)
2026-08-13 13:04:32,442 [ERROR] Error processing article: name 'extract_target_ticker' is not defined
2026-08-13 13:04:32,457 [INFO] [SCREENED] 'Untitled' -> DROPPED @ ontology_concepts (dropped_ontology_score: 0.00 < 0.65)
2026-08-13 13:04:32,492 [ERROR] Error processing article: name 'extract_target_ticker' is not defined
2026-08-13 13:04:38,976 [CRITICAL] [AI CORE] Provider router exhausted all available keys.
2026-08-13 13:04:38,976 [INFO] [SCREENED] 'Untitled' -> DROPPED @ ai_confidence_gate (dropped_ai_confidence (scored 0.00 < 0.75))
2026-08-13 13:04:39,866 [CRITICAL] [AI CORE] Provider router exhausted all available keys.
2026-08-13 13:04:39,866 [INFO] [SCREENED] 'Untitled' -> DROPPED @ ai_confidence_gate (dropped_ai_confidence (scored 0.00 < 0.75))
2026-08-13 13:04:40,788 [CRITICAL] [AI CORE] Provider router exhausted all available keys.
2026-08-13 13:04:40,789 [INFO] [SCREENED] 'Untitled' -> DROPPED @ ai_confidence_gate (dropped_ai_confidence (scored 0.00 < 0.75))
2026-08-13 13:04:42,013 [CRITICAL] [AI CORE] Provider router exhausted all available keys.
2026-08-13 13:04:42,013 [INFO] [SCREENED] 'Untitled' -> DROPPED @ ai_confidence_gate (dropped_ai_confidence (scored 0.00 < 0.75))
2026-08-13 13:04:42,774 [CRITICAL] [AI CORE] Provider router exhausted all available keys.
2026-08-13 13:04:42,774 [INFO] [SCREENED] 'Untitled' -> DROPPED @ ai_confidence_gate (dropped_ai_confidence (scored 0.00 < 0.75))
2026-08-13 13:04:43,563 [CRITICAL] [AI CORE] Provider router exhausted all available keys.
2026-08-13 13:04:43,564 [INFO] [SCREENED] 'Untitled' -> DROPPED @ ai_confidence_gate (dropped_ai_confidence (scored 0.00 < 0.75))
2026-08-13 13:04:43,623 [INFO] [SCREENED] 'Untitled' -> DROPPED @ ontology_concepts (dropped_ontology_score: 0.00 < 0.65)
2026-08-13 13:04:44,417 [CRITICAL] [AI CORE] Provider router exhausted all available keys.
2026-08-13 13:04:44,417 [INFO] [SCREENED] 'Untitled' -> DROPPED @ ai_confidence_gate (dropped_ai_confidence (scored 0.00 < 0.75))
2026-08-13 13:04:45,287 [CRITICAL] [AI CORE] Provider router exhausted all available keys.
2026-08-13 13:04:45,287 [INFO] [SCREENED] 'Untitled' -> DROPPED @ ai_confidence_gate (dropped_ai_confidence (scored 0.00 < 0.75))
2026-08-13 13:04:46,215 [CRITICAL] [AI CORE] Provider router exhausted all available keys.
2026-08-13 13:04:46,215 [INFO] [SCREENED] 'Untitled' -> DROPPED @ ai_confidence_gate (dropped_ai_confidence (scored 0.00 < 0.75))
2026-08-13 13:04:46,289 [ERROR] Error processing article: name 'extract_target_ticker' is not defined
2026-08-13 13:04:46,296 [INFO] [SCREENED] 'Untitled' -> DROPPED @ ontology_concepts (dropped_ontology_score: 0.00 < 0.65)
2026-08-13 13:04:46,322 [INFO] [SCREENED] 'Untitled' -> DROPPED @ ontology_concepts (dropped_ontology_score: 0.00 < 0.65)
2026-08-13 13:04:46,348 [INFO] [SCREENED] 'Untitled' -> DROPPED @ ontology_concepts (dropped_ontology_score: 0.00 < 0.65)
2026-08-13 13:04:46,371 [INFO] [SCREENED] 'Untitled' -> DROPPED @ ontology_concepts (dropped_ontology_score: 0.00 < 0.65)
2026-08-13 13:04:46,395 [INFO] [SCREENED] 'Untitled' -> DROPPED @ ontology_concepts (dropped_ontology_score: 0.00 < 0.65)
2026-08-13 13:04:46,424 [INFO] [SCREENED] 'Untitled' -> DROPPED @ ontology_concepts (dropped_ontology_score: 0.00 < 0.65)
2026-08-13 13:04:46,446 [ERROR] Error processing article: name 'extract_target_ticker' is not defined
2026-08-13 13:04:46,462 [INFO] [SCREENED] 'Untitled' -> DROPPED @ ontology_concepts (dropped_ontology_score: 0.00 < 0.65)
2026-08-13 13:04:46,486 [INFO] [SCREENED] 'Untitled' -> DROPPED @ ontology_concepts (dropped_ontology_score: 0.00 < 0.65)
2026-08-13 13:04:46,512 [INFO] [SCREENED] 'Untitled' -> DROPPED @ ontology_concepts (dropped_ontology_score: 0.00 < 0.65)
2026-08-13 13:04:46,543 [INFO] [SCREENED] 'Untitled' -> DROPPED @ ontology_concepts (dropped_ontology_score: 0.00 < 0.65)
2026-08-13 13:04:46,567 [ERROR] Error processing article: name 'extract_target_ticker' is not defined
2026-08-13 13:04:46,577 [INFO] [SCREENED] 'Untitled' -> DROPPED @ ontology_concepts (dropped_ontology_score: 0.00 < 0.65)
2026-08-13 13:04:46,599 [ERROR] Error processing article: name 'extract_target_ticker' is not defined
2026-08-13 13:04:46,615 [INFO] [SCREENED] 'Untitled' -> DROPPED @ ontology_concepts (dropped_ontology_score: 0.00 < 0.65)
2026-08-13 13:04:46,637 [INFO] [SCREENED] 'Untitled' -> DROPPED @ ontology_concepts (dropped_ontology_score: 0.00 < 0.65)
2026-08-13 13:04:46,660 [INFO] [SCREENED] 'Untitled' -> DROPPED @ ontology_concepts (dropped_ontology_score: 0.00 < 0.65)
2026-08-13 13:04:46,696 [INFO] [SCREENED] 'Untitled' -> DROPPED @ ontology_concepts (dropped_ontology_score: 0.00 < 0.65)
2026-08-13 13:04:46,732 [INFO] [SCREENED] 'Untitled' -> DROPPED @ ontology_concepts (dropped_ontology_score: 0.00 < 0.65)
2026-08-13 13:04:46,757 [INFO] [SCREENED] 'Untitled' -> DROPPED @ ontology_concepts (dropped_ontology_score: 0.00 < 0.65)
2026-08-13 13:04:46,780 [INFO] [SCREENED] 'Untitled' -> DROPPED @ ontology_concepts (dropped_ontology_score: 0.00 < 0.65)
2026-08-13 13:04:46,809 [ERROR] Error processing article: name 'extract_target_ticker' is not defined
2026-08-13 13:04:46,820 [INFO] [SCREENED] 'Untitled' -> DROPPED @ ontology_concepts (dropped_ontology_score: 0.00 < 0.65)
2026-08-13 13:04:46,842 [INFO] [SCREENED] 'Untitled' -> DROPPED @ ontology_concepts (dropped_ontology_score: 0.00 < 0.65)
2026-08-13 13:04:46,864 [ERROR] Error processing article: name 'extract_target_ticker' is not defined
2026-08-13 13:04:46,876 [INFO] [SCREENED] 'Untitled' -> DROPPED @ ontology_concepts (dropped_ontology_score: 0.00 < 0.65)
2026-08-13 13:04:46,901 [INFO] [SCREENED] 'Untitled' -> DROPPED @ ontology_concepts (dropped_ontology_score: 0.00 < 0.65)
2026-08-13 13:04:46,926 [INFO] [SCREENED] 'Untitled' -> DROPPED @ ontology_concepts (dropped_ontology_score: 0.00 < 0.65)
2026-08-13 13:04:46,950 [INFO] [SCREENED] 'Untitled' -> DROPPED @ ontology_concepts (dropped_ontology_score: 0.00 < 0.65)
2026-08-13 13:04:46,979 [INFO] [SCREENED] 'Untitled' -> DROPPED @ ontology_concepts (dropped_ontology_score: 0.00 < 0.65)
2026-08-13 13:04:47,008 [INFO] [SCREENED] 'Untitled' -> DROPPED @ ontology_concepts (dropped_ontology_score: 0.00 < 0.65)
2026-08-13 13:04:47,038 [ERROR] Error processing article: name 'extract_target_ticker' is not defined
2026-08-13 13:04:47,049 [INFO] [SCREENED] 'Untitled' -> DROPPED @ ontology_concepts (dropped_ontology_score: 0.00 < 0.65)
2026-08-13 13:04:47,073 [INFO] [SCREENED] 'Untitled' -> DROPPED @ ontology_concepts (dropped_ontology_score: 0.00 < 0.65)
2026-08-13 13:04:47,107 [INFO] [SCREENED] 'Untitled' -> DROPPED @ ontology_concepts (dropped_ontology_score: 0.00 < 0.65)
2026-08-13 13:04:47,143 [INFO] [SCREENED] 'Untitled' -> DROPPED @ ontology_concepts (dropped_ontology_score: 0.00 < 0.65)
2026-08-13 13:04:47,173 [INFO] [SCREENED] 'Untitled' -> DROPPED @ ontology_concepts (dropped_ontology_score: 0.00 < 0.65)
2026-08-13 13:04:47,232 [INFO] [SCREENED] 'Untitled' -> DROPPED @ ontology_concepts (dropped_ontology_score: 0.00 < 0.65)
2026-08-13 13:04:47,275 [ERROR] Error processing article: name 'extract_target_ticker' is not defined
2026-08-13 13:04:47,322 [INFO] [SCREENED] 'Untitled' -> DROPPED @ ontology_concepts (dropped_ontology_score: 0.00 < 0.65)
2026-08-13 13:04:47,353 [INFO] [SCREENED] 'Untitled' -> DROPPED @ ontology_concepts (dropped_ontology_score: 0.00 < 0.65)
2026-08-13 13:04:48,264 [CRITICAL] [AI CORE] Provider router exhausted all available keys.
2026-08-13 13:04:48,265 [INFO] [SCREENED] 'Untitled' -> DROPPED @ ai_confidence_gate (dropped_ai_confidence (scored 0.00 < 0.75))
2026-08-13 13:04:48,304 [ERROR] Error processing article: name 'extract_target_ticker' is not defined
2026-08-13 13:04:48,315 [INFO] [SCREENED] 'Untitled' -> DROPPED @ ontology_concepts (dropped_ontology_score: 0.00 < 0.65)
2026-08-13 13:04:48,343 [ERROR] Error processing article: name 'extract_target_ticker' is not defined
2026-08-13 13:04:48,380 [ERROR] Error processing article: name 'extract_target_ticker' is not defined
2026-08-13 13:04:48,393 [INFO] [SCREENED] 'Untitled' -> DROPPED @ ontology_concepts (dropped_ontology_score: 0.00 < 0.65)
2026-08-13 13:04:48,419 [INFO] [SCREENED] 'Untitled' -> DROPPED @ ontology_concepts (dropped_ontology_score: 0.00 < 0.65)
2026-08-13 13:04:48,443 [INFO] [SCREENED] 'Untitled' -> DROPPED @ ontology_concepts (dropped_ontology_score: 0.00 < 0.65)
2026-08-13 13:04:48,467 [INFO] [SCREENED] 'Untitled' -> DROPPED @ ontology_concepts (dropped_ontology_score: 0.00 < 0.65)
2026-08-13 13:04:49,304 [CRITICAL] [AI CORE] Provider router exhausted all available keys.
2026-08-13 13:04:49,304 [INFO] [SCREENED] 'Untitled' -> DROPPED @ ai_confidence_gate (dropped_ai_confidence (scored 0.00 < 0.75))
2026-08-13 13:04:49,355 [INFO] [SCREENED] 'Untitled' -> DROPPED @ ontology_concepts (dropped_ontology_score: 0.00 < 0.65)
2026-08-13 13:04:49,380 [ERROR] Error processing article: name 'extract_target_ticker' is not defined
2026-08-13 13:04:49,390 [INFO] [SCREENED] 'Untitled' -> DROPPED @ ontology_concepts (dropped_ontology_score: 0.00 < 0.65)
2026-08-13 13:04:49,418 [INFO] [SCREENED] 'Untitled' -> DROPPED @ ontology_concepts (dropped_ontology_score: 0.00 < 0.65)
2026-08-13 13:04:49,447 [INFO] [SCREENED] 'Untitled' -> DROPPED @ ontology_concepts (dropped_ontology_score: 0.00 < 0.65)
2026-08-13 13:04:49,472 [INFO] [SCREENED] 'Untitled' -> DROPPED @ ontology_concepts (dropped_ontology_score: 0.00 < 0.65)
2026-08-13 13:04:49,502 [INFO] [SCREENED] 'Untitled' -> DROPPED @ ontology_concepts (dropped_ontology_score: 0.00 < 0.65)
2026-08-13 13:04:49,530 [INFO] [SCREENED] 'Untitled' -> DROPPED @ ontology_concepts (dropped_ontology_score: 0.00 < 0.65)
2026-08-13 13:04:49,557 [INFO] [SCREENED] 'Untitled' -> DROPPED @ ontology_concepts (dropped_ontology_score: 0.00 < 0.65)
2026-08-13 13:04:49,583 [INFO] [SCREENED] 'Untitled' -> DROPPED @ ontology_concepts (dropped_ontology_score: 0.00 < 0.65)
2026-08-13 13:04:49,608 [INFO] [SCREENED] 'Untitled' -> DROPPED @ ontology_concepts (dropped_ontology_score: 0.00 < 0.65)
2026-08-13 13:04:49,639 [INFO] [SCREENED] 'Untitled' -> DROPPED @ ontology_concepts (dropped_ontology_score: 0.00 < 0.65)
2026-08-13 13:04:49,671 [INFO] [SCREENED] 'Untitled' -> DROPPED @ ontology_concepts (dropped_ontology_score: 0.00 < 0.65)
2026-08-13 13:04:49,710 [INFO] [SCREENED] 'Untitled' -> DROPPED @ ontology_concepts (dropped_ontology_score: 0.00 < 0.65)
2026-08-13 13:04:49,736 [INFO] [SCREENED] 'Untitled' -> DROPPED @ ontology_concepts (dropped_ontology_score: 0.00 < 0.65)
2026-08-13 13:04:49,764 [INFO] [SCREENED] 'Untitled' -> DROPPED @ ontology_concepts (dropped_ontology_score: 0.00 < 0.65)
2026-08-13 13:04:49,793 [INFO] [SCREENED] 'Untitled' -> DROPPED @ ontology_concepts (dropped_ontology_score: 0.00 < 0.65)
2026-08-13 13:04:49,830 [INFO] [SCREENED] 'Untitled' -> DROPPED @ ontology_concepts (dropped_ontology_score: 0.00 < 0.65)
2026-08-13 13:04:49,860 [INFO] [SCREENED] 'Untitled' -> DROPPED @ ontology_concepts (dropped_ontology_score: 0.00 < 0.65)
2026-08-13 13:04:49,892 [ERROR] Error processing article: name 'extract_target_ticker' is not defined
2026-08-13 13:04:49,905 [INFO] [SCREENED] 'Untitled' -> DROPPED @ ontology_concepts (dropped_ontology_score: 0.00 < 0.65)
2026-08-13 13:04:49,949 [ERROR] Error processing article: name 'extract_target_ticker' is not defined
2026-08-13 13:04:50,783 [CRITICAL] [AI CORE] Provider router exhausted all available keys.
2026-08-13 13:04:50,784 [INFO] [SCREENED] 'Untitled' -> DROPPED @ ai_confidence_gate (dropped_ai_confidence (scored 0.00 < 0.75))
2026-08-13 13:04:51,981 [CRITICAL] [AI CORE] Provider router exhausted all available keys.
2026-08-13 13:04:51,981 [INFO] [SCREENED] 'Untitled' -> DROPPED @ ai_confidence_gate (dropped_ai_confidence (scored 0.00 < 0.75))
2026-08-13 13:04:52,025 [INFO] [SCREENED] 'Untitled' -> DROPPED @ ontology_concepts (dropped_ontology_score: 0.00 < 0.65)
2026-08-13 13:04:52,054 [INFO] [SCREENED] 'Untitled' -> DROPPED @ ontology_concepts (dropped_ontology_score: 0.00 < 0.65)
2026-08-13 13:04:52,076 [INFO] [SCREENED] 'Untitled' -> DROPPED @ ontology_concepts (dropped_ontology_score: 0.00 < 0.65)
2026-08-13 13:04:52,104 [INFO] [SCREENED] 'Untitled' -> DROPPED @ ontology_concepts (dropped_ontology_score: 0.00 < 0.65)
2026-08-13 13:04:52,129 [INFO] [SCREENED] 'Untitled' -> DROPPED @ ontology_concepts (dropped_ontology_score: 0.00 < 0.65)
2026-08-13 13:04:52,154 [INFO] [SCREENED] 'Untitled' -> DROPPED @ ontology_concepts (dropped_ontology_score: 0.00 < 0.65)
2026-08-13 13:04:52,180 [INFO] [SCREENED] 'Untitled' -> DROPPED @ ontology_concepts (dropped_ontology_score: 0.00 < 0.65)
2026-08-13 13:04:52,210 [INFO] [SCREENED] 'Untitled' -> DROPPED @ ontology_concepts (dropped_ontology_score: 0.00 < 0.65)
2026-08-13 13:04:52,236 [INFO] [SCREENED] 'Untitled' -> DROPPED @ ontology_concepts (dropped_ontology_score: 0.00 < 0.65)
2026-08-13 13:04:52,259 [INFO] [SCREENED] 'Untitled' -> DROPPED @ ontology_concepts (dropped_ontology_score: 0.00 < 0.65)
2026-08-13 13:04:52,281 [INFO] [SCREENED] 'Untitled' -> DROPPED @ ontology_concepts (dropped_ontology_score: 0.00 < 0.65)
2026-08-13 13:04:52,302 [INFO] [SCREENED] 'Untitled' -> DROPPED @ ontology_concepts (dropped_ontology_score: 0.00 < 0.65)
2026-08-13 13:04:52,315 [INFO] Pipeline execution finished. Generating observability exports...
2026-08-13 13:04:52,315 [INFO] 
=== 📉 PIPELINE ECONOMICS & STAGE FUNNEL 📉 ===
2026-08-13 13:04:52,315 [INFO] [DEDUPE_HASH] Entered: 2751 | Passed: 2684 | Rejected: 67 | CPU: 23555.533999999923ms | Net: 0.0ms | API: 0
2026-08-13 13:04:52,315 [INFO]     Drop Reasons: {'dropped_hash_duplicate': 67}
2026-08-13 13:04:52,315 [INFO] [DEDUPE_ISSUER_MEMORY] Entered: 2684 | Passed: 2684 | Rejected: 0 | CPU: 3.565999999999792ms | Net: 0.0ms | API: 0
2026-08-13 13:04:52,315 [INFO] [EXCLUDE_GLOBAL_KEYWORDS] Entered: 2684 | Passed: 2677 | Rejected: 7 | CPU: 1634.4470000000006ms | Net: 0.0ms | API: 0
2026-08-13 13:04:52,315 [INFO]     Drop Reasons: {'dropped_global_keyword: Form 4': 5, 'dropped_global_keyword: Schedule 13G': 2}
2026-08-13 13:04:52,315 [INFO] [EXCLUDE_ISSUER_FEED] Entered: 2677 | Passed: 2677 | Rejected: 0 | CPU: 5.1919999999998145ms | Net: 0.0ms | API: 0
2026-08-13 13:04:52,315 [INFO] [ONTOLOGY_CONCEPTS] Entered: 2677 | Passed: 713 | Rejected: 1964 | CPU: 27727.548999999995ms | Net: 0.0ms | API: 0
2026-08-13 13:04:52,315 [INFO]     Drop Reasons: {'dropped_ontology_score: 0.00 < 0.65': 1964}
2026-08-13 13:04:52,316 [INFO] [ONTOLOGY_STATUS] Entered: 713 | Passed: 713 | Rejected: 0 | CPU: 0.6120000000000004ms | Net: 0.0ms | API: 0
2026-08-13 13:04:52,316 [INFO] [DOCUMENT_SCORING] Entered: 713 | Passed: 713 | Rejected: 0 | CPU: 0.3990000000000003ms | Net: 0.0ms | API: 0
2026-08-13 13:04:52,316 [INFO] [REGEX_RULES] Entered: 713 | Passed: 713 | Rejected: 0 | CPU: 27.218ms | Net: 0.0ms | API: 0
2026-08-13 13:04:52,316 [INFO] [PYTHON_ISSUER_EXTRACTION] Entered: 713 | Passed: 713 | Rejected: 0 | CPU: 49.56899999999988ms | Net: 0.0ms | API: 0
2026-08-13 13:04:52,316 [INFO] [PYTHON_TICKER_LOOKUP] Entered: 713 | Passed: 713 | Rejected: 0 | CPU: 310.20899999999995ms | Net: 0.0ms | API: 0
2026-08-13 13:04:52,316 [INFO] [AI_TICKER_RESOLUTION] Entered: 211 | Passed: 211 | Rejected: 0 | CPU: 0.5610000000000004ms | Net: 0.0ms | API: 0
2026-08-13 13:04:52,316 [INFO] [ENTITY_CONFIDENCE] Entered: 211 | Passed: 211 | Rejected: 0 | CPU: 0.024000000000000014ms | Net: 0.0ms | API: 0
2026-08-13 13:04:52,316 [INFO] [TRADEABILITY_CHECK] Entered: 211 | Passed: 211 | Rejected: 0 | CPU: 1.2889999999999993ms | Net: 0.0ms | API: 0
2026-08-13 13:04:52,316 [INFO] [LIQUIDITY_CHECK] Entered: 211 | Passed: 211 | Rejected: 0 | CPU: 0.21100000000000016ms | Net: 0.0ms | API: 0
2026-08-13 13:04:52,316 [INFO] [FINANCIAL_MARKET_CAP] Entered: 211 | Passed: 211 | Rejected: 0 | CPU: 0.001ms | Net: 0.0ms | API: 0
2026-08-13 13:04:52,316 [INFO] [AI_EVENT_CLASSIFICATION] Entered: 211 | Passed: 211 | Rejected: 0 | CPU: 11973926.173999999ms | Net: 0.0ms | API: 0
2026-08-13 13:04:52,316 [INFO] [AI_CONFIDENCE_GATE] Entered: 211 | Passed: 0 | Rejected: 211 | CPU: 3.7109999999999936ms | Net: 0.0ms | API: 0
2026-08-13 13:04:52,316 [INFO]     Drop Reasons: {'dropped_ai_confidence (scored 0.00 < 0.75)': 211}
2026-08-13 13:04:52,316 [INFO] ===============================================

2026-08-13 13:04:54,369 [INFO] Dumping Ledger to archive_data.json...
2026-08-13 13:04:56,389 [INFO] Exporting article screening log...
2026-08-13 13:04:56,389 [ERROR] Frontend Data & HTML Export failed: name 'export_screening_log' is not defined

[ERROR] Failed to fetch 'AI Prompts' after 3 attempts: APIError: [429]: Quota exceeded for quota metric 'Read requests' and limit 'Read requests per minute per user' of service 'sheets.googleapis.com' for consumer 'project_number:321503003852'.
[ERROR] Failed to fetch 'AI Configs' after 3 attempts: HTTPSConnectionPool(host='sheets.googleapis.com', port=443): Read timed out. (read timeout=None)
[ERROR] Failed to fetch 'AI Configs' after 3 attempts: APIError: [429]: Quota exceeded for quota metric 'Read requests' and limit 'Read requests per minute per user' of service 'sheets.googleapis.com' for consumer 'project_number:321503003852'.
[ERROR] Failed to fetch 'AI Prompts' after 3 attempts: APIError: [429]: Quota exceeded for quota metric 'Read requests' and limit 'Read requests per minute per user' of service 'sheets.googleapis.com' for consumer 'project_number:321503003852'.
[ERROR] Failed to fetch 'AI Configs' after 3 attempts: APIError: [429]: Quota exceeded for quota metric 'Read requests' and limit 'Read requests per minute per user' of service 'sheets.googleapis.com' for consumer 'project_number:321503003852'.
[ERROR] Failed to fetch 'AI Prompts' after 3 attempts: APIError: [429]: Quota exceeded for quota metric 'Read requests' and limit 'Read requests per minute per user' of service 'sheets.googleapis.com' for consumer 'project_number:321503003852'.
 [WARNING] Email credentials not configured. Skipping alert dispatch.
[EXPORT] Successfully wrote 1000 Decision Manifests to docs/archive_data.json
